cip_code,destinations,link,eloundou_beta,felten_aioe
01.0000,5,nces_crosswalk,0.4278839310178692,0.7418920994364127
01.0101,3,nces_crosswalk,0.34286921776548335,-0.17530531599815585
01.0102,2,nces_crosswalk,0.4508214440121055,0.3756970440985733
01.0103,3,nces_crosswalk,0.5144428344062522,1.2268717873007577
01.0104,4,nces_crosswalk,0.3466602067183463,-0.010314556705426404
01.0105,3,nces_crosswalk,0.5835623950878525,0.8042239072500955
01.0106,2,nces_crosswalk,0.5197162399181072,1.038688
01.0199,3,nces_crosswalk,0.34286921776548335,-0.17530531599815585
01.0201,2,nces_crosswalk,0.21094250908313741,-0.8330537097670442
01.0204,3,nces_crosswalk,0.13109310665427015,-0.9511957641120999
01.0205,3,nces_crosswalk,0.11697225108380209,-0.9722175926735874
01.0207,2,nces_crosswalk,0.41100802737202263,-0.1789674500921174
01.0299,2,nces_crosswalk,0.21094250908313741,-0.8330537097670442
01.0301,3,nces_crosswalk,0.34286921776548335,-0.17530531599815585
01.0302,5,nces_crosswalk,0.3416139240506329,-0.036295852748913705
01.0303,3,nces_crosswalk,0.34286921776548335,-0.17530531599815585
01.0304,4,nces_crosswalk,0.3466602067183463,-0.010314556705426404
01.0306,3,nces_crosswalk,0.31461262105592,-0.17019386471415188
01.0307,5,nces_crosswalk,0.3416139240506329,-0.036295852748913705
01.0308,6,nces_crosswalk,0.3968056353526439,0.06981629700854698
01.0310,6,nces_crosswalk,0.2178262068887069,-0.5229257585835836
01.0399,3,nces_crosswalk,0.34286921776548335,-0.17530531599815585
01.0401,4,nces_crosswalk,0.32870314159963576,-0.08207519323454868
01.0504,2,nces_crosswalk,0.3089506158111481,-0.5742037869219463
01.0505,2,nces_crosswalk,0.21458440250137806,-0.3783402175153486
01.0507,2,nces_crosswalk,0.21458440250137806,-0.3783402175153486
01.0508,1,nces_crosswalk,,
01.0509,2,nces_crosswalk,0.3089506158111481,-0.5742037869219463
01.0599,1,nces_crosswalk,,
01.0601,5,nces_crosswalk,0.08305809151397388,-1.6237767007642
01.0603,4,nces_crosswalk,0.08093648607563535,-1.6423602339746273
01.0604,5,nces_crosswalk,0.08595877600741017,-1.6134971026500293
01.0605,4,nces_crosswalk,0.07843292473709583,-1.6327519424953323
01.0606,7,nces_crosswalk,0.08492018559482435,-1.5936375916034418
01.0607,4,nces_crosswalk,0.07843292473709583,-1.6327519424953323
01.0608,1,nces_crosswalk,0.5,0.0191826
01.0609,2,nces_crosswalk,0.37402626811594203,0.41672003274456515
01.0610,2,nces_crosswalk,0.37402626811594203,0.41672003274456515
01.0699,1,nces_crosswalk,,
01.0701,2,nces_crosswalk,0.4085882270595646,0.7782507720655142
01.0801,1,nces_crosswalk,0.36666666666666664,0.8604031
01.0802,2,nces_crosswalk,0.5427168243609288,-0.0117747
01.0899,1,nces_crosswalk,,
01.0901,6,nces_crosswalk,0.3618648264833644,0.04928663023765993
01.0902,4,nces_crosswalk,0.43065320368985294,0.6018687996260284
01.0903,3,nces_crosswalk,0.459053275737941,0.4871197742980562
01.0904,4,nces_crosswalk,0.43065320368985294,0.6018687996260284
01.0905,6,nces_crosswalk,0.3618648264833644,0.04928663023765993
01.0906,4,nces_crosswalk,0.3466602067183463,-0.010314556705426404
01.0907,6,nces_crosswalk,0.3618648264833644,0.04928663023765993
01.0999,5,nces_crosswalk,0.35535039609993907,0.04928663023765993
01.1001,3,nces_crosswalk,0.3827096563906296,0.7782507720655142
01.1002,2,nces_crosswalk,0.3448850047277379,0.7943575
01.1003,4,nces_crosswalk,0.1301901827647214,-0.4528296591892765
01.1004,6,nces_crosswalk,0.25797914497544044,-0.3300568402510017
01.1005,4,nces_crosswalk,0.1301901827647214,-0.4528296591892765
01.1099,3,nces_crosswalk,0.3827096563906296,0.7782507720655142
01.1101,6,nces_crosswalk,0.37948974699293037,0.13976271620377245
01.1102,6,nces_crosswalk,0.37948974699293037,0.13976271620377245
01.1103,4,nces_crosswalk,0.44550089840920426,0.5793298630937262
01.1104,2,nces_crosswalk,0.48818270603260466,0.6764339889655172
01.1105,4,nces_crosswalk,0.44550089840920426,0.5793298630937262
01.1106,7,nces_crosswalk,0.4432003418477539,0.42527039326565624
01.1199,2,nces_crosswalk,0.48818270603260466,0.6764339889655172
01.1201,3,nces_crosswalk,0.4490964773848761,0.6764339889655172
01.1202,2,nces_crosswalk,0.48818270603260466,0.6764339889655172
01.1203,3,nces_crosswalk,0.4467634317370496,0.6847463465473732
01.1299,2,nces_crosswalk,0.48818270603260466,0.6764339889655172
01.1302,1,nces_crosswalk,,
01.1399,1,nces_crosswalk,0.3854166666666667,
01.8001,2,nces_crosswalk,0.4244704662119902,0.6498940589179801
01.8101,2,nces_crosswalk,0.4244704662119902,0.6498940589179801
01.8102,2,nces_crosswalk,0.4244704662119902,0.6498940589179801
01.8103,3,nces_crosswalk,0.42523000023976715,0.6538306671424401
01.8104,2,nces_crosswalk,0.4244704662119902,0.6498940589179801
01.8105,3,nces_crosswalk,0.42523000023976715,0.6538306671424401
01.8106,3,nces_crosswalk,0.42523000023976715,0.6538306671424401
01.8107,3,nces_crosswalk,0.42523000023976715,0.6538306671424401
01.8108,3,nces_crosswalk,0.42523000023976715,0.6538306671424401
01.8109,3,nces_crosswalk,0.42523000023976715,0.6538306671424401
01.8110,3,nces_crosswalk,0.42523000023976715,0.6538306671424401
01.8111,3,nces_crosswalk,0.42523000023976715,0.6538306671424401
01.8199,3,nces_crosswalk,0.42523000023976715,0.6538306671424401
01.8201,3,nces_crosswalk,0.5353127872368847,1.140413835546193
01.8202,4,nces_crosswalk,0.46559858256689324,0.7691373684715664
01.8203,2,nces_crosswalk,0.4996513470916764,1.0287975888293295
01.8204,2,nces_crosswalk,0.5648510105835465,1.1105770973735454
01.8299,1,nces_crosswalk,,
01.8301,3,nces_crosswalk,0.3223927138536361,0.1256012155013732
01.8399,2,nces_crosswalk,0.18752275133876986,-0.565891575934616
01.9999,1,nces_crosswalk,,
03.0101,4,nces_crosswalk,0.39133620003185215,0.04706836319261214
03.0103,3,nces_crosswalk,0.5171368449976291,0.7615633307245473
03.0104,5,nces_crosswalk,0.5042327229847526,0.7615633307245473
03.0199,1,nces_crosswalk,,
03.0201,3,nces_crosswalk,0.41877207225492186,0.04706836319261214
03.0204,4,nces_crosswalk,0.5000595529383036,0.9929197668181416
03.0205,2,nces_crosswalk,0.4334933213855675,0.13494666163087005
03.0206,2,nces_crosswalk,0.4334933213855675,0.13494666163087005
03.0207,1,nces_crosswalk,0.35294117647058826,
03.0208,10,nces_crosswalk,0.3142410274202711,-0.3713254285430159
03.0209,2,nces_crosswalk,0.5171617422657783,0.7495776861857895
03.0210,1,nces_crosswalk,,
03.0299,1,nces_crosswalk,0.48000000000000004,1.260278
03.0301,2,nces_crosswalk,0.16666666666666666,-0.4791843
03.0501,6,nces_crosswalk,0.341499912649248,-0.2510435587957169
03.0502,3,nces_crosswalk,0.41877207225492186,0.04706836319261214
03.0506,3,nces_crosswalk,0.41877207225492186,0.04706836319261214
03.0508,2,nces_crosswalk,0.3927196652719665,-0.0006252108786610692
03.0509,2,nces_crosswalk,0.3927196652719665,-0.0006252108786610692
03.0510,4,nces_crosswalk,0.33384121566715425,-0.3358923652718617
03.0511,2,nces_crosswalk,0.30578193976438633,-1.064205
03.0599,4,nces_crosswalk,0.3272425020410974,-0.35810619555555556
03.0601,3,nces_crosswalk,0.41734224538348247,0.20754138256196536
03.9999,1,nces_crosswalk,0.48000000000000004,1.260278
04.0200,1,nces_crosswalk,,
04.0201,3,nces_crosswalk,0.47480133241717204,0.912893536492098
04.0202,3,nces_crosswalk,0.47480133241717204,0.912893536492098
04.0299,1,nces_crosswalk,0.4772727272727273,1.222022
04.0301,4,nces_crosswalk,0.46576160035269476,0.9113580029023844
04.0401,4,nces_crosswalk,0.4718281872236259,0.9196140836790562
04.0402,3,nces_crosswalk,0.47183346690709943,0.9148788557069393
04.0403,2,nces_crosswalk,0.47959560947429225,1.226701368765646
04.0499,1,nces_crosswalk,0.4772727272727273,1.222022
04.0501,3,nces_crosswalk,0.47183346690709943,0.9148788557069393
04.0601,3,nces_crosswalk,0.4596779834341064,0.864612647156245
04.0801,2,nces_crosswalk,0.5,1.0487627362547631
04.0802,2,nces_crosswalk,0.484304932735426,1.183932452914798
04.0803,1,nces_crosswalk,0.4772727272727273,1.222022
04.0899,1,nces_crosswalk,0.4772727272727273,1.222022
04.0901,1,nces_crosswalk,0.5357142857142857,0.9233925
04.0902,3,nces_crosswalk,0.4857348532490244,0.8729581631188567
04.0999,2,nces_crosswalk,0.5316747884072839,0.944033856822262
04.1001,6,nces_crosswalk,0.44437523119322864,1.0972878093481038
04.9999,1,nces_crosswalk,,
05.0101,1,nces_crosswalk,0.5,1.308699
05.0102,1,nces_crosswalk,0.5,1.308699
05.0103,1,nces_crosswalk,0.5,1.308699
05.0104,1,nces_crosswalk,0.5,1.308699
05.0105,1,nces_crosswalk,0.5,1.308699
05.0106,1,nces_crosswalk,0.5,1.308699
05.0107,1,nces_crosswalk,0.5,1.308699
05.0108,1,nces_crosswalk,0.5,1.308699
05.0109,1,nces_crosswalk,0.5,1.308699
05.0110,1,nces_crosswalk,0.5,1.308699
05.0111,1,nces_crosswalk,0.5,1.308699
05.0112,1,nces_crosswalk,0.5,1.308699
05.0113,1,nces_crosswalk,0.5,1.308699
05.0114,1,nces_crosswalk,0.5,1.308699
05.0115,1,nces_crosswalk,0.5,1.308699
05.0116,1,nces_crosswalk,0.5,1.308699
05.0117,1,nces_crosswalk,0.5,1.308699
05.0118,1,nces_crosswalk,0.5,1.308699
05.0119,1,nces_crosswalk,0.5,1.308699
05.0120,1,nces_crosswalk,0.5,1.308699
05.0121,1,nces_crosswalk,0.5,1.308699
05.0122,1,nces_crosswalk,0.5,1.308699
05.0123,1,nces_crosswalk,0.5,1.308699
05.0124,1,nces_crosswalk,0.5,1.308699
05.0125,1,nces_crosswalk,0.5,1.308699
05.0126,1,nces_crosswalk,0.5,1.308699
05.0127,1,nces_crosswalk,0.5,1.308699
05.0128,1,nces_crosswalk,0.5,1.308699
05.0129,1,nces_crosswalk,0.5,1.308699
05.0130,1,nces_crosswalk,0.5,1.308699
05.0131,1,nces_crosswalk,0.5,1.308699
05.0132,1,nces_crosswalk,0.5,1.308699
05.0133,1,nces_crosswalk,0.5,1.308699
05.0134,1,nces_crosswalk,0.5,1.308699
05.0135,1,nces_crosswalk,0.5,1.308699
05.0136,1,nces_crosswalk,0.5,1.308699
05.0199,1,nces_crosswalk,0.5,1.308699
05.0200,1,nces_crosswalk,0.5,1.308699
05.0201,1,nces_crosswalk,0.5,1.308699
05.0202,1,nces_crosswalk,0.5,1.308699
05.0203,1,nces_crosswalk,0.5,1.308699
05.0206,1,nces_crosswalk,0.5,1.308699
05.0207,1,nces_crosswalk,0.5,1.308699
05.0208,1,nces_crosswalk,0.5,1.308699
05.0209,1,nces_crosswalk,0.5,1.308699
05.0210,1,nces_crosswalk,0.5,1.308699
05.0211,2,nces_crosswalk,0.8141618389780154,1.1465209255050504
05.0212,1,nces_crosswalk,0.5,1.308699
05.0299,1,nces_crosswalk,0.5,1.308699
05.9999,1,nces_crosswalk,0.5,1.308699
09.0100,9,nces_crosswalk,0.5926872926119107,1.2152809213353628
09.0101,6,nces_crosswalk,0.6027872607924744,1.2282467258599925
09.0102,5,nces_crosswalk,0.6369852579071077,1.1265859848920436
09.0199,1,nces_crosswalk,,
09.0401,5,nces_crosswalk,0.6744019821411862,1.1308536442204686
09.0402,5,nces_crosswalk,0.6680965225076132,1.0956416762520362
09.0404,3,nces_crosswalk,0.504570547430795,0.21381982709060357
09.0405,2,nces_crosswalk,0.55779531597242,1.347435
09.0406,2,nces_crosswalk,0.55779531597242,1.347435
09.0407,2,nces_crosswalk,0.55779531597242,1.347435
09.0499,2,nces_crosswalk,0.55779531597242,1.347435
09.0701,5,nces_crosswalk,0.5123645258828183,0.9904206640867861
09.0702,4,nces_crosswalk,0.5300082790954482,0.9819681506852257
09.0799,1,nces_crosswalk,,
09.0900,6,nces_crosswalk,0.5485692661165348,1.278950123576834
09.0901,3,nces_crosswalk,0.5256826432394857,1.2411254110259833
09.0902,6,nces_crosswalk,0.5485692661165348,1.278950123576834
09.0903,2,nces_crosswalk,0.4482341851279116,1.325054560620947
09.0904,5,nces_crosswalk,0.5582338259802693,1.2781681545866366
09.0905,4,nces_crosswalk,0.5273883424214282,1.025759770519141
09.0906,6,nces_crosswalk,0.5818183478882132,1.255667395626839
09.0907,4,nces_crosswalk,0.5733808956379154,1.290806109207161
09.0908,3,nces_crosswalk,0.6217206396758749,1.182162935538083
09.0909,2,nces_crosswalk,0.55426821221186,
09.0999,1,nces_crosswalk,,
09.1001,1,nces_crosswalk,0.6428571428571429,1.128221
09.9999,3,nces_crosswalk,0.6724778218065514,1.1265859848920436
10.0105,4,nces_crosswalk,0.48437649307214525,0.5684272275083612
10.0201,2,nces_crosswalk,0.4460351691019144,-0.0117747
10.0202,4,nces_crosswalk,0.4429020344693534,0.2664604440310532
10.0203,3,nces_crosswalk,0.4916059410817035,0.06410859578682032
10.0204,1,nces_crosswalk,0.9642857142857143,
10.0299,3,nces_crosswalk,0.4802713490552219,0.2664604440310532
10.0301,1,nces_crosswalk,0.44,0.4107972999999999
10.0302,2,nces_crosswalk,0.34224214365155314,-0.550523020071386
10.0303,2,nces_crosswalk,0.4645045155490172,0.40253959312247145
10.0304,1,nces_crosswalk,0.5357142857142857,0.7058651
10.0305,3,nces_crosswalk,0.553665235950356,-0.17970535377058067
10.0306,1,nces_crosswalk,0.44,0.4107972999999999
10.0307,2,nces_crosswalk,0.34224214365155314,-0.550523020071386
10.0308,2,nces_crosswalk,0.4645045155490172,0.40253959312247145
10.0399,3,nces_crosswalk,0.33230065973552886,-0.5544453785840204
10.9999,1,nces_crosswalk,,
11.0101,11,nces_crosswalk,0.6664197905300839,1.0708040360456057
11.0102,4,nces_crosswalk,0.834454209581918,1.277778
11.0103,9,nces_crosswalk,0.7387422914510712,1.059853
11.0104,4,nces_crosswalk,0.8572198718676555,
11.0105,1,nces_crosswalk,0.7592592592592593,
11.0199,2,nces_crosswalk,0.5511832691249312,1.277778
11.0201,7,nces_crosswalk,0.8474757552435003,1.277778
11.0202,3,nces_crosswalk,0.871666132689669,
11.0203,3,nces_crosswalk,0.871666132689669,
11.0204,3,nces_crosswalk,0.871666132689669,
11.0205,3,nces_crosswalk,0.871666132689669,
11.0299,1,nces_crosswalk,0.9411764705882353,
11.0301,1,nces_crosswalk,0.7372093023255814,
11.0401,7,nces_crosswalk,0.7640306941039036,1.0708040360456057
11.0501,6,nces_crosswalk,0.6825801742651796,1.277778
11.0601,1,nces_crosswalk,0.8333333333333334,0.3108081
11.0602,1,nces_crosswalk,0.75,0.6219606
11.0699,1,nces_crosswalk,,
11.0701,13,nces_crosswalk,0.7599106644503327,1.0708040360456057
11.0801,5,nces_crosswalk,0.6170854946013886,0.5248199186405953
11.0802,5,nces_crosswalk,0.6084256150776634,0.9293168925485547
11.0803,3,nces_crosswalk,0.6006747306389711,0.5132296375873565
11.0804,6,nces_crosswalk,0.8362700299710021,1.0718068437691615
11.0899,1,nces_crosswalk,,
11.0901,6,nces_crosswalk,0.5893916036155513,1.0708040360456057
11.0902,7,nces_crosswalk,0.8287731730592315,1.277778
11.0999,1,nces_crosswalk,,
11.1001,5,nces_crosswalk,0.601230155311363,1.059853
11.1002,3,nces_crosswalk,0.5627682077165669,1.059853
11.1003,7,nces_crosswalk,0.6279408609045157,1.059853
11.1004,2,nces_crosswalk,0.8249572918302063,
11.1005,5,nces_crosswalk,0.5655353758474958,1.0140508332389615
11.1006,2,nces_crosswalk,0.6006694451770056,
11.1099,1,nces_crosswalk,,
11.9999,1,nces_crosswalk,,
12.0301,3,nces_crosswalk,0.23658247347058534,-0.2629385832700931
12.0302,2,nces_crosswalk,0.25633870103236933,-0.1903759
12.0303,2,nces_crosswalk,0.03984918143081409,-0.7311451
12.0399,3,nces_crosswalk,0.24115108926328557,-0.1903759
12.0401,5,nces_crosswalk,0.0916220561566338,-0.42646985596552095
12.0402,1,nces_crosswalk,0.175,-0.7294621
12.0404,1,nces_crosswalk,0.06521739130434782,-0.6824517
12.0406,2,nces_crosswalk,0.06725404543305363,-0.6807589855510469
12.0407,2,nces_crosswalk,0.07035205854401849,-0.684650434058807
12.0408,1,nces_crosswalk,0.19444444444444445,-0.2628396
12.0409,1,nces_crosswalk,0.19444444444444445,-0.2628396
12.0410,1,nces_crosswalk,0.08333333333333333,0.0335124
12.0411,2,nces_crosswalk,0.06725404543305363,-0.6807589855510469
12.0412,4,nces_crosswalk,0.17416331708608293,-0.684650434058807
12.0413,2,nces_crosswalk,0.07035205854401849,-0.684650434058807
12.0414,1,nces_crosswalk,0.19444444444444445,-0.2628396
12.0499,1,nces_crosswalk,0.06521739130434782,-0.6824517
12.0500,5,nces_crosswalk,0.28039656208581126,-0.5176870001407968
12.0501,2,nces_crosswalk,0.27049912819214117,-0.3313473452961672
12.0502,1,nces_crosswalk,0.2,-0.6159883
12.0503,5,nces_crosswalk,0.2965495611657586,-0.4993676999989415
12.0504,4,nces_crosswalk,0.46093634296134883,-0.2395784830473716
12.0505,3,nces_crosswalk,0.17660567475974812,-0.6364561262128237
12.0506,2,nces_crosswalk,0.11017701973705461,-1.263724778234325
12.0507,1,nces_crosswalk,0.5,-0.2575492
12.0508,1,nces_crosswalk,0.17647058823529413,-0.6360813
12.0509,5,nces_crosswalk,0.35234975199097185,-0.1596555847850641
12.0510,2,nces_crosswalk,0.4517857142857143,0.34875730000000005
12.0599,1,nces_crosswalk,,
12.0601,3,nces_crosswalk,0.4450695850798285,0.532132346137787
12.0602,2,nces_crosswalk,0.21553532439176543,0.060583200000000004
12.0699,1,nces_crosswalk,,
12.9999,1,nces_crosswalk,0.4375,0.8558319999999999
13.0101,3,nces_crosswalk,0.37083333333333335,1.192988
13.0201,8,nces_crosswalk,0.3102109040080662,0.936212447132268
13.0202,3,nces_crosswalk,0.4529689728958631,1.2915024892653233
13.0203,2,nces_crosswalk,0.4791666666666667,1.2792278131943648
13.0299,2,nces_crosswalk,0.4529689728958631,1.2522806383737517
13.0301,2,nces_crosswalk,0.521915895676681,1.2789076365778438
13.0401,4,nces_crosswalk,0.44155760861430626,1.081102691737637
13.0402,1,nces_crosswalk,,0.3541265
13.0403,2,nces_crosswalk,0.5,0.7873572310040705
13.0404,4,nces_crosswalk,0.44155760861430626,1.081102691737637
13.0406,2,nces_crosswalk,0.4655172413793103,1.2021076144949066
13.0407,1,nces_crosswalk,0.4655172413793103,1.461149
13.0408,1,nces_crosswalk,0.421875,1.048811
13.0409,1,nces_crosswalk,0.421875,1.048811
13.0410,1,nces_crosswalk,,0.3541265
13.0411,3,nces_crosswalk,0.4308011347589858,0.9310612206750961
13.0412,4,nces_crosswalk,0.44155760861430626,1.081102691737637
13.0413,1,nces_crosswalk,,0.3541265
13.0414,2,nces_crosswalk,0.4308011347589858,1.0101836146421552
13.0499,1,nces_crosswalk,,0.3541265
13.0501,3,nces_crosswalk,0.5426500782663496,1.232751274669854
13.0601,3,nces_crosswalk,0.4176017827262294,1.413910303650837
13.0603,4,nces_crosswalk,0.42604845000076846,1.4130272534430963
13.0604,4,nces_crosswalk,0.42604845000076846,1.4130272534430963
13.0607,5,nces_crosswalk,0.4970947400432604,1.257409001164543
13.0608,3,nces_crosswalk,0.4205240195887908,1.430822952308679
13.0699,4,nces_crosswalk,0.42604845000076846,1.4130272534430963
13.0701,1,nces_crosswalk,,
13.0901,1,nces_crosswalk,0.4791666666666667,1.192988
13.1001,7,nces_crosswalk,0.2971302959182246,-0.18028961250000003
13.1003,7,nces_crosswalk,0.3655974231642178,0.40188479760173157
13.1004,1,nces_crosswalk,,
13.1005,7,nces_crosswalk,0.3231533822164143,0.49192795544379164
13.1006,7,nces_crosswalk,0.3231533822164143,0.49192795544379164
13.1007,7,nces_crosswalk,0.3231533822164143,0.49192795544379164
13.1008,7,nces_crosswalk,0.3231533822164143,0.49192795544379164
13.1009,7,nces_crosswalk,0.3231533822164143,0.49192795544379164
13.1011,7,nces_crosswalk,0.3231533822164143,0.49192795544379164
13.1012,7,nces_crosswalk,0.3231533822164143,0.49192795544379164
13.1013,7,nces_crosswalk,0.3231533822164143,0.49192795544379164
13.1014,7,nces_crosswalk,0.3231533822164143,0.49192795544379164
13.1015,2,nces_crosswalk,0.3861607691929255,0.9258066681868495
13.1016,7,nces_crosswalk,0.3231533822164143,0.49192795544379164
13.1017,3,nces_crosswalk,0.34861111111111115,1.192988
13.1018,2,nces_crosswalk,0.3698500822491401,1.192988
13.1019,2,nces_crosswalk,0.3484904268256511,1.192988
13.1099,2,nces_crosswalk,0.4776747396932602,0.5283238988919374
13.1101,1,nces_crosswalk,0.3088235294117647,0.9739287
13.1102,2,nces_crosswalk,0.294217304334476,0.8773183592599356
13.1199,2,nces_crosswalk,0.294217304334476,0.8773183592599356
13.1201,3,nces_crosswalk,0.4701412716055349,0.9355421751679313
13.1202,2,nces_crosswalk,0.31004151628329046,0.8997948696464305
13.1203,3,nces_crosswalk,0.34369173765358113,1.225162183422769
13.1205,2,nces_crosswalk,0.33628444778456656,1.1914148372082696
13.1206,6,nces_crosswalk,0.30920807559396213,0.920179605604795
13.1207,7,nces_crosswalk,0.30920807559396213,0.9321979956240419
13.1208,7,nces_crosswalk,0.30920807559396213,0.9321979956240419
13.1209,3,nces_crosswalk,0.24637863820492023,0.19570484570842583
13.1210,6,nces_crosswalk,0.2918748738300833,0.6668770904839287
13.1211,7,nces_crosswalk,0.3294481321717204,1.0323760250777843
13.1212,5,nces_crosswalk,0.3063843604801096,0.9156471298906959
13.1213,4,nces_crosswalk,0.3255047381301713,1.0753556220056022
13.1214,1,nces_crosswalk,0.4791666666666667,1.192988
13.1299,1,nces_crosswalk,,
13.1301,5,nces_crosswalk,0.42686094447286344,0.4747485055966682
13.1302,4,nces_crosswalk,0.34891656257951326,1.201418081363708
13.1303,5,nces_crosswalk,0.4364955208293225,0.6546973068192433
13.1304,3,nces_crosswalk,0.33628444778456656,1.2037053983126718
13.1305,4,nces_crosswalk,0.35014778957933534,1.2313273077584055
13.1306,4,nces_crosswalk,0.3458960870399373,1.2263856729144489
13.1307,3,nces_crosswalk,0.34369173765358113,1.225162183422769
13.1308,6,nces_crosswalk,0.3431820029594912,1.168251274142202
13.1309,6,nces_crosswalk,0.3519018517965123,1.1104605343152982
13.1310,5,nces_crosswalk,0.4364955208293225,0.6546973068192433
13.1311,4,nces_crosswalk,0.3489528954560417,1.228178798227227
13.1312,4,nces_crosswalk,0.34891656257951326,1.201418081363708
13.1314,6,nces_crosswalk,0.2978012648491439,0.6440667053942266
13.1315,3,nces_crosswalk,0.34369173765358113,1.225162183422769
13.1316,10,nces_crosswalk,0.3505013974069973,1.2237658424871527
13.1317,3,nces_crosswalk,0.34369173765358113,1.225162183422769
13.1318,2,nces_crosswalk,0.338801842719821,1.2263234933246305
13.1319,4,nces_crosswalk,0.4247094410751057,0.46651420704415786
13.1320,4,nces_crosswalk,0.4247094410751057,0.46651420704415786
13.1321,4,nces_crosswalk,0.34680454974379776,1.2262100048719977
13.1322,4,nces_crosswalk,0.3470242300815884,1.2252324485448027
13.1323,4,nces_crosswalk,0.3446519814801483,1.2263928659030299
13.1324,4,nces_crosswalk,0.34891656257951326,1.201418081363708
13.1325,4,nces_crosswalk,0.3458960870399373,1.2263856729144489
13.1326,4,nces_crosswalk,0.3458960870399373,1.2263856729144489
13.1327,5,nces_crosswalk,0.3939270985995801,0.9884325317339634
13.1328,4,nces_crosswalk,0.3451429265173762,1.2274227049611313
13.1329,3,nces_crosswalk,0.3372081380088313,1.1897230548576545
13.1330,4,nces_crosswalk,0.3458960870399373,1.2263856729144489
13.1331,3,nces_crosswalk,0.34369173765358113,1.225162183422769
13.1332,4,nces_crosswalk,0.34395119286468256,1.2253406062499286
13.1333,3,nces_crosswalk,0.34114169918757764,1.2275771248526504
13.1334,1,nces_crosswalk,0.5333333333333333,
13.1335,2,nces_crosswalk,0.33328059190458714,1.1966660670527856
13.1337,4,nces_crosswalk,0.3444645417525117,1.2256188036309175
13.1338,4,nces_crosswalk,0.3255047381301713,1.0753556220056022
13.1339,4,nces_crosswalk,0.3255047381301713,1.0753556220056022
13.1399,2,nces_crosswalk,0.4791666666666667,1.2792278131943648
13.1401,6,nces_crosswalk,0.3074321660786804,0.9200180672310169
13.1402,6,nces_crosswalk,0.3074321660786804,0.9200180672310169
13.1499,6,nces_crosswalk,0.3074321660786804,0.9200180672310169
13.1501,3,nces_crosswalk,0.31666666666666665,
13.1502,2,nces_crosswalk,0.41025641025641024,1.348951
13.1599,5,nces_crosswalk,0.38400146234826266,
13.9999,2,nces_crosswalk,0.4791666666666667,1.2792278131943648
14.0101,3,nces_crosswalk,0.49045798669782004,0.8685729673420164
14.0102,1,nces_crosswalk,,
14.0103,1,nces_crosswalk,0.5279329608938548,0.787566
14.0201,3,nces_crosswalk,0.48629635835567475,1.003582770594687
14.0202,4,nces_crosswalk,0.47983010328306636,0.9832287172360981
14.0299,4,nces_crosswalk,0.47451964171862177,0.9397561794882877
14.0301,3,nces_crosswalk,0.46807196562835657,0.9166164832181978
14.0401,4,nces_crosswalk,0.4902175734902112,0.875017574378404
14.0501,3,nces_crosswalk,0.4791847118059223,0.9223434802014013
14.0601,4,nces_crosswalk,0.4684191034841559,0.9549260052567597
14.0701,3,nces_crosswalk,0.46779071514423076,0.9482670744318181
14.0702,5,nces_crosswalk,0.4947326509191584,0.896345453450942
14.0799,3,nces_crosswalk,0.46779071514423076,0.9482670744318181
14.0801,3,nces_crosswalk,0.47861038071451134,1.1309576458456005
14.0802,7,nces_crosswalk,0.4914170287092664,1.0820392735643611
14.0803,3,nces_crosswalk,0.47861038071451134,1.1309576458456005
14.0804,3,nces_crosswalk,0.47861038071451134,1.1309576458456005
14.0805,5,nces_crosswalk,0.49137036085908803,1.0764300766100539
14.0899,3,nces_crosswalk,0.47861038071451134,1.1309576458456005
14.0901,7,nces_crosswalk,0.8047994353372533,0.9677077213440494
14.0902,3,nces_crosswalk,0.519711026753792,0.9677077213440494
14.0903,5,nces_crosswalk,0.8217588497433964,0.916478173876329
14.0999,3,nces_crosswalk,0.540054956646403,0.916478173876329
14.1001,6,nces_crosswalk,0.5425726379901671,1.006875699250589
14.1003,3,nces_crosswalk,0.49045798669782004,0.8685729673420164
14.1004,4,nces_crosswalk,0.5125630970519238,0.8300942582209189
14.1099,4,nces_crosswalk,0.5200591243234811,0.9478757114782984
14.1101,4,nces_crosswalk,0.5050014176074361,0.9253707855526347
14.1201,5,nces_crosswalk,0.5059503234318119,0.978323110939454
14.1301,3,nces_crosswalk,0.49045798669782004,0.8685729673420164
14.1401,4,nces_crosswalk,0.4789520747110033,0.9728479425418332
14.1801,4,nces_crosswalk,0.4826570522203206,1.1212319157471626
14.1901,5,nces_crosswalk,0.5035513957656064,1.1001005923793374
14.2001,3,nces_crosswalk,0.4689308406030962,0.9261873586304271
14.2101,3,nces_crosswalk,0.46838588616747723,0.9262950175912382
14.2201,3,nces_crosswalk,0.4667116228886078,0.9051439890058784
14.2301,3,nces_crosswalk,0.4728227765490736,0.937892158224865
14.2401,3,nces_crosswalk,0.49045798669782004,0.8685729673420164
14.2501,3,nces_crosswalk,0.47035159194515236,0.9379552294770093
14.2701,5,nces_crosswalk,0.5501071130034835,0.9947906374913498
14.2801,3,nces_crosswalk,0.4689308406030962,0.9261873586304271
14.3201,4,nces_crosswalk,0.4684191034841559,0.9549260052567597
14.3301,5,nces_crosswalk,0.49092348579907186,1.1311255962489817
14.3401,3,nces_crosswalk,0.49045798669782004,0.8685729673420164
14.3501,4,nces_crosswalk,0.4879865962255128,0.8941903947072845
14.3601,5,nces_crosswalk,0.5158487847395473,1.0780179075814287
14.3701,3,nces_crosswalk,0.5647422168463455,1.3619310958558277
14.3801,5,nces_crosswalk,0.4941390106093559,0.7904792733056766
14.3901,4,nces_crosswalk,0.4901944290102389,0.875486850480175
14.4001,4,nces_crosswalk,0.4890593721613414,0.8914368714393922
14.4101,5,nces_crosswalk,0.5138350942792442,0.9693401427221586
14.4201,3,nces_crosswalk,0.49045798669782004,0.8685729673420164
14.4301,4,nces_crosswalk,0.4890593721613414,0.8914368714393922
14.4401,4,nces_crosswalk,0.4890593721613414,0.8914368714393922
14.4501,4,nces_crosswalk,0.49632916655614545,0.8749430821585098
14.4701,5,nces_crosswalk,0.5289620198332172,0.9732877116708452
14.4801,3,nces_crosswalk,0.49045798669782004,0.8685729673420164
14.4802,3,nces_crosswalk,0.49045798669782004,0.8685729673420164
14.4899,3,nces_crosswalk,0.49045798669782004,0.8685729673420164
14.9999,4,nces_crosswalk,0.48969758349940645,0.8747868772732484
15.0000,4,nces_crosswalk,0.46140174081628527,0.509394735920189
15.0001,3,nces_crosswalk,0.34921565683342126,0.35136660967421535
15.0101,3,nces_crosswalk,0.4682862734658331,0.7377668657850528
15.0201,2,nces_crosswalk,0.5576623461639173,0.8775000259230165
15.0303,6,nces_crosswalk,0.4062040250228382,0.23664946002366566
15.0304,1,nces_crosswalk,0.2391304347826087,0.1941278
15.0305,1,nces_crosswalk,0.4166666666666667,0.3515252
15.0306,2,nces_crosswalk,0.4430856553147575,0.4400775497213622
15.0307,3,nces_crosswalk,0.3574849028623738,0.24382828859060404
15.0399,1,nces_crosswalk,0.4166666666666667,0.3515252
15.0401,3,nces_crosswalk,0.2811277227121604,-0.05271190365311309
15.0403,2,nces_crosswalk,0.49556802846276526,0.34663001961722484
15.0404,3,nces_crosswalk,0.3972071596525745,-0.3040507
15.0405,1,nces_crosswalk,0.3942307692307692,-0.3040507
15.0406,2,nces_crosswalk,0.4135197608536967,0.25957275564392224
15.0407,1,nces_crosswalk,0.3942307692307692,-0.3040507
15.0499,1,nces_crosswalk,0.3942307692307692,-0.3040507
15.0501,2,nces_crosswalk,0.11775572179838531,-0.7159742569953153
15.0506,3,nces_crosswalk,0.20712256805071175,-0.40265387456639185
15.0507,2,nces_crosswalk,0.4323024393446928,0.0438054
15.0508,3,nces_crosswalk,0.25547787574773473,-0.548997797230047
15.0599,1,nces_crosswalk,0.2391304347826087,0.1941278
15.0607,1,nces_crosswalk,0.2391304347826087,0.1941278
15.0611,1,nces_crosswalk,0.2391304347826087,0.1941278
15.0612,1,nces_crosswalk,0.42727272727272725,0.6106679
15.0613,1,nces_crosswalk,0.42727272727272725,0.6106679
15.0614,2,nces_crosswalk,0.1029429445608191,-1.0224248164531442
15.0615,1,nces_crosswalk,0.2391304347826087,0.1941278
15.0616,2,nces_crosswalk,0.3648919082602628,0.10580060608262894
15.0617,1,nces_crosswalk,0.2391304347826087,0.1941278
15.0699,1,nces_crosswalk,0.42727272727272725,0.6106679
15.0701,1,nces_crosswalk,0.3333333333333333,
15.0702,1,nces_crosswalk,0.40625,-0.029339499999999998
15.0703,2,nces_crosswalk,0.3661717087612175,0.6106679
15.0704,1,nces_crosswalk,0.40384615384615385,0.0438054
15.0705,2,nces_crosswalk,0.4205223610225494,0.6106679
15.0799,1,nces_crosswalk,,
15.0801,2,nces_crosswalk,0.45413739266198283,0.7419291407494145
15.0803,3,nces_crosswalk,0.1191424177222215,-0.8240784538441834
15.0805,3,nces_crosswalk,0.4409694542576075,0.26805498722591903
15.0806,2,nces_crosswalk,0.1938333229425807,-0.10760318448586893
15.0807,2,nces_crosswalk,0.09554532215038747,-0.8646554330748002
15.0899,1,nces_crosswalk,0.3958333333333333,-0.1192367
15.0901,3,nces_crosswalk,0.17516837745550096,-0.2939204151159406
15.0903,2,nces_crosswalk,0.163897949592093,-0.2982082
15.0999,1,nces_crosswalk,0.38333333333333336,
15.1001,3,nces_crosswalk,0.4728812954984401,1.1320528150467986
15.1102,4,nces_crosswalk,0.5092986248114193,0.19511764318440297
15.1103,2,nces_crosswalk,0.29813041291984055,0.07614339243653766
15.1199,1,nces_crosswalk,,
15.1201,3,nces_crosswalk,0.6313923940604302,0.2906918053011737
15.1202,3,nces_crosswalk,0.6313923940604302,0.2906918053011737
15.1203,1,nces_crosswalk,0.2391304347826087,0.1941278
15.1204,4,nces_crosswalk,0.8529627325467977,0.1941278
15.1299,1,nces_crosswalk,0.2391304347826087,0.1941278
15.1301,4,nces_crosswalk,0.5321630446955363,0.9015510625448693
15.1302,4,nces_crosswalk,0.5321630446955363,0.9015510625448693
15.1303,1,nces_crosswalk,0.5357142857142857,0.9233925
15.1304,1,nces_crosswalk,0.5357142857142857,0.9233925
15.1305,1,nces_crosswalk,0.5833333333333334,0.910166
15.1306,1,nces_crosswalk,0.5,0.8410071
15.1307,4,nces_crosswalk,0.5321630446955363,0.9015510625448693
15.1399,1,nces_crosswalk,,
15.1401,2,nces_crosswalk,0.23531757464641176,0.19174505685240964
15.1501,5,nces_crosswalk,0.4755738030800245,0.850319502195369
15.1502,3,nces_crosswalk,0.49045798669782004,0.8685729673420164
15.1503,7,nces_crosswalk,0.48679992816131223,0.932718885404773
15.1599,1,nces_crosswalk,,
15.1601,1,nces_crosswalk,0.5279329608938548,0.787566
15.1701,2,nces_crosswalk,0.3221054052293057,0.4353587579105117
15.1702,3,nces_crosswalk,0.2277462364571102,-0.09111876662726195
15.1703,2,nces_crosswalk,0.19663009036842058,-0.19681885808501315
15.1704,2,nces_crosswalk,0.21048395237259182,0.02780094298383636
15.1705,2,nces_crosswalk,0.21532497056793734,0.01593917115966388
15.1706,1,nces_crosswalk,0.2391304347826087,0.1941278
15.1799,1,nces_crosswalk,0.2391304347826087,0.1941278
15.9999,1,nces_crosswalk,,
16.0101,3,nces_crosswalk,0.3571942004816173,1.1901522909066924
16.0102,2,nces_crosswalk,0.7879189611579783,1.172776001391014
16.0103,2,nces_crosswalk,0.7879189611579783,1.172776001391014
16.0104,1,nces_crosswalk,0.5454545454545454,1.417833
16.0105,2,nces_crosswalk,0.7879189611579783,1.172776001391014
16.0199,1,nces_crosswalk,0.5227272727272727,1.328048
16.0201,2,nces_crosswalk,0.7879189611579783,1.172776001391014
16.0300,3,nces_crosswalk,0.3571942004816173,1.1901522909066924
16.0301,3,nces_crosswalk,0.3571942004816173,1.1901522909066924
16.0302,3,nces_crosswalk,0.3571942004816173,1.1901522909066924
16.0303,3,nces_crosswalk,0.3571942004816173,1.1901522909066924
16.0304,2,nces_crosswalk,0.7879189611579783,1.172776001391014
16.0399,3,nces_crosswalk,0.3571942004816173,1.1901522909066924
16.0400,2,nces_crosswalk,0.7879189611579783,1.172776001391014
16.0401,2,nces_crosswalk,0.7879189611579783,1.172776001391014
16.0402,3,nces_crosswalk,0.3571942004816173,1.1901522909066924
16.0404,2,nces_crosswalk,0.7879189611579783,1.172776001391014
16.0405,2,nces_crosswalk,0.7879189611579783,1.172776001391014
16.0406,2,nces_crosswalk,0.7879189611579783,1.172776001391014
16.0407,2,nces_crosswalk,0.7879189611579783,1.172776001391014
16.0408,2,nces_crosswalk,0.7879189611579783,1.172776001391014
16.0409,2,nces_crosswalk,0.7879189611579783,1.172776001391014
16.0410,2,nces_crosswalk,0.7879189611579783,1.172776001391014
16.0499,2,nces_crosswalk,0.7879189611579783,1.172776001391014
16.0500,3,nces_crosswalk,0.3571942004816173,1.1901522909066924
16.0501,3,nces_crosswalk,0.3571942004816173,1.1901522909066924
16.0502,2,nces_crosswalk,0.7879189611579783,1.172776001391014
16.0503,2,nces_crosswalk,0.7879189611579783,1.172776001391014
16.0504,2,nces_crosswalk,0.7879189611579783,1.172776001391014
16.0505,2,nces_crosswalk,0.7879189611579783,1.172776001391014
16.0506,2,nces_crosswalk,0.7879189611579783,1.172776001391014
16.0599,3,nces_crosswalk,0.3571942004816173,1.1901522909066924
16.0601,2,nces_crosswalk,0.7879189611579783,1.172776001391014
16.0700,2,nces_crosswalk,0.7879189611579783,1.172776001391014
16.0701,2,nces_crosswalk,0.7879189611579783,1.172776001391014
16.0702,2,nces_crosswalk,0.7879189611579783,1.172776001391014
16.0704,2,nces_crosswalk,0.7879189611579783,1.172776001391014
16.0705,2,nces_crosswalk,0.7879189611579783,1.172776001391014
16.0706,2,nces_crosswalk,0.7879189611579783,1.172776001391014
16.0707,2,nces_crosswalk,0.7879189611579783,1.172776001391014
16.0799,2,nces_crosswalk,0.7879189611579783,1.172776001391014
16.0801,2,nces_crosswalk,0.7879189611579783,1.172776001391014
16.0900,3,nces_crosswalk,0.3571942004816173,1.1901522909066924
16.0901,3,nces_crosswalk,0.3571942004816173,1.1901522909066924
16.0902,3,nces_crosswalk,0.3571942004816173,1.1901522909066924
16.0904,2,nces_crosswalk,0.7879189611579783,1.172776001391014
16.0905,3,nces_crosswalk,0.3571942004816173,1.1901522909066924
16.0906,2,nces_crosswalk,0.7879189611579783,1.172776001391014
16.0907,2,nces_crosswalk,0.7879189611579783,1.172776001391014
16.0908,2,nces_crosswalk,0.7879189611579783,1.172776001391014
16.0999,3,nces_crosswalk,0.3571942004816173,1.1901522909066924
16.1001,3,nces_crosswalk,0.3571942004816173,1.1901522909066924
16.1100,2,nces_crosswalk,0.7879189611579783,1.172776001391014
16.1101,3,nces_crosswalk,0.3571942004816173,1.1901522909066924
16.1102,3,nces_crosswalk,0.3571942004816173,1.1901522909066924
16.1103,2,nces_crosswalk,0.7879189611579783,1.172776001391014
16.1199,2,nces_crosswalk,0.7879189611579783,1.172776001391014
16.1200,3,nces_crosswalk,0.3571942004816173,1.1901522909066924
16.1202,3,nces_crosswalk,0.3571942004816173,1.1901522909066924
16.1203,3,nces_crosswalk,0.3571942004816173,1.1901522909066924
16.1299,3,nces_crosswalk,0.3571942004816173,1.1901522909066924
16.1301,2,nces_crosswalk,0.7879189611579783,1.172776001391014
16.1400,2,nces_crosswalk,0.7879189611579783,1.172776001391014
16.1401,2,nces_crosswalk,0.7879189611579783,1.172776001391014
16.1402,2,nces_crosswalk,0.7879189611579783,1.172776001391014
16.1403,2,nces_crosswalk,0.7879189611579783,1.172776001391014
16.1404,2,nces_crosswalk,0.7879189611579783,1.172776001391014
16.1405,2,nces_crosswalk,0.7879189611579783,1.172776001391014
16.1406,2,nces_crosswalk,0.7879189611579783,1.172776001391014
16.1407,2,nces_crosswalk,0.7879189611579783,1.172776001391014
16.1408,2,nces_crosswalk,0.7879189611579783,1.172776001391014
16.1409,3,nces_crosswalk,0.3571942004816173,1.1901522909066924
16.1499,3,nces_crosswalk,0.3571942004816173,1.1901522909066924
16.1501,2,nces_crosswalk,0.7879189611579783,1.172776001391014
16.1502,2,nces_crosswalk,0.7879189611579783,1.172776001391014
16.1503,2,nces_crosswalk,0.7879189611579783,1.172776001391014
16.1504,2,nces_crosswalk,0.7879189611579783,1.172776001391014
16.1599,2,nces_crosswalk,0.7879189611579783,1.172776001391014
16.1601,3,nces_crosswalk,0.3571942004816173,1.1901522909066924
16.1602,4,nces_crosswalk,0.3571942004816173,1.1901522909066924
16.1603,1,nces_crosswalk,0.8823529411764706,1.111319
16.1699,1,nces_crosswalk,0.8823529411764706,1.111319
16.1701,1,nces_crosswalk,,
16.1801,2,nces_crosswalk,0.7879189611579783,1.172776001391014
16.9999,3,nces_crosswalk,0.3571942004816173,1.1901522909066924
19.0101,3,nces_crosswalk,0.3289736722101921,1.1888497424010405
19.0201,2,nces_crosswalk,0.41123155437749737,0.9489344424021837
19.0202,4,nces_crosswalk,0.6338626802144648,1.2347853588239943
19.0203,5,nces_crosswalk,0.4993945814726581,0.8617300668541309
19.0299,1,nces_crosswalk,0.5434782608695652,1.211652
19.0401,3,nces_crosswalk,0.49648811974012275,1.3828741953346053
19.0402,2,nces_crosswalk,0.41123155437749737,0.9489344424021837
19.0403,2,nces_crosswalk,0.41123155437749737,0.9489344424021837
19.0499,2,nces_crosswalk,0.41123155437749737,0.9489344424021837
19.0501,3,nces_crosswalk,0.5243025872018179,0.9252950864879356
19.0504,2,nces_crosswalk,0.51874051971667,1.33828690776699
19.0505,5,nces_crosswalk,0.4202153500194142,-0.26070537453178416
19.0599,2,nces_crosswalk,0.51874051971667,1.33828690776699
19.0601,2,nces_crosswalk,0.41123155437749737,0.9489344424021837
19.0604,3,nces_crosswalk,0.4638015678928941,0.6234032338216086
19.0605,1,nces_crosswalk,0.36666666666666664,0.8604031
19.0699,1,nces_crosswalk,0.5,1.12168
19.0701,1,nces_crosswalk,0.5434782608695652,1.211652
19.0702,3,nces_crosswalk,0.5013874442117995,1.3423736432100868
19.0704,2,nces_crosswalk,0.41123155437749737,0.9489344424021837
19.0706,7,nces_crosswalk,0.19456313254686594,-0.14378294407396597
19.0707,1,nces_crosswalk,0.36666666666666664,0.8604031
19.0708,2,nces_crosswalk,0.22244558213420484,0.037430702224068114
19.0709,1,nces_crosswalk,0.14772727272727273,-0.3834794
19.0710,2,nces_crosswalk,0.35,0.4652255
19.0711,4,nces_crosswalk,0.16155137208702094,-0.30362071561864645
19.0712,2,nces_crosswalk,0.36666666666666664,0.8604031
19.0799,1,nces_crosswalk,,
19.0901,2,nces_crosswalk,0.41123155437749737,0.9489344424021837
19.0902,3,nces_crosswalk,0.42209228128850557,0.5725213056680162
19.0904,4,nces_crosswalk,0.47802809561962467,1.005357030281217
19.0905,3,nces_crosswalk,0.510571508534215,1.2013774480458033
19.0906,1,nces_crosswalk,0.4,0.5801539
19.0999,1,nces_crosswalk,,
19.1001,2,nces_crosswalk,0.5434782608695652,1.211652
19.9999,1,nces_crosswalk,,
22.0000,2,nces_crosswalk,0.5,1.292055
22.0001,1,nces_crosswalk,,
22.0099,1,nces_crosswalk,,
22.0101,6,nces_crosswalk,0.43479816688582534,1.3384159986148594
22.0201,2,nces_crosswalk,0.4324579687419628,1.3294995358655237
22.0202,1,nces_crosswalk,0.4318181818181818,1.328783
22.0203,2,nces_crosswalk,0.4324579687419628,1.3294995358655237
22.0204,2,nces_crosswalk,0.4324579687419628,1.3294995358655237
22.0205,2,nces_crosswalk,0.4324579687419628,1.3294995358655237
22.0206,2,nces_crosswalk,0.4324579687419628,1.3294995358655237
22.0207,2,nces_crosswalk,0.4324579687419628,1.3294995358655237
22.0208,2,nces_crosswalk,0.4324579687419628,1.3294995358655237
22.0209,2,nces_crosswalk,0.4324579687419628,1.3294995358655237
22.0210,2,nces_crosswalk,0.4324579687419628,1.3294995358655237
22.0211,2,nces_crosswalk,0.4324579687419628,1.3294995358655237
22.0212,2,nces_crosswalk,0.4324579687419628,1.3294995358655237
22.0213,2,nces_crosswalk,0.4324579687419628,1.3294995358655237
22.0214,2,nces_crosswalk,0.4324579687419628,1.3294995358655237
22.0215,2,nces_crosswalk,0.4324579687419628,1.3294995358655237
22.0216,2,nces_crosswalk,0.4324579687419628,1.3294995358655237
22.0217,2,nces_crosswalk,0.4324579687419628,1.3294995358655237
22.0218,2,nces_crosswalk,0.4324579687419628,1.3294995358655237
22.0219,2,nces_crosswalk,0.4324579687419628,1.3294995358655237
22.0220,2,nces_crosswalk,0.4324579687419628,1.3294995358655237
22.0221,2,nces_crosswalk,0.4324579687419628,1.3294995358655237
22.0222,2,nces_crosswalk,0.4324579687419628,1.3294995358655237
22.0223,2,nces_crosswalk,0.4324579687419628,1.3294995358655237
22.0224,2,nces_crosswalk,0.4324579687419628,1.3294995358655237
22.0299,2,nces_crosswalk,0.4324579687419628,1.3294995358655237
22.0301,1,nces_crosswalk,0.6785714285714286,1.014541
22.0302,3,nces_crosswalk,0.506473173240664,1.2907233582204503
22.0303,1,nces_crosswalk,0.9642857142857143,
22.0304,3,nces_crosswalk,0.8985931196750994,1.111319
22.0305,1,nces_crosswalk,0.9642857142857143,
22.0399,1,nces_crosswalk,,
22.9999,1,nces_crosswalk,,
23.0101,3,nces_crosswalk,0.34179518212295634,1.203314721386063
23.1301,6,nces_crosswalk,0.6813908013338156,1.1818209061391098
23.1302,4,nces_crosswalk,0.6707611238520791,1.1788454208563464
23.1303,5,nces_crosswalk,0.676239274417162,1.179811362182417
23.1304,4,nces_crosswalk,0.6707611238520791,1.1788454208563464
23.1399,4,nces_crosswalk,0.6771976723321249,1.1813296751646607
23.1401,3,nces_crosswalk,0.6707611238520791,1.1788454208563464
23.1402,1,nces_crosswalk,0.5454545454545454,1.417833
23.1403,1,nces_crosswalk,0.5454545454545454,1.417833
23.1404,1,nces_crosswalk,0.5454545454545454,1.417833
23.1405,3,nces_crosswalk,0.6707611238520791,1.1788454208563464
23.1499,3,nces_crosswalk,0.6707611238520791,1.1788454208563464
23.9999,1,nces_crosswalk,0.5454545454545454,1.417833
24.0101,1,nces_crosswalk,,
24.0102,1,nces_crosswalk,,
24.0103,1,nces_crosswalk,,
24.0199,1,nces_crosswalk,,
25.0101,3,nces_crosswalk,0.4999355504512328,0.9671326722188488
25.0102,2,nces_crosswalk,0.532452821035269,1.3862919999999999
25.0103,2,nces_crosswalk,0.4928452723301927,0.9610430902659641
25.0199,1,nces_crosswalk,0.5333333333333333,
25.0301,1,nces_crosswalk,0.5714285714285714,0.037965
25.9999,1,nces_crosswalk,,
26.0101,9,nces_crosswalk,0.3625334934799121,1.1375482947043867
26.0102,3,nces_crosswalk,0.4671591838287029,1.037726906246791
26.0202,6,nces_crosswalk,0.4757726069556929,1.1000384676812294
26.0203,4,nces_crosswalk,0.49762269465152636,1.2523810580386248
26.0204,5,nces_crosswalk,0.49273966931951557,1.1034209153911843
26.0205,4,nces_crosswalk,0.49762269465152636,1.2523810580386248
26.0206,3,nces_crosswalk,0.4954966773002942,1.2277459068911836
26.0207,5,nces_crosswalk,0.501032427748783,1.1446436941495326
26.0208,3,nces_crosswalk,0.5205832214273046,1.2218436679551061
26.0209,3,nces_crosswalk,0.5205832214273046,1.2218436679551061
26.0210,4,nces_crosswalk,0.509275266080967,1.1788630220751526
26.0299,3,nces_crosswalk,0.5205832214273046,1.2218436679551061
26.0301,4,nces_crosswalk,0.5179143401926097,1.1815887599930572
26.0305,4,nces_crosswalk,0.5179143401926097,1.1815887599930572
26.0307,4,nces_crosswalk,0.5179143401926097,1.1815887599930572
26.0308,2,nces_crosswalk,0.5402626314368421,0.9270988245040513
26.0399,4,nces_crosswalk,0.5179143401926097,1.1815887599930572
26.0401,7,nces_crosswalk,0.480345644531731,1.036172686721218
26.0403,5,nces_crosswalk,0.49935828277900635,1.130239010947825
26.0404,4,nces_crosswalk,0.4930034807852541,1.0872400616031221
26.0406,5,nces_crosswalk,0.49273966931951557,1.1034209153911843
26.0407,3,nces_crosswalk,0.5047216271487053,1.2163919074646166
26.0499,5,nces_crosswalk,0.501032427748783,1.1446436941495326
26.0502,5,nces_crosswalk,0.4587866295706702,0.9703088534513418
26.0503,6,nces_crosswalk,0.4880141338577869,1.0451082887338485
26.0504,5,nces_crosswalk,0.5058879077431576,1.221948419393611
26.0505,5,nces_crosswalk,0.5058879077431576,1.221948419393611
26.0506,2,nces_crosswalk,0.5123953844365953,1.1131307778196906
26.0507,5,nces_crosswalk,0.5058879077431576,1.221948419393611
26.0508,6,nces_crosswalk,0.4887622603015871,1.0871797264007736
26.0509,4,nces_crosswalk,0.4434062157111383,1.2501698482373171
26.0599,3,nces_crosswalk,0.49559809902291063,1.2322641277021706
26.0701,4,nces_crosswalk,0.46581605528973946,0.9434516832211499
26.0702,4,nces_crosswalk,0.5106437902755274,1.1514765628344426
26.0707,4,nces_crosswalk,0.5106437902755274,1.1514765628344426
26.0708,2,nces_crosswalk,0.3897084097676758,0.30461411381354
26.0709,2,nces_crosswalk,0.3897084097676758,0.30461411381354
26.0799,3,nces_crosswalk,0.49607407407407406,1.1960567152881356
26.0801,4,nces_crosswalk,0.4642076421967726,0.8066994301560758
26.0802,4,nces_crosswalk,0.5202308561225117,1.2270790744724673
26.0803,2,nces_crosswalk,0.5123953844365953,1.1131307778196906
26.0804,3,nces_crosswalk,0.5205832214273046,1.2218436679551061
26.0805,3,nces_crosswalk,0.5205832214273046,1.2218436679551061
26.0806,3,nces_crosswalk,0.49178464273262523,1.272432822424537
26.0807,4,nces_crosswalk,0.5202308561225117,1.2270790744724673
26.0899,4,nces_crosswalk,0.5202308561225117,1.2270790744724673
26.0901,2,nces_crosswalk,0.49164656950124075,1.268143172381252
26.0902,2,nces_crosswalk,0.49164656950124075,1.268143172381252
26.0903,2,nces_crosswalk,0.49164656950124075,1.268143172381252
26.0904,2,nces_crosswalk,0.49164656950124075,1.268143172381252
26.0905,2,nces_crosswalk,0.49164656950124075,1.268143172381252
26.0907,2,nces_crosswalk,0.49164656950124075,1.268143172381252
26.0908,3,nces_crosswalk,0.4830659531399503,1.2199393867930244
26.0909,2,nces_crosswalk,0.49164656950124075,1.268143172381252
26.0910,4,nces_crosswalk,0.511418697230695,1.2477052789934637
26.0911,2,nces_crosswalk,0.49164656950124075,1.268143172381252
26.0912,3,nces_crosswalk,0.503763479507698,1.2877543725922347
26.0913,4,nces_crosswalk,0.4816102814308288,1.0834158651613175
26.0999,2,nces_crosswalk,0.48777922971645954,1.0802650062244354
26.1001,5,nces_crosswalk,0.49935828277900635,1.130239010947825
26.1002,2,nces_crosswalk,0.48777922971645954,1.0802650062244354
26.1003,2,nces_crosswalk,0.48777922971645954,1.0802650062244354
26.1004,6,nces_crosswalk,0.5020783324464912,1.1153817932739862
26.1005,3,nces_crosswalk,0.4938491256145936,1.0680377218034214
26.1006,7,nces_crosswalk,0.4536057395253506,1.0428172551782648
26.1007,2,nces_crosswalk,0.48777922971645954,1.0802650062244354
26.1099,2,nces_crosswalk,0.48777922971645954,1.0802650062244354
26.1101,4,nces_crosswalk,0.5438450773144735,1.2410033169510992
26.1102,7,nces_crosswalk,0.5028206197399535,1.0658788442942921
26.1103,4,nces_crosswalk,0.686779337581165,0.3012355
26.1104,7,nces_crosswalk,0.6545407350294229,0.996442786460348
26.1199,6,nces_crosswalk,0.6197617854983737,1.2241894186658053
26.1201,3,nces_crosswalk,0.5205832214273046,1.2218436679551061
26.1301,7,nces_crosswalk,0.5025025664724881,1.0442082915296558
26.1302,5,nces_crosswalk,0.4826192713660893,0.9557752278440836
26.1303,4,nces_crosswalk,0.5106437902755274,1.1514765628344426
26.1304,3,nces_crosswalk,0.46344558243254586,0.7913492154730729
26.1305,4,nces_crosswalk,0.4838547700532245,0.8366036689827459
26.1306,2,nces_crosswalk,0.5123953844365953,1.1131307778196906
26.1307,4,nces_crosswalk,0.4965234215757002,0.9290644074488029
26.1308,2,nces_crosswalk,0.5123953844365953,1.1131307778196906
26.1309,3,nces_crosswalk,0.48615672321591236,1.0908745844959329
26.1310,5,nces_crosswalk,0.5106047486580696,1.104308344443546
26.1311,5,nces_crosswalk,0.5162329832613324,1.084193866254421
26.1399,6,nces_crosswalk,0.5106047486580696,1.104308344443546
26.1401,3,nces_crosswalk,0.503763479507698,1.2877543725922347
26.1501,4,nces_crosswalk,0.4883392986865819,0.996442786460348
26.1502,4,nces_crosswalk,0.511418697230695,1.2477052789934637
26.1503,4,nces_crosswalk,0.511418697230695,1.2477052789934637
26.1504,4,nces_crosswalk,0.511418697230695,1.2477052789934637
26.1599,4,nces_crosswalk,0.511418697230695,1.2477052789934637
26.9999,4,nces_crosswalk,0.5205832214273046,1.2218436679551061
27.0101,7,nces_crosswalk,0.42210383071149327,1.2136747296488188
27.0102,3,nces_crosswalk,0.538554697717208,1.3329982677568029
27.0103,3,nces_crosswalk,0.538554697717208,1.3329982677568029
27.0104,3,nces_crosswalk,0.538554697717208,1.3329982677568029
27.0105,3,nces_crosswalk,0.538554697717208,1.3329982677568029
27.0199,3,nces_crosswalk,0.538554697717208,1.3329982677568029
27.0301,7,nces_crosswalk,0.6348777632406225,1.3625972017842962
27.0303,4,nces_crosswalk,0.6499706932902198,1.3305537455744219
27.0304,7,nces_crosswalk,0.6348777632406225,1.3625972017842962
27.0305,9,nces_crosswalk,0.5552822140458482,1.36618230310761
27.0306,6,nces_crosswalk,0.6283940473392245,1.2488465024271844
27.0399,5,nces_crosswalk,0.6378099278935769,1.3329982677568029
27.0501,6,nces_crosswalk,0.6313734117950236,1.3639916544588153
27.0502,5,nces_crosswalk,0.663927498121713,1.3983712693548387
27.0503,6,nces_crosswalk,0.6330546229629183,1.3625972017842962
27.0599,4,nces_crosswalk,0.5535674784519452,1.3615468610770536
27.0601,7,nces_crosswalk,0.4867957100644438,1.418938437034587
27.9999,5,nces_crosswalk,0.6378099278935769,1.3329982677568029
28.0101,1,nces_crosswalk,,
28.0199,1,nces_crosswalk,,
28.0301,1,nces_crosswalk,,
28.0399,1,nces_crosswalk,,
28.0401,1,nces_crosswalk,,
28.0499,1,nces_crosswalk,,
28.0501,1,nces_crosswalk,,
28.0502,1,nces_crosswalk,,
28.0503,1,nces_crosswalk,,
28.0504,1,nces_crosswalk,,
28.0505,1,nces_crosswalk,,
28.0506,2,nces_crosswalk,,
28.0599,2,nces_crosswalk,,
28.0601,1,nces_crosswalk,,
28.0602,2,nces_crosswalk,,
28.0603,1,nces_crosswalk,,
28.0604,1,nces_crosswalk,,
28.0605,2,nces_crosswalk,,
28.0699,1,nces_crosswalk,,
28.0701,1,nces_crosswalk,,
28.0702,1,nces_crosswalk,,
28.0703,1,nces_crosswalk,,
28.0799,1,nces_crosswalk,,
28.9999,1,nces_crosswalk,,
29.0201,2,nces_crosswalk,,
29.0202,2,nces_crosswalk,,
29.0203,5,nces_crosswalk,0.3596861072214055,0.027352965068831635
29.0204,2,nces_crosswalk,,
29.0205,2,nces_crosswalk,,
29.0206,2,nces_crosswalk,,
29.0207,2,nces_crosswalk,,
29.0299,2,nces_crosswalk,,
29.0301,1,nces_crosswalk,,
29.0302,1,nces_crosswalk,,
29.0303,1,nces_crosswalk,0.2391304347826087,0.1941278
29.0304,1,nces_crosswalk,,
29.0305,1,nces_crosswalk,,
29.0306,1,nces_crosswalk,0.2391304347826087,0.1941278
29.0307,1,nces_crosswalk,0.2391304347826087,0.1941278
29.0399,1,nces_crosswalk,,
29.0401,2,nces_crosswalk,0.2916666666666667,0.3909402
29.0402,1,nces_crosswalk,0.2916666666666667,0.3909402
29.0403,1,nces_crosswalk,,
29.0404,2,nces_crosswalk,,
29.0405,2,nces_crosswalk,,
29.0406,2,nces_crosswalk,,
29.0407,2,nces_crosswalk,,
29.0408,1,nces_crosswalk,,
29.0409,1,nces_crosswalk,0.2391304347826087,0.1941278
29.0499,1,nces_crosswalk,,
29.0601,1,nces_crosswalk,,
29.9999,1,nces_crosswalk,,
30.0000,1,nces_crosswalk,,
30.0001,1,nces_crosswalk,,
30.0101,3,nces_crosswalk,0.34668409559709396,1.203970871786353
30.0501,3,nces_crosswalk,0.5182073379007086,1.3486407326711292
30.0601,2,nces_crosswalk,0.4927536231884059,0.9646871999999999
30.0801,9,nces_crosswalk,0.7468938050272126,1.1188454783212252
30.1001,5,nces_crosswalk,0.5016046176288991,1.296053394876174
30.1101,4,nces_crosswalk,0.4892737513012665,1.1085975894838942
30.1201,4,nces_crosswalk,0.440265283642372,0.8041560633975482
30.1202,4,nces_crosswalk,0.4930089110288168,0.9678722456032625
30.1299,4,nces_crosswalk,0.440265283642372,0.8041560633975482
30.1301,2,nces_crosswalk,0.48310251798561143,1.384969179406475
30.1401,4,nces_crosswalk,0.4051032994141227,0.40764324844279987
30.1501,2,nces_crosswalk,0.5285714285714286,1.327906
30.1601,7,nces_crosswalk,0.6542135471494737,1.3743835648614509
30.1701,7,nces_crosswalk,0.4493235717852973,1.2143399254638136
30.1801,4,nces_crosswalk,0.5166139545366968,1.2959432341400106
30.1901,9,nces_crosswalk,0.5022172862937212,1.0386244732431849
30.2001,2,nces_crosswalk,0.5,1.418863
30.2101,4,nces_crosswalk,0.507876336673101,1.3493814518031682
30.2201,5,nces_crosswalk,0.4827234666108436,1.230433800397739
30.2202,4,nces_crosswalk,0.49030943785456416,1.3541951988138214
30.2299,5,nces_crosswalk,0.4827234666108436,1.230433800397739
30.2301,2,nces_crosswalk,0.5174211119459053,1.3235305681818181
30.2501,2,nces_crosswalk,0.5285714285714286,1.327906
30.2502,5,nces_crosswalk,0.3700685719435914,0.5691726486578034
30.2599,2,nces_crosswalk,0.5285714285714286,1.327906
30.2601,3,nces_crosswalk,0.5174211119459053,1.3235305681818181
30.2701,6,nces_crosswalk,0.5184553215062762,1.218845197665056
30.2801,4,nces_crosswalk,0.5054292139401397,1.3491011471940078
30.2901,2,nces_crosswalk,0.5,1.098921
30.3001,7,nces_crosswalk,0.712669895112705,1.3155695816050494
30.3101,5,nces_crosswalk,0.6208238034476286,1.0708040360456057
30.3201,7,nces_crosswalk,0.5142120922735011,1.0677570047941325
30.3301,8,nces_crosswalk,0.5031954694614422,1.1195843872110545
30.3401,7,nces_crosswalk,0.3242761529868362,-0.13288426878046566
30.3501,4,nces_crosswalk,0.5252743620771931,1.330956494653435
30.3601,3,nces_crosswalk,0.3408970558119926,1.2040211621187942
30.3701,3,nces_crosswalk,0.49141537713683864,1.165865041562019
30.3801,6,nces_crosswalk,0.35105114588977043,1.1928958637420544
30.3901,7,nces_crosswalk,0.7081824716648107,1.0286468365986785
30.4001,7,nces_crosswalk,0.5227845251158292,1.0219986467071762
30.4101,10,nces_crosswalk,0.4011972637899134,1.064806682793931
30.4201,6,nces_crosswalk,0.49304383295280574,0.974824415084865
30.4301,5,nces_crosswalk,0.5027142519177935,1.225813921852518
30.4401,8,nces_crosswalk,0.5062703067798184,1.106124167266253
30.4501,7,nces_crosswalk,0.40670119430132323,1.1150699799802546
30.4601,7,nces_crosswalk,0.4994141647393759,1.0185165782490335
30.4701,6,nces_crosswalk,0.49907051938356267,1.0264955856617892
30.4801,4,nces_crosswalk,0.8305593002745016,1.364515924892704
30.4901,6,nces_crosswalk,0.5712389947288291,1.3464229965109402
30.5001,6,nces_crosswalk,0.5420701645085644,1.333802849458747
30.5101,7,nces_crosswalk,0.4958261733615139,1.0233456462842223
30.5201,5,nces_crosswalk,0.4973072770813116,0.9948126851592074
30.5202,6,nces_crosswalk,0.49735005296448986,0.999799000030928
30.5203,6,nces_crosswalk,0.49735005296448986,0.999799000030928
30.5299,1,nces_crosswalk,,
30.5301,8,nces_crosswalk,0.3786295514351632,1.0184247434770974
30.7001,8,nces_crosswalk,0.7557646100524951,1.1074938537777281
30.7099,6,nces_crosswalk,0.6797165320332051,1.3394610866976473
30.7101,5,nces_crosswalk,0.5127347763690742,1.4308613306014173
30.7102,4,nces_crosswalk,0.5059126962938746,1.4288403147096977
30.7103,4,nces_crosswalk,0.5080273655776645,1.432417
30.7104,5,nces_crosswalk,0.47565659453902537,1.4260299993956376
30.7199,5,nces_crosswalk,0.5127347763690742,1.4308613306014173
30.9999,1,nces_crosswalk,,
31.0101,1,nces_crosswalk,0.5208333333333334,1.16489
31.0301,3,nces_crosswalk,0.46791423934480186,0.5748773
31.0302,3,nces_crosswalk,0.08506275200673803,-1.6710831832342623
31.0399,2,nces_crosswalk,0.46932637839094976,0.5748773
31.0501,4,nces_crosswalk,0.1566714801010058,-1.1100217829147068
31.0504,4,nces_crosswalk,0.1724393836387958,-1.0918629571435903
31.0505,1,nces_crosswalk,0.26,-0.0331901
31.0507,2,nces_crosswalk,0.04703032248951802,-1.9582690342925047
31.0508,1,nces_crosswalk,0.5208333333333334,1.16489
31.0599,1,nces_crosswalk,,
31.0601,2,nces_crosswalk,0.2781123318787444,-0.24411540000000004
31.9999,1,nces_crosswalk,,
32.0101,1,nces_crosswalk,,
32.0104,1,nces_crosswalk,,
32.0105,1,nces_crosswalk,,
32.0107,1,nces_crosswalk,,
32.0108,1,nces_crosswalk,,
32.0109,1,nces_crosswalk,,
32.0110,1,nces_crosswalk,,
32.0111,1,nces_crosswalk,,
32.0112,1,nces_crosswalk,,
32.0199,1,nces_crosswalk,,
32.0201,1,nces_crosswalk,,
32.0202,1,nces_crosswalk,,
32.0203,1,nces_crosswalk,,
32.0204,1,nces_crosswalk,,
32.0205,1,nces_crosswalk,,
32.0299,1,nces_crosswalk,,
33.0101,1,nces_crosswalk,,
33.0102,1,nces_crosswalk,,
33.0103,1,nces_crosswalk,,
33.0104,1,nces_crosswalk,,
33.0105,1,nces_crosswalk,,
33.0106,1,nces_crosswalk,,
33.0199,1,nces_crosswalk,,
34.0102,1,nces_crosswalk,,
34.0103,1,nces_crosswalk,,
34.0104,1,nces_crosswalk,,
34.0105,1,nces_crosswalk,,
34.0199,1,nces_crosswalk,,
35.0101,1,nces_crosswalk,,
35.0102,1,nces_crosswalk,,
35.0103,1,nces_crosswalk,,
35.0105,1,nces_crosswalk,,
35.0199,1,nces_crosswalk,,
36.0101,1,nces_crosswalk,,
36.0102,1,nces_crosswalk,,
36.0103,1,nces_crosswalk,,
36.0105,1,nces_crosswalk,,
36.0106,1,nces_crosswalk,,
36.0107,1,nces_crosswalk,,
36.0108,1,nces_crosswalk,,
36.0109,1,nces_crosswalk,,
36.0110,1,nces_crosswalk,,
36.0111,1,nces_crosswalk,,
36.0112,1,nces_crosswalk,,
36.0113,1,nces_crosswalk,,
36.0114,1,nces_crosswalk,,
36.0115,1,nces_crosswalk,,
36.0116,1,nces_crosswalk,,
36.0117,1,nces_crosswalk,,
36.0118,1,nces_crosswalk,,
36.0120,1,nces_crosswalk,,
36.0121,1,nces_crosswalk,,
36.0122,1,nces_crosswalk,,
36.0123,1,nces_crosswalk,,
36.0199,1,nces_crosswalk,,
36.0202,1,nces_crosswalk,,
36.0203,1,nces_crosswalk,,
36.0204,1,nces_crosswalk,,
36.0205,1,nces_crosswalk,,
36.0206,1,nces_crosswalk,,
36.0207,1,nces_crosswalk,,
36.0299,1,nces_crosswalk,,
37.0101,1,nces_crosswalk,,
37.0102,1,nces_crosswalk,,
37.0103,1,nces_crosswalk,,
37.0104,1,nces_crosswalk,,
37.0106,1,nces_crosswalk,,
37.0107,1,nces_crosswalk,,
37.0199,1,nces_crosswalk,,
38.0001,1,nces_crosswalk,0.5217391304347826,1.363522
38.0101,1,nces_crosswalk,0.5217391304347826,1.363522
38.0102,3,nces_crosswalk,0.538554697717208,1.3329982677568029
38.0103,1,nces_crosswalk,0.5217391304347826,1.363522
38.0104,1,nces_crosswalk,0.5217391304347826,1.363522
38.0199,1,nces_crosswalk,0.5217391304347826,1.363522
38.0201,1,nces_crosswalk,0.5217391304347826,1.363522
38.0202,1,nces_crosswalk,0.5217391304347826,1.363522
38.0203,1,nces_crosswalk,0.5217391304347826,1.363522
38.0204,1,nces_crosswalk,0.5217391304347826,1.363522
38.0205,1,nces_crosswalk,0.5,1.308699
38.0206,1,nces_crosswalk,0.5,1.308699
38.0207,1,nces_crosswalk,0.5217391304347826,1.363522
38.0208,1,nces_crosswalk,0.5,1.308699
38.0209,1,nces_crosswalk,0.5,1.308699
38.0299,1,nces_crosswalk,,
38.9999,1,nces_crosswalk,0.5217391304347826,1.363522
39.0201,2,nces_crosswalk,0.4693878208466712,1.2841785931487564
39.0301,2,nces_crosswalk,0.4693878208466712,1.2841785931487564
39.0302,1,nces_crosswalk,,
39.0399,1,nces_crosswalk,,
39.0401,2,nces_crosswalk,0.4693878208466712,1.2841785931487564
39.0501,2,nces_crosswalk,0.5894782608695652,1.180909998
39.0502,3,nces_crosswalk,0.521814882604879,1.192967031435823
39.0599,2,nces_crosswalk,0.42105263157894735,1.210922
39.0601,2,nces_crosswalk,0.38296998809377175,1.303889195467422
39.0602,2,nces_crosswalk,0.38296998809377175,1.303889195467422
39.0604,2,nces_crosswalk,0.38296998809377175,1.303889195467422
39.0605,2,nces_crosswalk,0.38296998809377175,1.303889195467422
39.0699,3,nces_crosswalk,0.38296998809377175,1.303889195467422
39.0701,6,nces_crosswalk,0.3914243196869544,1.2832505153275897
39.0702,2,nces_crosswalk,0.35782753254102995,1.262555523185484
39.0703,3,nces_crosswalk,0.4693878208466712,1.2841785931487564
39.0704,2,nces_crosswalk,0.42105263157894735,1.210922
39.0705,2,nces_crosswalk,0.42105263157894735,1.210922
39.0706,4,nces_crosswalk,0.3914243196869544,1.2832505153275897
39.0799,4,nces_crosswalk,0.42105263157894735,1.210922
39.0801,2,nces_crosswalk,0.5039754522950878,1.0341704979690316
39.0802,3,nces_crosswalk,0.48945233701017216,1.3600209062191508
39.0899,1,nces_crosswalk,,
39.9999,1,nces_crosswalk,,
40.0101,2,nces_crosswalk,0.34668409559709396,1.203970871786353
40.0201,3,nces_crosswalk,0.523116047334032,1.326927097837793
40.0202,4,nces_crosswalk,0.5487199806836547,1.32964968442681
40.0203,3,nces_crosswalk,0.523116047334032,1.326927097837793
40.0299,4,nces_crosswalk,0.5127018291506553,1.299266294245142
40.0401,4,nces_crosswalk,0.5352340419411408,1.008728067871605
40.0402,3,nces_crosswalk,0.5255495320508152,1.3298096083676803
40.0403,3,nces_crosswalk,0.5255495320508152,1.3298096083676803
40.0404,3,nces_crosswalk,0.5255495320508152,1.3298096083676803
40.0499,3,nces_crosswalk,0.5255495320508152,1.3298096083676803
40.0501,7,nces_crosswalk,0.3521468736744002,1.1007643646843663
40.0502,4,nces_crosswalk,0.4439936095579638,0.8033100182355565
40.0503,4,nces_crosswalk,0.4439936095579638,0.8033100182355565
40.0504,4,nces_crosswalk,0.4439936095579638,0.8033100182355565
40.0506,3,nces_crosswalk,0.4627691122725175,1.0048263749858115
40.0507,3,nces_crosswalk,0.4627691122725175,1.0048263749858115
40.0508,4,nces_crosswalk,0.46008136002123445,1.0071213152674476
40.0509,7,nces_crosswalk,0.4618994844134633,0.8648438454044722
40.0510,4,nces_crosswalk,0.45795866029644655,0.9414047499262664
40.0511,3,nces_crosswalk,0.4627691122725175,1.0048263749858115
40.0512,6,nces_crosswalk,0.6586472767207877,1.0048263749858115
40.0599,3,nces_crosswalk,0.4627691122725175,1.0048263749858115
40.0601,5,nces_crosswalk,0.5088273815140464,1.2019049691163546
40.0602,4,nces_crosswalk,0.5046560330714707,1.2384538293446061
40.0603,3,nces_crosswalk,0.515356936900211,1.225023211650007
40.0604,3,nces_crosswalk,0.515356936900211,1.225023211650007
40.0605,4,nces_crosswalk,0.5229026080770267,1.2938606081243975
40.0606,3,nces_crosswalk,0.515356936900211,1.225023211650007
40.0607,4,nces_crosswalk,0.5147495534855248,1.2019049691163546
40.0699,3,nces_crosswalk,0.515356936900211,1.225023211650007
40.0801,4,nces_crosswalk,0.35342103533823793,1.204637369813321
40.0802,3,nces_crosswalk,0.542898496857431,1.3043523648829198
40.0804,3,nces_crosswalk,0.542898496857431,1.3043523648829198
40.0805,3,nces_crosswalk,0.542898496857431,1.3043523648829198
40.0806,3,nces_crosswalk,0.542898496857431,1.3043523648829198
40.0807,3,nces_crosswalk,0.542898496857431,1.3043523648829198
40.0808,3,nces_crosswalk,0.542898496857431,1.3043523648829198
40.0809,3,nces_crosswalk,0.542898496857431,1.3043523648829198
40.0810,3,nces_crosswalk,0.542898496857431,1.3043523648829198
40.0899,3,nces_crosswalk,0.542898496857431,1.3043523648829198
40.1001,4,nces_crosswalk,0.4863668066450867,0.818829216511621
40.1002,5,nces_crosswalk,0.48540838869228703,0.8660920179735891
40.1099,3,nces_crosswalk,0.5242466803638492,1.3065684101229087
40.1101,5,nces_crosswalk,0.5375121879035057,1.305421880632821
40.9999,3,nces_crosswalk,0.5166139545366968,1.2959432341400106
41.0000,3,nces_crosswalk,0.5362492037899598,0.45010440000000007
41.0101,1,nces_crosswalk,0.3888888888888889,0.3012355
41.0204,1,nces_crosswalk,0.2,0.1696743
41.0205,2,nces_crosswalk,0.24432013769363167,0.43597446222030983
41.0299,1,nces_crosswalk,0.2,0.1696743
41.0301,3,nces_crosswalk,0.21259320356070838,-0.3469622820376087
41.0303,5,nces_crosswalk,0.30178953028995686,-0.14218909399005875
41.0399,4,nces_crosswalk,0.5087411615341303,0.45010440000000007
41.9999,4,nces_crosswalk,0.5087411615341303,0.45010440000000007
42.0101,6,nces_crosswalk,0.48517942944605735,1.0081392405535246
42.2701,3,nces_crosswalk,0.49000369259834886,0.9988611378790985
42.2702,3,nces_crosswalk,0.49000369259834886,0.9988611378790985
42.2703,4,nces_crosswalk,0.39648089663150693,0.9091344420015715
42.2704,3,nces_crosswalk,0.49000369259834886,0.9988611378790985
42.2705,3,nces_crosswalk,0.49000369259834886,0.9988611378790985
42.2706,5,nces_crosswalk,0.49505737591330123,0.9997182520050378
42.2707,3,nces_crosswalk,0.49000369259834886,0.9988611378790985
42.2708,5,nces_crosswalk,0.504636804939705,1.0223706175448997
42.2709,4,nces_crosswalk,0.4901403142412576,1.0163914194080916
42.2710,3,nces_crosswalk,0.3974267564353717,0.9091344420015715
42.2799,3,nces_crosswalk,0.49000369259834886,0.9988611378790985
42.2801,3,nces_crosswalk,0.47998378803325226,0.9877744060266377
42.2802,3,nces_crosswalk,0.49000369259834886,0.9988611378790985
42.2803,5,nces_crosswalk,0.4637405061181398,1.0166156366515335
42.2804,8,nces_crosswalk,0.5168258818106172,1.2762000647511267
42.2805,4,nces_crosswalk,0.4257927812120208,0.9829644924584328
42.2806,4,nces_crosswalk,0.4818435778993242,0.9988611378790985
42.2807,4,nces_crosswalk,0.4793173906715318,0.9988611378790985
42.2808,3,nces_crosswalk,0.49000369259834886,0.9988611378790985
42.2809,3,nces_crosswalk,0.47998378803325226,0.9877744060266377
42.2810,4,nces_crosswalk,0.4793173906715318,0.9988611378790985
42.2811,4,nces_crosswalk,0.4793173906715318,0.9988611378790985
42.2812,3,nces_crosswalk,0.49000369259834886,0.9988611378790985
42.2813,3,nces_crosswalk,0.49000369259834886,0.9988611378790985
42.2814,5,nces_crosswalk,0.464028623474422,0.9988611378790985
42.2815,3,nces_crosswalk,0.3487888341145348,0.3577043063045587
42.2816,2,nces_crosswalk,0.4616527511927549,1.351183961557581
42.2817,2,nces_crosswalk,0.4616527511927549,1.351183961557581
42.2899,3,nces_crosswalk,0.49000369259834886,0.9988611378790985
42.9999,3,nces_crosswalk,0.49000369259834886,0.9988611378790985
43.0100,9,nces_crosswalk,0.36663740942380746,-0.07757420805020437
43.0102,4,nces_crosswalk,0.2776309789473988,-0.629901831231301
43.0103,3,nces_crosswalk,0.4600413023755861,0.7453143938730299
43.0104,4,nces_crosswalk,0.3820145105594974,-0.027111619345873562
43.0107,5,nces_crosswalk,0.3157792862297497,-0.4536810875885733
43.0109,5,nces_crosswalk,0.16391430890787934,-0.36628199286242974
43.0110,3,nces_crosswalk,0.24875432736442765,-0.018752662318748406
43.0112,3,nces_crosswalk,0.41799640705907215,1.389999
43.0113,2,nces_crosswalk,0.32557721590129324,-0.1733111245152563
43.0114,3,nces_crosswalk,0.319525582921728,-0.5060385380503696
43.0115,6,nces_crosswalk,0.3877139993047097,0.11998792883860712
43.0119,4,nces_crosswalk,0.3132571394313255,-0.5230516270915024
43.0120,5,nces_crosswalk,0.3148483290700933,-0.472074486859899
43.0121,4,nces_crosswalk,0.48979183831015727,0.7164174180920193
43.0122,5,nces_crosswalk,0.3215850254365163,-0.4118027798844468
43.0123,5,nces_crosswalk,0.35683807634566506,0.12903071423985904
43.0199,2,nces_crosswalk,0.25835132732122446,-0.8114547222151657
43.0201,3,nces_crosswalk,0.2026510942118987,-1.121549317368662
43.0202,3,nces_crosswalk,0.4866920945588683,0.6702305133378818
43.0203,4,nces_crosswalk,0.20274802726097912,-1.1160873611704316
43.0204,1,nces_crosswalk,,
43.0205,2,nces_crosswalk,0.41500501741337587,-0.5128878921551266
43.0206,2,nces_crosswalk,0.13401417839837143,-1.3114176591621987
43.0299,2,nces_crosswalk,0.2001497689813463,-1.158266510053243
43.0301,3,nces_crosswalk,0.4585735970746754,0.7394634779071239
43.0302,3,nces_crosswalk,0.4585735970746754,0.7394634779071239
43.0303,3,nces_crosswalk,0.4585735970746754,0.7394634779071239
43.0304,7,nces_crosswalk,0.4592516196006173,0.7501107392370402
43.0399,3,nces_crosswalk,0.41799640705907215,1.389999
43.0401,4,nces_crosswalk,0.3603083373455304,-0.0682977082021936
43.0402,5,nces_crosswalk,0.34064266102088975,-0.41072834558145277
43.0403,5,nces_crosswalk,0.6376989400058927,0.43355111817847514
43.0404,6,nces_crosswalk,0.4600413023755861,0.7453143938730299
43.0405,5,nces_crosswalk,0.532156802789878,1.3819459464572836
43.0406,3,nces_crosswalk,0.5191046033689423,0.5286823645695988
43.0407,8,nces_crosswalk,0.3677949205651908,0.10767757727604754
43.0408,2,nces_crosswalk,0.39650837483569884,0.3457697301928202
43.0499,3,nces_crosswalk,0.3603083373455304,-0.0682977082021936
43.9999,1,nces_crosswalk,,
44.0000,3,nces_crosswalk,0.368193749130858,0.6887021507130827
44.0201,3,nces_crosswalk,0.5211269589400037,1.185968144041963
44.0401,7,nces_crosswalk,0.46904065572421444,0.6990314681841605
44.0402,2,nces_crosswalk,0.47273929161796846,0.9891397326896414
44.0403,3,nces_crosswalk,0.48267397323770134,0.9311641562776741
44.0499,1,nces_crosswalk,0.4927536231884059,0.9646871999999999
44.0501,4,nces_crosswalk,0.5272937809604765,1.279261249106303
44.0502,4,nces_crosswalk,0.5218959054037637,1.250324826233338
44.0503,4,nces_crosswalk,0.44388021476299383,1.1773938080556152
44.0504,3,nces_crosswalk,0.5679367812031725,1.279261249106303
44.0599,1,nces_crosswalk,,
44.0701,9,nces_crosswalk,0.30331136485921456,0.9403414656031749
44.0702,2,nces_crosswalk,0.297253546676934,0.9083261044975743
44.0703,5,nces_crosswalk,0.31248465642932416,0.9212249098252133
44.0799,6,nces_crosswalk,0.3063402940077096,0.9493502204753298
44.9999,1,nces_crosswalk,,
45.0101,5,nces_crosswalk,0.39587617604231373,1.1141055131203208
45.0102,6,nces_crosswalk,0.5053308521123958,1.0082631443444416
45.0103,7,nces_crosswalk,0.5077732608822084,1.0172532376416985
45.0199,6,nces_crosswalk,0.3528368654694714,1.0575046086550155
45.0201,3,nces_crosswalk,0.4922093535897587,0.963839191670595
45.0202,3,nces_crosswalk,0.4922093535897587,0.963839191670595
45.0203,3,nces_crosswalk,0.4922093535897587,0.963839191670595
45.0204,4,nces_crosswalk,0.4923452677261691,0.9698555503350215
45.0205,5,nces_crosswalk,0.491811523929364,1.0129235158464995
45.0299,3,nces_crosswalk,0.4922093535897587,0.963839191670595
45.0301,4,nces_crosswalk,0.4886523099082909,0.9553877866828838
45.0401,5,nces_crosswalk,0.4980085599046787,0.9326066665781221
45.0501,4,nces_crosswalk,0.49321945605390427,0.9929712146094444
45.0502,4,nces_crosswalk,0.49321945605390427,0.9929712146094444
45.0599,4,nces_crosswalk,0.49321945605390427,0.9929712146094444
45.0601,6,nces_crosswalk,0.3963329918171033,1.1153440510104344
45.0602,6,nces_crosswalk,0.5237693323127324,1.2406263968353197
45.0603,6,nces_crosswalk,0.5588902241385948,1.0088307029541201
45.0604,4,nces_crosswalk,0.5000595529383036,0.9929197668181416
45.0605,3,nces_crosswalk,0.4939283913256616,0.9829626258525951
45.0699,3,nces_crosswalk,0.4939283913256616,0.9829626258525951
45.0701,4,nces_crosswalk,0.49332015944927843,0.8928880489422277
45.0702,5,nces_crosswalk,0.49418478886408557,0.891340267189176
45.0799,3,nces_crosswalk,0.4927020621635843,0.9676218334683852
45.0901,3,nces_crosswalk,0.4924083992452496,0.9792165768233285
45.0902,3,nces_crosswalk,0.4924083992452496,0.9792165768233285
45.0999,3,nces_crosswalk,0.4924083992452496,0.9792165768233285
45.1001,5,nces_crosswalk,0.3942973473801631,1.1129946095245755
45.1002,4,nces_crosswalk,0.39006598373213347,1.1113521941669442
45.1003,3,nces_crosswalk,0.38919182490908966,1.108775581673302
45.1004,6,nces_crosswalk,0.4995103435628009,1.0053104267663793
45.1099,4,nces_crosswalk,0.39006598373213347,1.1113521941669442
45.1101,4,nces_crosswalk,0.4978818508826097,0.9840566953519055
45.1102,4,nces_crosswalk,0.4978818508826097,0.9840566953519055
45.1103,4,nces_crosswalk,0.49149897829407085,0.9734342843281468
45.1199,4,nces_crosswalk,0.49149897829407085,0.9734342843281468
45.1201,4,nces_crosswalk,0.4920645149974836,0.9835809417778307
45.1301,5,nces_crosswalk,0.49099395860070605,0.9724133314574269
45.1501,5,nces_crosswalk,0.49216295221335765,0.9667149485034705
45.9999,3,nces_crosswalk,0.4944403200864203,0.9851344776471658
46.0000,1,nces_crosswalk,0.41666666666666674,-0.3054048
46.0101,4,nces_crosswalk,0.3785460839554166,-0.43766110816243403
46.0201,2,nces_crosswalk,0.290661161863243,-0.7657051402536599
46.0301,3,nces_crosswalk,0.3541905227842911,-0.21558960002339822
46.0302,4,nces_crosswalk,0.2800286281025877,-0.5441528774543554
46.0303,2,nces_crosswalk,0.3562094757640933,-0.20627065152223575
46.0399,1,nces_crosswalk,0.0,-1.081398
46.0401,4,nces_crosswalk,0.2365063366193426,-0.7555297370683192
46.0402,2,nces_crosswalk,0.3323129218300962,-0.6034101551464089
46.0403,2,nces_crosswalk,0.4064664087402974,-0.21491382892181907
46.0404,2,nces_crosswalk,0.38157046091067476,-0.42999057655955053
46.0406,2,nces_crosswalk,0.39490019197205456,-0.37817795436722595
46.0408,3,nces_crosswalk,0.33717257341067713,-0.5855458028701502
46.0410,3,nces_crosswalk,0.3542996472060361,-0.5261820265747408
46.0411,1,nces_crosswalk,0.025,-1.780065
46.0412,3,nces_crosswalk,0.4186852195854574,-0.30951179403113227
46.0413,6,nces_crosswalk,0.3853779258508139,-0.39634940033244226
46.0414,3,nces_crosswalk,0.3871992342943596,-0.39956899637089005
46.0415,2,nces_crosswalk,0.428336531437936,-0.20911077858140403
46.0499,1,nces_crosswalk,,
46.0502,2,nces_crosswalk,0.29338234335242647,-0.6027631873306991
46.0503,3,nces_crosswalk,0.2881081047213581,-0.6169986289585084
46.0504,5,nces_crosswalk,0.39810674334483864,-0.326534276451999
46.0505,2,nces_crosswalk,0.4150026713650064,-0.3054048
46.0599,1,nces_crosswalk,0.0784313725490196,-1.121219
46.9999,1,nces_crosswalk,,
47.0000,2,nces_crosswalk,0.3729290257068035,-0.14701452642983118
47.0101,2,nces_crosswalk,0.1608394663440535,-0.6067869361730012
47.0102,1,nces_crosswalk,0.36,-0.3458247
47.0103,5,nces_crosswalk,0.19508008561651535,-0.9069824305831726
47.0104,2,nces_crosswalk,0.34257905213995865,-0.40424878532271646
47.0105,2,nces_crosswalk,0.2869536297985557,-0.5199557072976054
47.0106,1,nces_crosswalk,0.12903225806451613,-0.9703799
47.0110,1,nces_crosswalk,0.21875,-0.6926484
47.0199,1,nces_crosswalk,0.28125,-0.5522636
47.0201,1,nces_crosswalk,0.1,-0.8491117000000001
47.0302,3,nces_crosswalk,0.10084651629291948,-1.1137822617165603
47.0303,7,nces_crosswalk,0.2294646758707484,-1.0847354625633947
47.0399,1,nces_crosswalk,,
47.0402,1,nces_crosswalk,0.16666666666666666,-0.5900791
47.0403,1,nces_crosswalk,0.07142857142857142,-0.8657498
47.0404,1,nces_crosswalk,0.013513513513513514,-0.5306271
47.0408,3,nces_crosswalk,0.17366270739064857,-0.1591294965894737
47.0409,1,nces_crosswalk,0.16666666666666666,-0.5900791
47.0499,2,nces_crosswalk,0.26666666666666666,0.0546422
47.0600,2,nces_crosswalk,0.24609173557469505,-0.5183965913367722
47.0603,4,nces_crosswalk,0.05792362908919746,-1.0653612096257867
47.0604,3,nces_crosswalk,0.08608954864630923,-0.9515708627747768
47.0605,1,nces_crosswalk,0.0,-1.010472
47.0606,2,nces_crosswalk,0.13875572807759043,-0.8910931358299595
47.0607,2,nces_crosswalk,0.10886489362678091,-0.6972915529893673
47.0608,2,nces_crosswalk,0.10886489362678091,-0.6972915529893673
47.0609,3,nces_crosswalk,0.13919562427281124,-0.4427006979728676
47.0610,1,nces_crosswalk,0.09375,-0.9226068
47.0611,1,nces_crosswalk,0.0,-0.763721
47.0612,1,nces_crosswalk,0.08333333333333333,-0.9547055
47.0613,2,nces_crosswalk,0.05903880957168711,-0.970963346712246
47.0614,1,nces_crosswalk,0.08333333333333333,-0.9547055
47.0615,1,nces_crosswalk,0.08333333333333333,-0.9561453
47.0616,1,nces_crosswalk,0.07692307692307693,-0.8863602
47.0617,2,nces_crosswalk,0.24609173557469505,-0.5183965913367722
47.0618,2,nces_crosswalk,0.42157879040268115,-0.045330301586001605
47.0699,1,nces_crosswalk,,
47.0701,4,nces_crosswalk,0.33782925862532914,-0.5023086185601005
47.0703,3,nces_crosswalk,0.3631441171888363,-0.17730089741259164
47.0704,2,nces_crosswalk,0.4255618879112855,-0.03563412519920954
47.0705,3,nces_crosswalk,0.3402515003616395,-0.4985163991438578
47.0706,3,nces_crosswalk,0.3402515003616395,-0.4985163991438578
47.0799,1,nces_crosswalk,0.16666666666666666,-0.5900791
47.9999,1,nces_crosswalk,,
48.0000,1,nces_crosswalk,,
48.0303,1,nces_crosswalk,0.22727272727272727,-1.313735
48.0304,2,nces_crosswalk,0.0675194250511855,-1.002816290773532
48.0399,1,nces_crosswalk,,
48.0501,13,nces_crosswalk,0.1219190491754831,-0.9352788855448991
48.0503,9,nces_crosswalk,0.1763548284705594,-0.8782272427834773
48.0506,5,nces_crosswalk,0.04636053576416846,-1.0881298888354665
48.0507,1,nces_crosswalk,0.20588235294117646,-0.5317897
48.0508,2,nces_crosswalk,0.0835361081657425,-1.1838226452290033
48.0509,1,nces_crosswalk,0.0,-1.740349
48.0510,2,nces_crosswalk,0.33441326840859553,
48.0511,1,nces_crosswalk,0.021739130434782605,-1.076307
48.0599,1,nces_crosswalk,,
48.0701,2,nces_crosswalk,0.07692307692307693,-1.1303570000000003
48.0702,2,nces_crosswalk,0.045454545454545456,-1.197727
48.0703,6,nces_crosswalk,0.1160247326031754,-1.2220568805824163
48.0704,2,nces_crosswalk,0.14285714285714285,-0.7278869
48.0799,1,nces_crosswalk,,
48.0801,1,nces_crosswalk,0.029411764705882353,-1.097532
48.9999,1,nces_crosswalk,,
49.0101,1,nces_crosswalk,0.48333333333333334,0.8907923
49.0102,2,nces_crosswalk,0.3098037619500679,-0.19908297620212978
49.0104,1,nces_crosswalk,0.48333333333333334,0.8907923
49.0105,2,nces_crosswalk,0.3792939000585177,0.8835585942175066
49.0106,2,nces_crosswalk,0.23473684210526316,-0.7621183
49.0108,2,nces_crosswalk,0.3098037619500679,-0.19908297620212978
49.0199,1,nces_crosswalk,,
49.0202,16,nces_crosswalk,0.054367639750258594,-1.0081122698554634
49.0205,6,nces_crosswalk,0.2863273232679407,-1.0928102601861083
49.0206,2,nces_crosswalk,0.06412942167433702,-0.8937834715574493
49.0207,1,nces_crosswalk,0.02631578947368421,-1.27909
49.0208,8,nces_crosswalk,0.27986209549107705,-0.5089165556630862
49.0209,1,nces_crosswalk,0.04545454545454545,-1.3986899999999998
49.0299,1,nces_crosswalk,,
49.0303,1,nces_crosswalk,0.26666666666666666,-0.4281868
49.0304,1,nces_crosswalk,0.06,-1.102728
49.0309,3,nces_crosswalk,0.23693734774446126,-0.4693336800335219
49.0399,1,nces_crosswalk,0.0,-0.8871185999999999
49.9999,1,nces_crosswalk,,
50.0101,5,nces_crosswalk,0.4224977204417192,0.32026869220456805
50.0102,6,nces_crosswalk,0.47680527804596634,0.6540053878685216
50.0201,3,nces_crosswalk,0.43803943831455555,0.6795103596087223
50.0301,3,nces_crosswalk,0.3061888080037842,-0.4305562176311968
50.0302,3,nces_crosswalk,0.3061888080037842,-0.4305562176311968
50.0399,3,nces_crosswalk,0.3061888080037842,-0.4305562176311968
50.0401,6,nces_crosswalk,0.5490302692089521,0.7183558839945159
50.0402,3,nces_crosswalk,0.49574182950025936,0.7376069350855957
50.0404,4,nces_crosswalk,0.4815404369085729,0.7435595388697366
50.0406,2,nces_crosswalk,0.4286634625945256,0.42832143212221313
50.0407,2,nces_crosswalk,0.43776938651297403,0.7250559770367795
50.0408,2,nces_crosswalk,0.49779040404040403,1.1314354722222222
50.0409,6,nces_crosswalk,0.5525010952788498,0.7707686486430864
50.0410,4,nces_crosswalk,0.4386687223331815,0.675615187781937
50.0411,2,nces_crosswalk,0.5357142857142857,0.7058651
50.0499,1,nces_crosswalk,,
50.0501,4,nces_crosswalk,0.3684763885233894,0.6313281315137175
50.0502,2,nces_crosswalk,0.4386687223331815,0.675615187781937
50.0504,2,nces_crosswalk,0.5916279656739021,0.8360821648056538
50.0505,1,nces_crosswalk,0.44642857142857145,0.7582769000000001
50.0506,2,nces_crosswalk,0.3153195488721805,0.4586852
50.0507,4,nces_crosswalk,0.3684763885233894,0.6313281315137175
50.0509,7,nces_crosswalk,0.37264986218256557,0.19081633032366313
50.0510,2,nces_crosswalk,0.43776938651297403,0.7250559770367795
50.0511,3,nces_crosswalk,0.45582215255453123,0.6104192765371025
50.0512,6,nces_crosswalk,0.30560076788857976,-0.07991722097220262
50.0599,5,nces_crosswalk,0.37951522082099015,0.6451088270586488
50.0601,2,nces_crosswalk,0.4606093196271893,0.8674454472705764
50.0602,4,nces_crosswalk,0.4624088879980382,0.7783190365522831
50.0605,2,nces_crosswalk,0.4286634625945256,0.42832143212221313
50.0607,5,nces_crosswalk,0.45981434947707733,0.831767902173913
50.0699,1,nces_crosswalk,0.44642857142857145,0.7582769000000001
50.0701,5,nces_crosswalk,0.3405240546733504,1.0768822380093446
50.0702,3,nces_crosswalk,0.4421261895672566,0.6161447605268182
50.0703,5,nces_crosswalk,0.44779285610930813,0.6680233138423685
50.0705,4,nces_crosswalk,0.45036364155188097,0.5752612230959562
50.0706,4,nces_crosswalk,0.4699088765525331,0.7474996049656957
50.0708,4,nces_crosswalk,0.45036364155188097,0.5752612230959562
50.0709,3,nces_crosswalk,0.43477793961403144,0.5514119233357718
50.0710,3,nces_crosswalk,0.43477793961403144,0.5514119233357718
50.0711,3,nces_crosswalk,0.43477793961403144,0.5514119233357718
50.0712,2,nces_crosswalk,0.43803943831455555,0.6795103596087223
50.0713,3,nces_crosswalk,0.38872977799002023,0.5240177859014763
50.0714,3,nces_crosswalk,0.38872977799002023,0.5240177859014763
50.0799,3,nces_crosswalk,0.4421261895672566,0.6161447605268182
50.0901,2,nces_crosswalk,0.3807291666666667,0.5936596
50.0902,1,nces_crosswalk,0.44642857142857145,0.7582769000000001
50.0903,3,nces_crosswalk,0.46204329548344625,0.5140072189004086
50.0904,2,nces_crosswalk,0.47639827655850275,0.7730137283506128
50.0905,2,nces_crosswalk,0.47639827655850275,0.7730137283506128
50.0906,2,nces_crosswalk,0.47639827655850275,0.7730137283506128
50.0907,2,nces_crosswalk,0.43988095238095243,0.3771355500000001
50.0908,3,nces_crosswalk,0.46204329548344625,0.5140072189004086
50.0910,2,nces_crosswalk,0.43988095238095243,0.3771355500000001
50.0911,2,nces_crosswalk,0.43988095238095243,0.3771355500000001
50.0912,2,nces_crosswalk,0.43988095238095243,0.3771355500000001
50.0913,4,nces_crosswalk,0.47660503519497366,0.7399276797617051
50.0914,2,nces_crosswalk,0.43988095238095243,0.3771355500000001
50.0915,2,nces_crosswalk,0.43988095238095243,0.3771355500000001
50.0916,2,nces_crosswalk,0.43988095238095243,0.3771355500000001
50.0917,2,nces_crosswalk,0.47639827655850275,0.7730137283506128
50.0999,3,nces_crosswalk,0.46204329548344625,0.5140072189004086
50.1001,3,nces_crosswalk,0.4875474665900101,0.9399732695086289
50.1002,3,nces_crosswalk,0.4875474665900101,0.9399732695086289
50.1003,2,nces_crosswalk,0.47639827655850275,0.7730137283506128
50.1004,3,nces_crosswalk,0.4838955727653282,0.9378901550036676
50.1099,3,nces_crosswalk,0.4875474665900101,0.9399732695086289
50.1101,3,nces_crosswalk,0.4421261895672566,0.6161447605268182
50.9999,1,nces_crosswalk,0.44642857142857145,0.7582769000000001
51.0000,1,nces_crosswalk,,
51.0001,2,nces_crosswalk,0.424292693906286,0.37474685539065566
51.0101,2,nces_crosswalk,0.4746585625616405,0.7552473154043695
51.0201,3,nces_crosswalk,0.4687502952710522,1.0123343917766303
51.0202,2,nces_crosswalk,0.47688193724848493,0.9077845215085345
51.0203,2,nces_crosswalk,0.4692298043016252,1.025142644961202
51.0204,3,nces_crosswalk,0.4687502952710522,1.0123343917766303
51.0299,3,nces_crosswalk,0.4687502952710522,1.0123343917766303
51.0401,2,nces_crosswalk,0.396118389772307,0.5267160401579587
51.0501,2,nces_crosswalk,0.47826086956521735,0.924754
51.0502,2,nces_crosswalk,0.396118389772307,0.5267160401579587
51.0503,1,nces_crosswalk,,
51.0504,3,nces_crosswalk,0.49039097821541555,0.8713943810984109
51.0505,2,nces_crosswalk,0.47826086956521735,0.924754
51.0506,2,nces_crosswalk,0.47826086956521735,0.924754
51.0507,2,nces_crosswalk,0.4686539028718401,0.8994915138031657
51.0508,2,nces_crosswalk,0.47339450768725005,0.9039223027562863
51.0509,2,nces_crosswalk,0.396118389772307,0.5267160401579587
51.0510,2,nces_crosswalk,0.47826086956521735,0.924754
51.0511,2,nces_crosswalk,0.47656580563266904,0.9205207325065274
51.0512,2,nces_crosswalk,0.47826086956521735,0.924754
51.0513,2,nces_crosswalk,0.47826086956521735,0.924754
51.0514,2,nces_crosswalk,0.47826086956521735,0.924754
51.0599,2,nces_crosswalk,0.47826086956521735,0.924754
51.0601,2,nces_crosswalk,0.33292661249908984,0.0004976723459101026
51.0602,2,nces_crosswalk,0.321947965005358,0.924754
51.0603,2,nces_crosswalk,0.4178537290058865,0.8004762180303504
51.0699,1,nces_crosswalk,,
51.0701,1,nces_crosswalk,0.4166666666666667,1.260259
51.0702,3,nces_crosswalk,0.42648974141055873,1.2710298261560884
51.0703,1,nces_crosswalk,0.32608695652173914,0.1660077
51.0704,1,nces_crosswalk,0.4166666666666667,1.260259
51.0705,1,nces_crosswalk,0.4827586206896552,1.038688
51.0706,3,nces_crosswalk,0.47482189857507046,1.260259
51.0707,2,nces_crosswalk,0.6239642655017509,
51.0708,1,nces_crosswalk,0.8666666666666667,1.06259
51.0709,2,nces_crosswalk,0.6333377830821488,
51.0710,1,nces_crosswalk,0.6875,1.2179820000000001
51.0711,6,nces_crosswalk,0.5022968812990377,0.8367527107554203
51.0712,2,nces_crosswalk,0.5648510105835465,1.1105770973735454
51.0713,2,nces_crosswalk,0.6239642655017509,
51.0714,2,nces_crosswalk,0.6504799156285954,1.1102266822401643
51.0715,1,nces_crosswalk,0.5344827586206896,1.274024
51.0716,1,nces_crosswalk,0.6875,1.2179820000000001
51.0717,2,nces_crosswalk,0.47696693167434623,0.5872758716292401
51.0718,1,nces_crosswalk,0.4166666666666667,1.260259
51.0719,3,nces_crosswalk,0.4567859793223397,1.1547771248360408
51.0720,2,nces_crosswalk,0.45779174678302026,1.0290790915101315
51.0721,3,nces_crosswalk,0.47482189857507046,1.260259
51.0722,1,nces_crosswalk,0.4166666666666667,1.260259
51.0723,2,nces_crosswalk,0.6302049180327869,
51.0799,1,nces_crosswalk,0.32608695652173914,0.1660077
51.0801,2,nces_crosswalk,0.39698792521575116,0.31480883736455145
51.0802,2,nces_crosswalk,0.33695652173913043,0.39871124999999996
51.0803,2,nces_crosswalk,0.4395838143046576,0.6913878495817435
51.0805,2,nces_crosswalk,0.42823129785235714,0.3000709323731871
51.0806,1,nces_crosswalk,0.14285714285714285,-0.5308535
51.0809,1,nces_crosswalk,0.375,0.1497917
51.0810,1,nces_crosswalk,0.09090909090909091,-0.8298703
51.0811,1,nces_crosswalk,0.09375,-0.4830476
51.0812,1,nces_crosswalk,0.39166666666666666,-0.283854
51.0813,1,nces_crosswalk,0.375,0.1497917
51.0814,2,nces_crosswalk,0.36704988065228544,-0.1149885204104669
51.0815,1,nces_crosswalk,0.32608695652173914,0.1660077
51.0816,1,nces_crosswalk,0.32608695652173914,0.1660077
51.0899,1,nces_crosswalk,0.32608695652173914,0.1660077
51.0901,2,nces_crosswalk,0.4609252457822737,0.6997640709425466
51.0902,2,nces_crosswalk,0.4609252457822737,0.6997640709425466
51.0903,2,nces_crosswalk,0.43910823167449653,0.3782948862038229
51.0904,3,nces_crosswalk,0.3163070406400549,0.924754
51.0905,2,nces_crosswalk,0.46506529062496477,0.8646156030543319
51.0906,2,nces_crosswalk,0.4609252457822737,0.6997640709425466
51.0907,5,nces_crosswalk,0.4151965902941898,0.03211071008227928
51.0908,3,nces_crosswalk,0.3787967732256787,0.232674474013648
51.0909,3,nces_crosswalk,0.3258504563754925,0.43657646646001236
51.0910,2,nces_crosswalk,0.4266537668455051,0.5805902094852776
51.0911,2,nces_crosswalk,0.42982841023706314,0.16931572907517267
51.0912,2,nces_crosswalk,0.38172834648347936,0.5784632679176882
51.0913,2,nces_crosswalk,0.4571926413168679,0.7726125449020932
51.0914,2,nces_crosswalk,0.43910823167449653,0.3782948862038229
51.0915,3,nces_crosswalk,0.43383393155834044,0.3150102025190643
51.0916,4,nces_crosswalk,0.4331534595519787,0.37500555954916537
51.0917,2,nces_crosswalk,0.43910823167449653,0.3782948862038229
51.0918,1,nces_crosswalk,0.2272727272727273,0.5648953
51.0919,2,nces_crosswalk,0.42982841023706314,0.16931572907517267
51.0920,2,nces_crosswalk,0.4533125355254814,0.7612149324680723
51.0921,2,nces_crosswalk,0.43910823167449653,0.3782948862038229
51.0922,2,nces_crosswalk,0.43910823167449653,0.3782948862038229
51.0923,2,nces_crosswalk,0.43910823167449653,0.3782948862038229
51.0999,2,nces_crosswalk,0.43910823167449653,0.3782948862038229
51.1001,2,nces_crosswalk,0.33695652173913043,0.39871124999999996
51.1002,2,nces_crosswalk,0.412463768115942,0.60328035
51.1003,2,nces_crosswalk,0.33695652173913043,0.39871124999999996
51.1004,2,nces_crosswalk,0.33695652173913043,0.39871124999999996
51.1005,2,nces_crosswalk,0.412463768115942,0.60328035
51.1006,2,nces_crosswalk,0.44754629520566686,0.8064283136164715
51.1007,2,nces_crosswalk,0.412463768115942,0.60328035
51.1008,2,nces_crosswalk,0.33695652173913043,0.39871124999999996
51.1009,2,nces_crosswalk,0.35565942803659156,0.45157229086373735
51.1010,3,nces_crosswalk,0.3401932367149758,0.3597430666666667
51.1011,2,nces_crosswalk,0.43910823167449653,0.3782948862038229
51.1012,3,nces_crosswalk,0.2981972428419936,0.21938722496215307
51.1099,3,nces_crosswalk,0.3401932367149758,0.3597430666666667
51.1101,1,nces_crosswalk,,
51.1102,1,nces_crosswalk,,
51.1103,1,nces_crosswalk,,
51.1105,1,nces_crosswalk,,
51.1106,1,nces_crosswalk,,
51.1107,1,nces_crosswalk,,
51.1108,1,nces_crosswalk,,
51.1109,1,nces_crosswalk,,
51.1110,1,nces_crosswalk,,
51.1111,1,nces_crosswalk,,
51.1199,1,nces_crosswalk,,
51.1201,17,nces_crosswalk,0.4157933221882407,
51.1202,17,nces_crosswalk,0.4157933221882407,
51.1203,1,nces_crosswalk,0.2727272727272727,0.6279185
51.1299,1,nces_crosswalk,,
51.1401,3,nces_crosswalk,0.5078446662507798,1.3041675917371724
51.1402,1,nces_crosswalk,0.5,1.279928
51.1403,1,nces_crosswalk,0.4158415841584159,
51.1404,1,nces_crosswalk,,
51.1405,2,nces_crosswalk,0.48777922971645954,1.0802650062244354
51.1499,1,nces_crosswalk,0.5,1.279928
51.1501,3,nces_crosswalk,0.31105743424584004,1.0993283333333332
51.1502,2,nces_crosswalk,0.1344983130409271,-0.2203484
51.1503,5,nces_crosswalk,0.2804759781554587,1.0958649923396862
51.1504,2,nces_crosswalk,0.424292693906286,0.37474685539065566
51.1505,2,nces_crosswalk,0.2556149536758359,1.3544790335272927
51.1506,5,nces_crosswalk,0.2532373279648964,1.3177102417059103
51.1507,1,nces_crosswalk,0.38333333333333336,
51.1508,1,nces_crosswalk,0.25925925925925924,1.34239
51.1509,1,nces_crosswalk,0.5,1.527667
51.1510,3,nces_crosswalk,0.22254599963838326,0.8620879040366654
51.1511,2,nces_crosswalk,0.2931354048872763,1.0476957211306366
51.1512,2,nces_crosswalk,0.35294117647058826,0.9339648
51.1513,1,nces_crosswalk,0.25925925925925924,1.34239
51.1599,1,nces_crosswalk,,
51.1701,1,nces_crosswalk,0.3,0.5040194
51.1801,1,nces_crosswalk,0.2857142857142857,0.1013966
51.1802,1,nces_crosswalk,0.325,0.078734
51.1803,1,nces_crosswalk,0.325,0.078734
51.1804,1,nces_crosswalk,0.325,0.078734
51.1899,1,nces_crosswalk,,
51.2001,3,nces_crosswalk,0.4319798467089693,1.0103899661366984
51.2002,2,nces_crosswalk,0.4333208479770624,1.1695433021323394
51.2003,3,nces_crosswalk,0.4837998493559228,1.0664767243285607
51.2004,4,nces_crosswalk,0.46819295498462443,0.9939026003042148
51.2005,2,nces_crosswalk,0.48777922971645954,1.0802650062244354
51.2006,3,nces_crosswalk,0.4586884160388837,0.8229895202617102
51.2007,4,nces_crosswalk,0.43628151847912733,1.1764969937241947
51.2008,3,nces_crosswalk,0.4319798467089693,1.0103899661366984
51.2009,3,nces_crosswalk,0.4711682928907057,0.8535329741839571
51.2010,2,nces_crosswalk,0.48777922971645954,1.0802650062244354
51.2011,4,nces_crosswalk,0.4502654832165551,1.233915647511442
51.2099,1,nces_crosswalk,0.47826086956521735,0.924754
51.2201,4,nces_crosswalk,0.43210509729406205,1.0625142998138946
51.2202,6,nces_crosswalk,0.4547363846587353,1.077032840044449
51.2205,3,nces_crosswalk,0.4928762874342098,0.9646460388947761
51.2206,3,nces_crosswalk,0.42053771359556014,0.924754
51.2207,3,nces_crosswalk,0.4585464321543835,0.7238377878893925
51.2208,3,nces_crosswalk,0.4247042397370422,1.0901975651572142
51.2209,3,nces_crosswalk,0.4585464321543835,0.7238377878893925
51.2210,2,nces_crosswalk,0.4280235162022019,1.2039024967032304
51.2211,1,nces_crosswalk,0.4166666666666667,1.260259
51.2212,3,nces_crosswalk,0.4585464321543835,0.7238377878893925
51.2213,5,nces_crosswalk,0.44739726184388784,1.0103939374747049
51.2214,3,nces_crosswalk,0.43362419679357367,1.1711725430062403
51.2299,2,nces_crosswalk,0.4333208479770624,1.1695433021323394
51.2300,2,nces_crosswalk,0.4684651226404867,0.924754
51.2301,2,nces_crosswalk,0.4684651226404867,0.924754
51.2302,2,nces_crosswalk,0.4684651226404867,0.924754
51.2305,2,nces_crosswalk,0.4684651226404867,0.924754
51.2306,2,nces_crosswalk,0.3983367627663287,0.5820085042609194
51.2307,3,nces_crosswalk,0.45526073658219246,0.8252558351078779
51.2308,2,nces_crosswalk,0.31917551700510777,0.22280965361031518
51.2309,2,nces_crosswalk,0.46814240962807024,0.8801445822057578
51.2310,2,nces_crosswalk,0.4406899454685585,0.7981624006075757
51.2311,2,nces_crosswalk,0.1897494472434666,-0.34810840582116065
51.2312,4,nces_crosswalk,0.44195219809907876,0.6085399859804066
51.2313,2,nces_crosswalk,0.4684651226404867,0.924754
51.2314,3,nces_crosswalk,0.4406899454685585,0.7981624006075757
51.2315,2,nces_crosswalk,0.4684651226404867,0.924754
51.2316,2,nces_crosswalk,0.4684651226404867,0.924754
51.2317,2,nces_crosswalk,0.4684651226404867,0.924754
51.2399,2,nces_crosswalk,0.4684651226404867,0.924754
51.2601,2,nces_crosswalk,0.1077454026268604,
51.2602,2,nces_crosswalk,0.14696969696969697,
51.2603,1,nces_crosswalk,0.32608695652173914,0.1660077
51.2604,3,nces_crosswalk,0.2736934701252139,-0.17015924019112208
51.2605,1,nces_crosswalk,0.15789473684210525,-0.8823265
51.2699,1,nces_crosswalk,,
51.2703,1,nces_crosswalk,0.40625,-0.5690498
51.2706,4,nces_crosswalk,0.7211740242299104,
51.2799,1,nces_crosswalk,,
51.3101,2,nces_crosswalk,0.5238158592987695,0.9180266117291304
51.3102,1,nces_crosswalk,0.5178571428571429,1.342809
51.3103,1,nces_crosswalk,0.5384615384615384,-0.1260282
51.3104,1,nces_crosswalk,0.5384615384615384,-0.1260282
51.3199,1,nces_crosswalk,0.5178571428571429,1.342809
51.3201,3,nces_crosswalk,0.4330839742945399,0.8085595157542187
51.3202,3,nces_crosswalk,0.4734081057866985,1.1693005115982447
51.3203,2,nces_crosswalk,0.4499137363949685,1.1763502569438533
51.3204,7,nces_crosswalk,0.509033926599716,1.2128562177631579
51.3205,2,nces_crosswalk,0.48310251798561143,1.384969179406475
51.3206,2,nces_crosswalk,0.4067146300547999,1.145769866311443
51.3299,2,nces_crosswalk,0.4166666666666667,1.260259
51.3300,1,nces_crosswalk,0.4861111111111111,
51.3301,2,nces_crosswalk,0.4175085329432559,
51.3302,1,nces_crosswalk,0.3888888888888889,0.2295568
51.3303,1,nces_crosswalk,0.4861111111111111,
51.3304,1,nces_crosswalk,0.4861111111111111,
51.3305,1,nces_crosswalk,0.4861111111111111,
51.3306,1,nces_crosswalk,0.4861111111111111,
51.3399,1,nces_crosswalk,0.4861111111111111,
51.3401,1,nces_crosswalk,0.4861111111111111,
51.3499,1,nces_crosswalk,0.4861111111111111,
51.3501,2,nces_crosswalk,0.3526876560023877,0.20403486693120038
51.3502,2,nces_crosswalk,0.3526876560023877,0.20403486693120038
51.3503,2,nces_crosswalk,0.3526876560023877,0.20403486693120038
51.3599,2,nces_crosswalk,0.3526876560023877,0.20403486693120038
51.3601,1,nces_crosswalk,0.3727272727272727,
51.3602,1,nces_crosswalk,0.022727272727272728,-2.111948
51.3603,1,nces_crosswalk,0.47826086956521735,0.924754
51.3699,1,nces_crosswalk,,
51.3701,1,nces_crosswalk,0.4861111111111111,
51.3702,2,nces_crosswalk,0.4326266673650394,0.2295568
51.3703,1,nces_crosswalk,0.4861111111111111,
51.3704,1,nces_crosswalk,0.4861111111111111,
51.3799,1,nces_crosswalk,0.4861111111111111,
51.3801,2,nces_crosswalk,0.38033384841910234,0.23589551032946943
51.3802,3,nces_crosswalk,0.3923714700472681,0.3695979554802039
51.3803,3,nces_crosswalk,0.3889763110676113,0.23197889979792208
51.3804,2,nces_crosswalk,0.31509484086924183,0.40693851322033897
51.3805,3,nces_crosswalk,0.3889763110676113,0.23197889979792208
51.3806,3,nces_crosswalk,0.3889763110676113,0.23197889979792208
51.3807,2,nces_crosswalk,0.4107644760359856,0.4875165201676758
51.3808,3,nces_crosswalk,0.3889763110676113,0.23197889979792208
51.3809,3,nces_crosswalk,0.3889763110676113,0.23197889979792208
51.3810,3,nces_crosswalk,0.3889763110676113,0.23197889979792208
51.3811,3,nces_crosswalk,0.3889763110676113,0.23197889979792208
51.3812,3,nces_crosswalk,0.3889763110676113,0.23197889979792208
51.3813,3,nces_crosswalk,0.3889763110676113,0.23197889979792208
51.3814,3,nces_crosswalk,0.3889763110676113,0.23197889979792208
51.3815,3,nces_crosswalk,0.3889763110676113,0.23197889979792208
51.3816,3,nces_crosswalk,0.3889763110676113,0.23197889979792208
51.3818,4,nces_crosswalk,0.39275294716818326,0.37222411022979573
51.3819,3,nces_crosswalk,0.3889763110676113,0.23197889979792208
51.3820,4,nces_crosswalk,0.39275294716818326,0.37222411022979573
51.3821,3,nces_crosswalk,0.3889763110676113,0.23197889979792208
51.3822,3,nces_crosswalk,0.3889763110676113,0.23197889979792208
51.3824,3,nces_crosswalk,0.3889763110676113,0.23197889979792208
51.3899,3,nces_crosswalk,0.3889763110676113,0.23197889979792208
51.3901,1,nces_crosswalk,0.23913043478260868,-0.5137373
51.3902,1,nces_crosswalk,0.10606060606060606,
51.3999,2,nces_crosswalk,0.14720063602343184,-0.5137373
51.9999,1,nces_crosswalk,,
52.0101,17,nces_crosswalk,0.4703658870872776,0.8789439587887242
52.0201,23,nces_crosswalk,0.49481225114327254,0.9717415637122332
52.0202,6,nces_crosswalk,0.4584627729584592,1.4107618614327473
52.0203,4,nces_crosswalk,0.4751851733349656,0.947779098553621
52.0204,2,nces_crosswalk,0.4725003460495738,1.038688
52.0205,8,nces_crosswalk,0.4549187395787417,0.5457643466073324
52.0206,9,nces_crosswalk,0.4683219021363524,0.7754158689729492
52.0207,2,nces_crosswalk,0.4725003460495738,1.038688
52.0208,3,nces_crosswalk,0.5207559635985298,0.7276533922953065
52.0209,1,nces_crosswalk,0.48333333333333334,0.8907923
52.0210,4,nces_crosswalk,0.46255408352281463,1.1402446766053713
52.0211,3,nces_crosswalk,0.5266412255219306,1.0095477668001247
52.0212,4,nces_crosswalk,0.477688322100734,0.45595613849801464
52.0213,6,nces_crosswalk,0.45307606881763357,1.2562488482512437
52.0214,5,nces_crosswalk,0.4645668244969529,1.1724159604920128
52.0215,5,nces_crosswalk,0.4764941863519827,0.7620173765275351
52.0216,6,nces_crosswalk,0.49014886714456374,1.0067867277290787
52.0299,1,nces_crosswalk,,
52.0301,9,nces_crosswalk,0.5473972150937624,1.46209337235104
52.0302,5,nces_crosswalk,0.7796180419639162,1.075162095033304
52.0303,3,nces_crosswalk,0.544284392427539,1.477013959674394
52.0304,7,nces_crosswalk,0.5200557405581823,1.4544061942857143
52.0305,6,nces_crosswalk,0.5226287304182513,1.453568595319046
52.0399,1,nces_crosswalk,,
52.0401,4,nces_crosswalk,0.5706059798780803,1.0793630008040935
52.0402,3,nces_crosswalk,0.5697382471935831,1.072509332407351
52.0406,3,nces_crosswalk,0.5594319905198991,0.9682577112880572
52.0407,2,nces_crosswalk,0.7386417031995542,0.743552668697653
52.0408,8,nces_crosswalk,0.5990568124165915,1.0045126208897512
52.0409,1,nces_crosswalk,0.6176470588235294,0.6999103000000001
52.0410,2,nces_crosswalk,0.6038389858278037,1.2900708622204473
52.0411,2,nces_crosswalk,0.5707170029193239,0.952947492145117
52.0499,1,nces_crosswalk,0.592391304347826,1.047687
52.0501,8,nces_crosswalk,0.6001557125111305,1.240363496914446
52.0502,4,nces_crosswalk,0.5857866375019908,1.1895954101841033
52.0599,7,nces_crosswalk,0.5976774247269137,1.2399844238829125
52.0601,5,nces_crosswalk,0.422037561063287,1.4304194981836056
52.0701,4,nces_crosswalk,0.47477920641428417,0.6794473624998018
52.0702,2,nces_crosswalk,0.4912661169486246,1.0095477668001247
52.0703,2,nces_crosswalk,0.4919556481664749,0.9646871999999999
52.0704,3,nces_crosswalk,0.4746801459570861,0.6667371692536886
52.0799,1,nces_crosswalk,,
52.0801,13,nces_crosswalk,0.4854729490950328,0.9112379359798997
52.0803,6,nces_crosswalk,0.6113481793604266,0.9342074346552292
52.0804,4,nces_crosswalk,0.5581011881250731,1.313744612693209
52.0806,4,nces_crosswalk,0.48014547744337543,1.4215680796366577
52.0807,4,nces_crosswalk,0.5356072634364449,1.3126774924065543
52.0808,5,nces_crosswalk,0.48081579944199404,1.4244486223555888
52.0809,4,nces_crosswalk,0.5127840205144387,1.4257172268498592
52.0810,7,nces_crosswalk,0.47623292045275434,0.8204202415821177
52.0899,1,nces_crosswalk,0.48412698412698413,1.446232
52.0901,4,nces_crosswalk,0.42420663684517956,-0.04192717738480697
52.0903,3,nces_crosswalk,0.44561749093451264,0.8445966562913554
52.0904,4,nces_crosswalk,0.5469846075383726,0.8238531346397299
52.0905,2,nces_crosswalk,0.43308469091247953,-0.04192717738480697
52.0906,2,nces_crosswalk,0.40867087529801005,0.4021726
52.0907,1,nces_crosswalk,0.4761904761904761,0.3740207
52.0908,2,nces_crosswalk,0.46663134156266955,0.8299206999999998
52.0909,3,nces_crosswalk,0.44369617946297457,0.2727492067621145
52.0910,1,nces_crosswalk,0.42857142857142855,-0.1213112
52.0999,3,nces_crosswalk,0.4741871808074782,0.6514714757583809
52.1001,10,nces_crosswalk,0.5648142152168159,1.2126663813261367
52.1002,6,nces_crosswalk,0.5044273767967186,1.0110995260242361
52.1003,5,nces_crosswalk,0.5909173739114729,1.3486373493620893
52.1004,3,nces_crosswalk,0.49343208407391537,1.3294161140851968
52.1005,1,nces_crosswalk,0.55,1.198409
52.1006,6,nces_crosswalk,0.5371115769778569,1.2482046195292937
52.1099,2,nces_crosswalk,0.631974225791531,1.359424448272079
52.1101,4,nces_crosswalk,0.4987039068044903,0.7251422720857317
52.1201,4,nces_crosswalk,0.6004784657985822,1.0708040360456057
52.1206,2,nces_crosswalk,0.5279337823933483,1.0708040360456057
52.1207,2,nces_crosswalk,0.5279337823933483,1.0708040360456057
52.1299,2,nces_crosswalk,0.5279337823933483,1.0708040360456057
52.1301,6,nces_crosswalk,0.47552235784265856,0.7997676771530615
52.1302,5,nces_crosswalk,0.6365923481286162,1.3559126566949862
52.1304,4,nces_crosswalk,0.5288228031692378,1.3589719964525764
52.1399,1,nces_crosswalk,,
52.1401,7,nces_crosswalk,0.4996839048930362,1.3447414681210867
52.1402,4,nces_crosswalk,0.5260678869096114,1.3902858586402553
52.1403,3,nces_crosswalk,0.5254722695631773,1.390067652047612
52.1404,4,nces_crosswalk,0.5432506226077033,1.390067652047612
52.1499,3,nces_crosswalk,0.5254722695631773,1.390067652047612
52.1501,5,nces_crosswalk,0.47764258051331737,1.0868274572686825
52.1601,5,nces_crosswalk,0.5525872769379728,1.4710963052556318
52.1701,8,nces_crosswalk,0.5483267205905025,1.323423439891719
52.1801,4,nces_crosswalk,0.5359057684902533,1.0096256157485952
52.1802,1,nces_crosswalk,0.475,0.8188258
52.1803,4,nces_crosswalk,0.559763149669919,0.024859622516690272
52.1804,8,nces_crosswalk,0.5408664063003668,0.340842393060892
52.1899,5,nces_crosswalk,0.5163398384011314,0.8164475343834969
52.1901,1,nces_crosswalk,,
52.1902,2,nces_crosswalk,0.5401315789473684,0.8206469500000001
52.1903,2,nces_crosswalk,0.2793289940828403,-1.0041106227218937
52.1904,3,nces_crosswalk,0.5437624925332137,0.9907783824677118
52.1905,2,nces_crosswalk,0.5420680283866053,1.4098342371240928
52.1906,1,nces_crosswalk,0.5408163265306123,1.426757
52.1907,2,nces_crosswalk,0.4888580465765853,1.0699621465369984
52.1908,2,nces_crosswalk,0.5616740820072766,1.366683132793435
52.1909,5,nces_crosswalk,0.5498015573788616,0.7500235827496575
52.1910,2,nces_crosswalk,0.5283572628013224,1.3926532720687046
52.1999,1,nces_crosswalk,,
52.2001,1,nces_crosswalk,0.44,1.029139
52.2002,3,nces_crosswalk,0.518878680076904,1.0860077731076085
52.2099,2,nces_crosswalk,0.4471047112494865,1.0860077731076085
52.2101,3,nces_crosswalk,0.5098704816100093,1.0340825946992893
52.9999,1,nces_crosswalk,,
53.0101,1,nces_crosswalk,,
53.0102,1,nces_crosswalk,,
53.0103,1,nces_crosswalk,,
53.0104,1,nces_crosswalk,,
53.0105,1,nces_crosswalk,,
53.0199,1,nces_crosswalk,,
53.0201,1,nces_crosswalk,,
53.0202,1,nces_crosswalk,,
53.0203,1,nces_crosswalk,,
53.0299,1,nces_crosswalk,,
54.0101,5,nces_crosswalk,0.3658672766657227,0.9922898749380581
54.0102,4,nces_crosswalk,0.39005440213237536,1.1113636477667812
54.0103,3,nces_crosswalk,0.49242055275451835,0.9791916011327839
54.0104,4,nces_crosswalk,0.49763783378880233,1.029517934270767
54.0105,6,nces_crosswalk,0.4882369719167837,0.9518073369160536
54.0106,3,nces_crosswalk,0.49242055275451835,0.9791916011327839
54.0107,3,nces_crosswalk,0.49242055275451835,0.9791916011327839
54.0108,3,nces_crosswalk,0.49242055275451835,0.9791916011327839
54.0199,3,nces_crosswalk,0.49242055275451835,0.9791916011327839
60.0101,1,nces_crosswalk,0.03571428571428571,-0.2389668
60.0102,2,nces_crosswalk,0.25,-0.1813301
60.0103,1,nces_crosswalk,,
60.0104,1,nces_crosswalk,,
60.0105,1,nces_crosswalk,0.3,0.1616631
60.0106,2,nces_crosswalk,0.25,-0.1813301
60.0107,1,nces_crosswalk,,
60.0108,1,nces_crosswalk,0.045454545454545456,-0.1561403
60.0109,1,nces_crosswalk,,
60.0110,1,nces_crosswalk,0.045454545454545456,-0.1561403
60.0199,1,nces_crosswalk,,
60.0301,1,nces_crosswalk,0.2826086956521739,-0.0749958
60.0302,1,nces_crosswalk,0.2826086956521739,-0.0749958
60.0303,1,nces_crosswalk,0.2826086956521739,-0.0749958
60.0304,1,nces_crosswalk,0.2826086956521739,-0.0749958
60.0305,1,nces_crosswalk,0.2826086956521739,-0.0749958
60.0306,1,nces_crosswalk,0.2826086956521739,-0.0749958
60.0307,1,nces_crosswalk,0.2826086956521739,-0.0749958
60.0308,1,nces_crosswalk,0.2826086956521739,-0.0749958
60.0309,1,nces_crosswalk,0.2826086956521739,-0.0749958
60.0310,1,nces_crosswalk,0.2826086956521739,-0.0749958
60.0311,1,nces_crosswalk,0.2826086956521739,-0.0749958
60.0312,1,nces_crosswalk,0.2826086956521739,-0.0749958
60.0313,1,nces_crosswalk,0.2826086956521739,-0.0749958
60.0314,1,nces_crosswalk,0.2826086956521739,-0.0749958
60.0315,1,nces_crosswalk,0.2826086956521739,-0.0749958
60.0316,1,nces_crosswalk,0.2826086956521739,-0.0749958
60.0317,1,nces_crosswalk,0.2826086956521739,-0.0749958
60.0318,1,nces_crosswalk,0.2826086956521739,-0.0749958
60.0319,1,nces_crosswalk,0.2826086956521739,-0.0749958
60.0320,1,nces_crosswalk,0.2826086956521739,-0.0749958
60.0399,1,nces_crosswalk,0.2826086956521739,-0.0749958
60.0701,1,nces_crosswalk,0.4814814814814815,0.1900572
60.0702,1,nces_crosswalk,0.4814814814814815,0.1900572
60.0703,1,nces_crosswalk,0.4814814814814815,0.1900572
60.0704,1,nces_crosswalk,0.4814814814814815,0.1900572
60.0705,1,nces_crosswalk,0.4814814814814815,0.1900572
60.0706,1,nces_crosswalk,0.4814814814814815,0.1900572
60.0707,1,nces_crosswalk,0.4814814814814815,0.1900572
60.0708,1,nces_crosswalk,0.4814814814814815,0.1900572
60.0709,1,nces_crosswalk,0.4814814814814815,0.1900572
60.0710,1,nces_crosswalk,0.4814814814814815,0.1900572
60.0711,1,nces_crosswalk,0.4814814814814815,0.1900572
60.0712,1,nces_crosswalk,0.4814814814814815,0.1900572
60.0713,1,nces_crosswalk,0.4814814814814815,0.1900572
60.0714,1,nces_crosswalk,0.4814814814814815,0.1900572
60.0715,1,nces_crosswalk,0.4814814814814815,0.1900572
60.0716,1,nces_crosswalk,0.4814814814814815,0.1900572
60.0717,1,nces_crosswalk,0.4814814814814815,0.1900572
60.0718,1,nces_crosswalk,0.4814814814814815,0.1900572
60.0719,1,nces_crosswalk,0.4814814814814815,0.1900572
60.0720,1,nces_crosswalk,0.4814814814814815,0.1900572
60.0721,1,nces_crosswalk,0.4814814814814815,0.1900572
60.0722,1,nces_crosswalk,0.4814814814814815,0.1900572
60.0723,1,nces_crosswalk,0.4814814814814815,0.1900572
60.0724,1,nces_crosswalk,0.4814814814814815,0.1900572
60.0725,1,nces_crosswalk,0.4814814814814815,0.1900572
60.0726,1,nces_crosswalk,0.4814814814814815,0.1900572
60.0727,1,nces_crosswalk,0.4814814814814815,0.1900572
60.0728,1,nces_crosswalk,0.4814814814814815,0.1900572
60.0729,1,nces_crosswalk,0.4814814814814815,0.1900572
60.0730,1,nces_crosswalk,0.4814814814814815,0.1900572
60.0731,1,nces_crosswalk,0.4814814814814815,0.1900572
60.0732,1,nces_crosswalk,0.4814814814814815,0.1900572
60.0733,1,nces_crosswalk,0.4814814814814815,0.1900572
60.0734,1,nces_crosswalk,0.4814814814814815,0.1900572
60.0735,1,nces_crosswalk,0.4814814814814815,0.1900572
60.0736,1,nces_crosswalk,0.4814814814814815,0.1900572
60.0737,1,nces_crosswalk,0.4814814814814815,0.1900572
60.0738,1,nces_crosswalk,0.4814814814814815,0.1900572
60.0739,1,nces_crosswalk,0.4814814814814815,0.1900572
60.0740,1,nces_crosswalk,0.4814814814814815,0.1900572
60.0741,1,nces_crosswalk,0.4814814814814815,0.1900572
60.0742,1,nces_crosswalk,0.4814814814814815,0.1900572
60.0743,1,nces_crosswalk,0.4814814814814815,0.1900572
60.0744,1,nces_crosswalk,0.4814814814814815,0.1900572
60.0745,1,nces_crosswalk,0.4814814814814815,0.1900572
60.0746,1,nces_crosswalk,0.4814814814814815,0.1900572
60.0747,1,nces_crosswalk,0.4814814814814815,0.1900572
60.0748,1,nces_crosswalk,0.4814814814814815,0.1900572
60.0749,1,nces_crosswalk,0.4814814814814815,0.1900572
60.0750,1,nces_crosswalk,0.4814814814814815,0.1900572
60.0751,1,nces_crosswalk,0.4814814814814815,0.1900572
60.0799,1,nces_crosswalk,0.4814814814814815,0.1900572
60.0801,1,nces_crosswalk,0.4285714285714285,0.6058705
60.0802,1,nces_crosswalk,0.4285714285714285,0.6058705
60.0803,1,nces_crosswalk,0.4285714285714285,0.6058705
60.0804,1,nces_crosswalk,0.4285714285714285,0.6058705
60.0805,1,nces_crosswalk,0.4285714285714285,0.6058705
60.0806,1,nces_crosswalk,0.4285714285714285,0.6058705
60.0807,1,nces_crosswalk,0.4285714285714285,0.6058705
60.0808,1,nces_crosswalk,0.4285714285714285,0.6058705
60.0809,1,nces_crosswalk,0.4285714285714285,0.6058705
60.0810,1,nces_crosswalk,0.4285714285714285,0.6058705
60.0811,1,nces_crosswalk,0.4285714285714285,0.6058705
60.0812,1,nces_crosswalk,0.4285714285714285,0.6058705
60.0813,1,nces_crosswalk,0.4285714285714285,0.6058705
60.0814,1,nces_crosswalk,0.4285714285714285,0.6058705
60.0815,1,nces_crosswalk,0.4285714285714285,0.6058705
60.0816,1,nces_crosswalk,0.4285714285714285,0.6058705
60.0817,1,nces_crosswalk,0.4285714285714285,0.6058705
60.0818,1,nces_crosswalk,0.4285714285714285,0.6058705
60.0819,1,nces_crosswalk,0.4285714285714285,0.6058705
60.0820,1,nces_crosswalk,0.4285714285714285,0.6058705
60.0821,1,nces_crosswalk,0.4285714285714285,0.6058705
60.0822,1,nces_crosswalk,0.4285714285714285,0.6058705
60.0823,1,nces_crosswalk,0.4285714285714285,0.6058705
60.0824,1,nces_crosswalk,0.4285714285714285,0.6058705
60.0825,1,nces_crosswalk,0.4285714285714285,0.6058705
60.0826,1,nces_crosswalk,0.4285714285714285,0.6058705
60.0827,1,nces_crosswalk,0.4285714285714285,0.6058705
60.0828,1,nces_crosswalk,0.4285714285714285,0.6058705
60.0829,1,nces_crosswalk,0.4285714285714285,0.6058705
60.0830,1,nces_crosswalk,0.4285714285714285,0.6058705
60.0831,1,nces_crosswalk,0.4285714285714285,0.6058705
60.0832,1,nces_crosswalk,0.4285714285714285,0.6058705
60.0899,1,nces_crosswalk,0.4285714285714285,0.6058705
60.0901,1,nces_crosswalk,0.25,0.1059147
60.0902,1,nces_crosswalk,0.25,0.1059147
60.0903,1,nces_crosswalk,0.25,0.1059147
60.0904,1,nces_crosswalk,0.25,0.1059147
60.0905,1,nces_crosswalk,0.25,0.1059147
60.0906,1,nces_crosswalk,0.25,0.1059147
60.0907,1,nces_crosswalk,0.25,0.1059147
60.0908,1,nces_crosswalk,0.25,0.1059147
60.0909,1,nces_crosswalk,0.25,0.1059147
60.0910,1,nces_crosswalk,0.25,0.1059147
60.0911,1,nces_crosswalk,0.25,0.1059147
60.0912,1,nces_crosswalk,0.25,0.1059147
60.0913,1,nces_crosswalk,0.25,0.1059147
60.0914,1,nces_crosswalk,0.25,0.1059147
60.0915,1,nces_crosswalk,0.25,0.1059147
60.0916,1,nces_crosswalk,0.25,0.1059147
60.0917,1,nces_crosswalk,0.25,0.1059147
60.0918,1,nces_crosswalk,0.25,0.1059147
60.0919,1,nces_crosswalk,0.25,0.1059147
60.0920,1,nces_crosswalk,0.25,0.1059147
60.0999,1,nces_crosswalk,0.25,0.1059147
60.9999,1,nces_crosswalk,,
61.0101,4,nces_crosswalk,0.4542963213932177,1.0802650062244354
61.0102,3,nces_crosswalk,0.4874961129026809,1.0802650062244354
61.0103,4,nces_crosswalk,0.4646763352211431,1.0802650062244354
61.0104,4,nces_crosswalk,0.47188326771842104,1.0802650062244354
61.0105,4,nces_crosswalk,0.45031879305492506,1.0802650062244354
61.0106,4,nces_crosswalk,0.45031879305492506,1.0802650062244354
61.0107,4,nces_crosswalk,0.47307493720537197,1.0802650062244354
61.0108,4,nces_crosswalk,0.46389648479015827,1.0802650062244354
61.0109,4,nces_crosswalk,0.47965017844459473,1.0802650062244354
61.0110,4,nces_crosswalk,0.47917805371388267,1.0802650062244354
61.0111,4,nces_crosswalk,0.47917805371388267,1.0802650062244354
61.0112,4,nces_crosswalk,0.47076314442497375,1.0802650062244354
61.0113,3,nces_crosswalk,0.4542963213932177,1.0802650062244354
61.0114,4,nces_crosswalk,0.48089253650658714,1.0802650062244354
61.0115,4,nces_crosswalk,0.48099978540560867,1.0802650062244354
61.0116,4,nces_crosswalk,0.4537173293736647,1.0802650062244354
61.0117,4,nces_crosswalk,0.4805412668270379,1.0802650062244354
61.0118,3,nces_crosswalk,0.4542963213932177,1.0802650062244354
61.0119,4,nces_crosswalk,0.46680781159261264,1.0802650062244354
61.0120,4,nces_crosswalk,0.4830366951787416,1.0802650062244354
61.0121,4,nces_crosswalk,0.45512360248505035,1.0802650062244354
61.0122,4,nces_crosswalk,0.45512360248505035,1.0802650062244354
61.0123,4,nces_crosswalk,0.4845230158870181,1.0802650062244354
61.0124,4,nces_crosswalk,0.48464083084678217,1.0802650062244354
61.0125,3,nces_crosswalk,0.4542963213932177,1.0802650062244354
61.0199,4,nces_crosswalk,0.4542963213932177,1.0802650062244354
61.0202,3,nces_crosswalk,0.4841864169421014,1.0802650062244354
61.0203,3,nces_crosswalk,0.4542963213932177,1.0802650062244354
61.0204,1,nces_crosswalk,0.47826086956521735,0.924754
61.0205,3,nces_crosswalk,0.4542963213932177,1.0802650062244354
61.0206,3,nces_crosswalk,0.4542963213932177,1.0802650062244354
61.0207,2,nces_crosswalk,0.4725361655807731,1.1657138388261064
61.0208,4,nces_crosswalk,0.45419334460205857,1.0802650062244354
61.0209,3,nces_crosswalk,0.4542963213932177,1.0802650062244354
61.0210,3,nces_crosswalk,0.4542963213932177,1.0802650062244354
61.0211,2,nces_crosswalk,0.4725361655807731,1.1657138388261064
61.0212,3,nces_crosswalk,0.4542963213932177,1.0802650062244354
61.0213,3,nces_crosswalk,0.4542963213932177,1.0802650062244354
61.0214,3,nces_crosswalk,0.4824379647511605,1.0802650062244354
61.0215,3,nces_crosswalk,0.4542963213932177,1.0802650062244354
61.0216,3,nces_crosswalk,0.4542963213932177,1.0802650062244354
61.0217,3,nces_crosswalk,0.4841864169421014,1.0802650062244354
61.0218,3,nces_crosswalk,0.4542963213932177,1.0802650062244354
61.0299,4,nces_crosswalk,0.4542963213932177,1.0802650062244354
61.0301,3,nces_crosswalk,0.4542963213932177,1.0802650062244354
61.0399,3,nces_crosswalk,0.4542963213932177,1.0802650062244354
61.0401,2,nces_crosswalk,0.4442363673756707,0.924754
61.0499,3,nces_crosswalk,0.4664634054367686,1.0802650062244354
61.0501,2,nces_crosswalk,0.4738929215756633,0.924754
61.0502,4,nces_crosswalk,0.48399796302063747,1.0802650062244354
61.0503,3,nces_crosswalk,0.48500283785708503,1.0802650062244354
61.0599,3,nces_crosswalk,0.48500283785708503,1.0802650062244354
61.0601,2,nces_crosswalk,0.4734631712045517,0.924754
61.0602,3,nces_crosswalk,0.4841864169421014,1.0802650062244354
61.0603,4,nces_crosswalk,0.48200357262246546,1.0786236572425143
61.0699,3,nces_crosswalk,0.4841864169421014,1.0802650062244354
61.0701,2,nces_crosswalk,0.4602158969788176,0.924754
61.0799,3,nces_crosswalk,0.47389803362207783,1.0802650062244354
61.0801,2,nces_crosswalk,0.47106848374724314,0.924754
61.0804,3,nces_crosswalk,0.4818198651951707,1.0802650062244354
61.0805,3,nces_crosswalk,0.4818198651951707,1.0802650062244354
61.0806,3,nces_crosswalk,0.4542963213932177,1.0802650062244354
61.0807,3,nces_crosswalk,0.4542963213932177,1.0802650062244354
61.0808,3,nces_crosswalk,0.4542963213932177,1.0802650062244354
61.0809,3,nces_crosswalk,0.4542963213932177,1.0802650062244354
61.0810,3,nces_crosswalk,0.4542963213932177,1.0802650062244354
61.0811,3,nces_crosswalk,0.4818198651951707,1.0802650062244354
61.0812,3,nces_crosswalk,0.4542963213932177,1.0802650062244354
61.0813,3,nces_crosswalk,0.4542963213932177,1.0802650062244354
61.0814,3,nces_crosswalk,0.4542963213932177,1.0802650062244354
61.0816,3,nces_crosswalk,0.4542963213932177,1.0802650062244354
61.0818,3,nces_crosswalk,0.4542963213932177,1.0802650062244354
61.0899,3,nces_crosswalk,0.4542963213932177,1.0802650062244354
61.0901,3,nces_crosswalk,0.4542963213932177,1.0802650062244354
61.0902,3,nces_crosswalk,0.4542963213932177,1.0802650062244354
61.0903,3,nces_crosswalk,0.4542963213932177,1.0802650062244354
61.0904,3,nces_crosswalk,0.4542963213932177,1.0802650062244354
61.0999,3,nces_crosswalk,0.4542963213932177,1.0802650062244354
61.1001,2,nces_crosswalk,0.47826086956521735,0.924754
61.1099,3,nces_crosswalk,0.48777922971645954,1.0802650062244354
61.1101,2,nces_crosswalk,0.4763991529746211,0.924754
61.1102,2,nces_crosswalk,0.4763991529746211,0.924754
61.1103,3,nces_crosswalk,0.48646191887356666,1.0802650062244354
61.1104,3,nces_crosswalk,0.48646191887356666,1.0802650062244354
61.1105,3,nces_crosswalk,0.48646191887356666,1.0802650062244354
61.1106,3,nces_crosswalk,0.48646191887356666,1.0802650062244354
61.1107,3,nces_crosswalk,0.48646191887356666,1.0802650062244354
61.1199,3,nces_crosswalk,0.48646191887356666,1.0802650062244354
61.1201,2,nces_crosswalk,0.4788083210047935,0.924754
61.1299,3,nces_crosswalk,0.4874961129026809,1.0802650062244354
61.1301,2,nces_crosswalk,0.47140057975795013,0.924754
61.1302,3,nces_crosswalk,0.4832809858719494,1.0802650062244354
61.1303,3,nces_crosswalk,0.4832809858719494,1.0802650062244354
61.1304,3,nces_crosswalk,0.4542963213932177,1.0802650062244354
61.1399,3,nces_crosswalk,0.4832809858719494,1.0802650062244354
61.1401,2,nces_crosswalk,0.47586634208740475,0.924754
61.1499,3,nces_crosswalk,0.4861982046784636,1.0802650062244354
61.1501,3,nces_crosswalk,0.46903324666434676,0.924754
61.1502,3,nces_crosswalk,0.4542963213932177,1.0802650062244354
61.1503,3,nces_crosswalk,0.4542963213932177,1.0802650062244354
61.1504,4,nces_crosswalk,0.4820848736388307,1.0802650062244354
61.1505,3,nces_crosswalk,0.4873974286497413,1.0802650062244354
61.1599,3,nces_crosswalk,0.4824379647511605,1.0802650062244354
61.1601,2,nces_crosswalk,0.44033052063240113,0.924754
61.1699,3,nces_crosswalk,0.4542963213932177,1.0802650062244354
61.1701,3,nces_crosswalk,0.44033052063240113,0.924754
61.1702,4,nces_crosswalk,0.4542963213932177,1.0802650062244354
61.1703,4,nces_crosswalk,0.48587248766473934,1.0802650062244354
61.1799,4,nces_crosswalk,0.4542963213932177,1.0802650062244354
61.1801,2,nces_crosswalk,0.47678391327390646,0.924754
61.1802,2,nces_crosswalk,0.47678391327390646,0.924754
61.1803,2,nces_crosswalk,0.47678391327390646,0.924754
61.1804,4,nces_crosswalk,0.45419334460205857,1.0802650062244354
61.1805,3,nces_crosswalk,0.4866699094845582,1.0802650062244354
61.1806,3,nces_crosswalk,0.4866699094845582,1.0802650062244354
61.1807,3,nces_crosswalk,0.4866699094845582,1.0802650062244354
61.1808,3,nces_crosswalk,0.4866699094845582,1.0802650062244354
61.1809,3,nces_crosswalk,0.4866699094845582,1.0802650062244354
61.1810,3,nces_crosswalk,0.4866699094845582,1.0802650062244354
61.1811,3,nces_crosswalk,0.4866699094845582,1.0802650062244354
61.1812,3,nces_crosswalk,0.4866699094845582,1.0802650062244354
61.1813,3,nces_crosswalk,0.4866699094845582,1.0802650062244354
61.1814,3,nces_crosswalk,0.4866699094845582,1.0802650062244354
61.1815,3,nces_crosswalk,0.4866699094845582,1.0802650062244354
61.1899,3,nces_crosswalk,0.4866699094845582,1.0802650062244354
61.1901,2,nces_crosswalk,0.47710140871990697,0.924754
61.1902,4,nces_crosswalk,0.45512360248505035,1.0802650062244354
61.1903,3,nces_crosswalk,0.4862153653508798,1.0802650062244354
61.1904,3,nces_crosswalk,0.4862153653508798,1.0802650062244354
61.1905,3,nces_crosswalk,0.4862153653508798,1.0802650062244354
61.1906,4,nces_crosswalk,0.48083735636352337,1.0802650062244354
61.1907,4,nces_crosswalk,0.4830366951787416,1.0802650062244354
61.1908,4,nces_crosswalk,0.4830366951787416,1.0802650062244354
61.1909,3,nces_crosswalk,0.4862153653508798,1.0802650062244354
61.1910,3,nces_crosswalk,0.4862153653508798,1.0802650062244354
61.1911,3,nces_crosswalk,0.4862153653508798,1.0802650062244354
61.1912,3,nces_crosswalk,0.4862153653508798,1.0802650062244354
61.1913,3,nces_crosswalk,0.4862153653508798,1.0802650062244354
61.1914,3,nces_crosswalk,0.4862153653508798,1.0802650062244354
61.1915,3,nces_crosswalk,0.4862153653508798,1.0802650062244354
61.1917,3,nces_crosswalk,0.4862153653508798,1.0802650062244354
61.1999,3,nces_crosswalk,0.4862153653508798,1.0802650062244354
61.2001,2,nces_crosswalk,0.44033052063240113,0.924754
61.2002,3,nces_crosswalk,0.4542963213932177,1.0802650062244354
61.2003,3,nces_crosswalk,0.4862153653508798,1.0802650062244354
61.2099,3,nces_crosswalk,0.4542963213932177,1.0802650062244354
61.2101,3,nces_crosswalk,0.4776342031417687,0.924754
61.2102,3,nces_crosswalk,0.4776342031417687,0.924754
61.2103,4,nces_crosswalk,0.4873974286497413,1.0802650062244354
61.2199,4,nces_crosswalk,0.4873974286497413,1.0802650062244354
61.2201,2,nces_crosswalk,0.4696461684723778,0.9123124860792379
61.2299,3,nces_crosswalk,0.48261742817499975,1.069407523568648
61.2301,2,nces_crosswalk,0.44033052063240113,0.924754
61.2302,2,nces_crosswalk,0.44033052063240113,0.924754
61.2303,2,nces_crosswalk,0.44033052063240113,0.924754
61.2399,3,nces_crosswalk,0.4542963213932177,1.0802650062244354
61.2401,2,nces_crosswalk,0.476023868707572,0.924754
61.2402,3,nces_crosswalk,0.4858249704104991,1.0802650062244354
61.2403,3,nces_crosswalk,0.4858249704104991,1.0802650062244354
61.2404,3,nces_crosswalk,0.4858249704104991,1.0802650062244354
61.2405,3,nces_crosswalk,0.4858249704104991,1.0802650062244354
61.2406,3,nces_crosswalk,0.4858249704104991,1.0802650062244354
61.2499,3,nces_crosswalk,0.4858249704104991,1.0802650062244354
61.2501,3,nces_crosswalk,0.4422791720238359,0.924754
61.2599,4,nces_crosswalk,0.4553149569713029,1.0802650062244354
61.2601,2,nces_crosswalk,0.4788083210047935,0.924754
61.2602,2,nces_crosswalk,0.4788083210047935,0.924754
61.2603,3,nces_crosswalk,0.4874961129026809,1.0802650062244354
61.2604,2,nces_crosswalk,0.4788083210047935,0.924754
61.2605,2,nces_crosswalk,0.4788083210047935,0.924754
61.2606,3,nces_crosswalk,0.4874961129026809,1.0802650062244354
61.2607,3,nces_crosswalk,0.4874961129026809,1.0802650062244354
61.2608,3,nces_crosswalk,0.4874961129026809,1.0802650062244354
61.2609,4,nces_crosswalk,0.48604755971521474,1.0802650062244354
61.2610,2,nces_crosswalk,0.4788083210047935,0.924754
61.2611,2,nces_crosswalk,0.4788083210047935,0.924754
61.2612,3,nces_crosswalk,0.4874961129026809,1.0802650062244354
61.2699,3,nces_crosswalk,0.4874961129026809,1.0802650062244354
61.2701,2,nces_crosswalk,0.47826086956521735,0.924754
61.2702,2,nces_crosswalk,0.47826086956521735,0.924754
61.2703,3,nces_crosswalk,0.48777922971645954,1.0802650062244354
61.2704,4,nces_crosswalk,0.4873974286497413,1.0802650062244354
61.2705,3,nces_crosswalk,0.4873974286497413,1.0802650062244354
61.2706,3,nces_crosswalk,0.48777922971645954,1.0802650062244354
61.2707,3,nces_crosswalk,0.48777922971645954,1.0802650062244354
61.2708,3,nces_crosswalk,0.48777922971645954,1.0802650062244354
61.2799,3,nces_crosswalk,0.48777922971645954,1.0802650062244354
61.2801,2,nces_crosswalk,0.47826086956521735,0.924754
61.2802,3,nces_crosswalk,0.4873974286497413,1.0802650062244354
61.2899,3,nces_crosswalk,0.48777922971645954,1.0802650062244354
61.9999,4,nces_crosswalk,0.4542963213932177,1.0802650062244354
99.9999,180,nces_crosswalk,0.18184675690239674,-0.8190064471298589
