state_abbr,series,cycle,ref_start,ref_end,share_using_ai,se,suppressed,state_fips
AL,ai_in_any_function,202524,2025-11-03,2025-11-16,14.5,1.8,False,01
AL,ai_in_production,202322,2023-10-09,2023-10-22,4.0,1.15,False,01
AL,ai_in_production,202324,2023-11-06,2023-11-19,3.9,0.83,False,01
AL,ai_in_production,202325,2023-11-20,2023-12-03,3.2,0.83,False,01
AL,ai_in_production,202401,2023-12-18,2023-12-31,3.3,1.48,False,01
AL,ai_in_production,202402,2024-01-01,2024-01-14,4.1,0.98,False,01
AL,ai_in_production,202403,2024-01-15,2024-01-28,3.9,1.22,False,01
AL,ai_in_production,202404,2024-01-29,2024-02-11,4.3,0.9,False,01
AL,ai_in_production,202405,2024-02-12,2024-02-25,3.3,0.96,False,01
AL,ai_in_production,202408,2024-03-25,2024-04-07,3.1,0.73,False,01
AL,ai_in_production,202409,2024-04-08,2024-04-21,3.5,1.41,False,01
AL,ai_in_production,202410,2024-04-22,2024-05-05,3.0,1.12,False,01
AL,ai_in_production,202414,2024-06-17,2024-06-30,3.7,1.0,False,01
AL,ai_in_production,202415,2024-07-01,2024-07-14,3.5,0.96,False,01
AL,ai_in_production,202416,2024-07-15,2024-07-28,3.8,1.0,False,01
AL,ai_in_production,202417,2024-07-29,2024-08-11,3.1,0.87,False,01
AL,ai_in_production,202419,2024-08-26,2024-09-08,5.8,1.57,False,01
AL,ai_in_production,202420,2024-09-09,2024-09-22,3.7,1.45,False,01
AL,ai_in_production,202421,2024-09-23,2024-10-06,2.6,0.92,False,01
AL,ai_in_production,202422,2024-10-07,2024-10-20,3.9,1.07,False,01
AL,ai_in_production,202424,2024-11-04,2024-11-17,3.3,1.07,False,01
AL,ai_in_production,202425,2024-11-18,2024-12-01,6.4,1.37,False,01
AL,ai_in_production,202426,2024-12-02,2024-12-15,6.5,1.4,False,01
AL,ai_in_production,202501,2024-12-16,2024-12-29,3.5,0.77,False,01
AL,ai_in_production,202502,2024-12-30,2025-01-12,4.1,1.41,False,01
AL,ai_in_production,202503,2025-01-13,2025-01-26,5.2,1.38,False,01
AL,ai_in_production,202504,2025-01-27,2025-02-09,3.7,0.77,False,01
AL,ai_in_production,202505,2025-02-10,2025-02-23,6.0,1.65,False,01
AL,ai_in_production,202506,2025-02-24,2025-03-09,5.5,1.87,False,01
AL,ai_in_production,202507,2025-03-10,2025-03-23,5.4,0.96,False,01
AL,ai_in_production,202509,2025-04-07,2025-04-20,7.5,1.38,False,01
AL,ai_in_production,202510,2025-04-21,2025-05-04,5.7,1.4,False,01
AL,ai_in_production,202511,2025-05-05,2025-05-18,10.2,1.54,False,01
AL,ai_in_production,202512,2025-05-19,2025-06-01,5.9,1.55,False,01
AL,ai_in_production,202514,2025-06-16,2025-06-29,7.1,2.23,False,01
AL,ai_in_production,202515,2025-06-30,2025-07-13,6.3,1.71,False,01
AL,ai_in_production,202516,2025-07-14,2025-07-27,6.6,1.41,False,01
AL,ai_in_production,202517,2025-07-28,2025-08-10,10.1,1.89,False,01
AL,ai_in_production,202518,2025-08-11,2025-08-24,6.3,1.51,False,01
AL,ai_in_production,202519,2025-08-25,2025-09-07,5.9,1.72,False,01
AL,ai_in_production,202520,2025-09-08,2025-09-21,7.1,1.32,False,01
AR,ai_in_any_function,202524,2025-11-03,2025-11-16,14.4,2.44,False,05
AR,ai_in_production,202321,2023-09-25,2023-10-08,4.6,1.81,False,05
AR,ai_in_production,202324,2023-11-06,2023-11-19,5.3,1.58,False,05
AR,ai_in_production,202407,2024-03-11,2024-03-24,4.0,1.56,False,05
AR,ai_in_production,202409,2024-04-08,2024-04-21,4.8,1.21,False,05
AR,ai_in_production,202413,2024-06-03,2024-06-16,5.8,2.13,False,05
AR,ai_in_production,202419,2024-08-26,2024-09-08,5.8,1.51,False,05
AR,ai_in_production,202421,2024-09-23,2024-10-06,5.0,1.49,False,05
AR,ai_in_production,202501,2024-12-16,2024-12-29,5.8,1.42,False,05
AR,ai_in_production,202506,2025-02-24,2025-03-09,5.3,2.58,False,05
AR,ai_in_production,202507,2025-03-10,2025-03-23,9.8,2.22,False,05
AR,ai_in_production,202511,2025-05-05,2025-05-18,7.1,2.16,False,05
AR,ai_in_production,202513,2025-06-02,2025-06-15,9.1,2.71,False,05
AR,ai_in_production,202514,2025-06-16,2025-06-29,9.3,2.14,False,05
AR,ai_in_production,202515,2025-06-30,2025-07-13,7.5,1.94,False,05
AR,ai_in_production,202516,2025-07-14,2025-07-27,5.8,2.14,False,05
AR,ai_in_production,202517,2025-07-28,2025-08-10,6.4,1.31,False,05
AR,ai_in_production,202518,2025-08-11,2025-08-24,8.6,1.57,False,05
AR,ai_in_production,202519,2025-08-25,2025-09-07,8.0,1.94,False,05
AR,ai_in_production,202520,2025-09-08,2025-09-21,5.8,1.84,False,05
AZ,ai_in_any_function,202524,2025-11-03,2025-11-16,24.5,1.7,False,04
AZ,ai_in_production,202319,2023-08-28,2023-09-10,5.1,0.81,False,04
AZ,ai_in_production,202320,2023-09-11,2023-09-24,4.4,0.84,False,04
AZ,ai_in_production,202321,2023-09-25,2023-10-08,6.8,0.99,False,04
AZ,ai_in_production,202322,2023-10-09,2023-10-22,5.6,0.86,False,04
AZ,ai_in_production,202323,2023-10-23,2023-11-05,5.5,1.08,False,04
AZ,ai_in_production,202324,2023-11-06,2023-11-19,6.4,1.24,False,04
AZ,ai_in_production,202325,2023-11-20,2023-12-03,6.4,1.02,False,04
AZ,ai_in_production,202326,2023-12-04,2023-12-17,5.8,1.12,False,04
AZ,ai_in_production,202401,2023-12-18,2023-12-31,5.3,1.17,False,04
AZ,ai_in_production,202402,2024-01-01,2024-01-14,5.7,1.31,False,04
AZ,ai_in_production,202403,2024-01-15,2024-01-28,5.6,0.95,False,04
AZ,ai_in_production,202404,2024-01-29,2024-02-11,7.6,1.25,False,04
AZ,ai_in_production,202405,2024-02-12,2024-02-25,4.8,1.08,False,04
AZ,ai_in_production,202406,2024-02-26,2024-03-10,4.8,1.28,False,04
AZ,ai_in_production,202407,2024-03-11,2024-03-24,5.2,0.85,False,04
AZ,ai_in_production,202408,2024-03-25,2024-04-07,6.8,1.39,False,04
AZ,ai_in_production,202409,2024-04-08,2024-04-21,4.8,0.97,False,04
AZ,ai_in_production,202410,2024-04-22,2024-05-05,5.0,0.82,False,04
AZ,ai_in_production,202411,2024-05-06,2024-05-19,6.2,1.51,False,04
AZ,ai_in_production,202412,2024-05-20,2024-06-02,6.3,0.95,False,04
AZ,ai_in_production,202413,2024-06-03,2024-06-16,6.0,1.07,False,04
AZ,ai_in_production,202414,2024-06-17,2024-06-30,4.9,1.15,False,04
AZ,ai_in_production,202415,2024-07-01,2024-07-14,7.6,1.2,False,04
AZ,ai_in_production,202416,2024-07-15,2024-07-28,6.8,1.27,False,04
AZ,ai_in_production,202417,2024-07-29,2024-08-11,5.3,0.59,False,04
AZ,ai_in_production,202418,2024-08-12,2024-08-25,5.3,0.98,False,04
AZ,ai_in_production,202419,2024-08-26,2024-09-08,9.4,1.33,False,04
AZ,ai_in_production,202420,2024-09-09,2024-09-22,8.1,1.26,False,04
AZ,ai_in_production,202421,2024-09-23,2024-10-06,6.1,1.14,False,04
AZ,ai_in_production,202422,2024-10-07,2024-10-20,7.1,1.17,False,04
AZ,ai_in_production,202423,2024-10-21,2024-11-03,8.0,1.24,False,04
AZ,ai_in_production,202424,2024-11-04,2024-11-17,6.3,1.33,False,04
AZ,ai_in_production,202425,2024-11-18,2024-12-01,7.5,1.35,False,04
AZ,ai_in_production,202426,2024-12-02,2024-12-15,8.4,1.03,False,04
AZ,ai_in_production,202501,2024-12-16,2024-12-29,6.1,1.13,False,04
AZ,ai_in_production,202502,2024-12-30,2025-01-12,6.7,1.22,False,04
AZ,ai_in_production,202503,2025-01-13,2025-01-26,7.1,1.32,False,04
AZ,ai_in_production,202504,2025-01-27,2025-02-09,6.2,1.07,False,04
AZ,ai_in_production,202505,2025-02-10,2025-02-23,8.5,1.34,False,04
AZ,ai_in_production,202506,2025-02-24,2025-03-09,10.2,1.28,False,04
AZ,ai_in_production,202507,2025-03-10,2025-03-23,8.8,1.55,False,04
AZ,ai_in_production,202508,2025-03-24,2025-04-06,9.8,1.23,False,04
AZ,ai_in_production,202509,2025-04-07,2025-04-20,11.0,1.97,False,04
AZ,ai_in_production,202510,2025-04-21,2025-05-04,5.9,0.73,False,04
AZ,ai_in_production,202511,2025-05-05,2025-05-18,12.6,1.58,False,04
AZ,ai_in_production,202512,2025-05-19,2025-06-01,13.3,1.59,False,04
AZ,ai_in_production,202513,2025-06-02,2025-06-15,9.2,1.85,False,04
AZ,ai_in_production,202514,2025-06-16,2025-06-29,11.6,2.26,False,04
AZ,ai_in_production,202515,2025-06-30,2025-07-13,12.2,0.8,False,04
AZ,ai_in_production,202516,2025-07-14,2025-07-27,9.9,1.04,False,04
AZ,ai_in_production,202517,2025-07-28,2025-08-10,10.4,1.37,False,04
AZ,ai_in_production,202518,2025-08-11,2025-08-24,12.2,0.97,False,04
AZ,ai_in_production,202519,2025-08-25,2025-09-07,12.0,1.77,False,04
AZ,ai_in_production,202520,2025-09-08,2025-09-21,14.4,1.11,False,04
CA,ai_in_any_function,202524,2025-11-03,2025-11-16,19.4,0.59,False,06
CA,ai_in_production,202319,2023-08-28,2023-09-10,4.9,0.46,False,06
CA,ai_in_production,202320,2023-09-11,2023-09-24,4.4,0.43,False,06
CA,ai_in_production,202321,2023-09-25,2023-10-08,4.7,0.38,False,06
CA,ai_in_production,202322,2023-10-09,2023-10-22,4.9,0.36,False,06
CA,ai_in_production,202323,2023-10-23,2023-11-05,5.7,0.26,False,06
CA,ai_in_production,202324,2023-11-06,2023-11-19,5.8,0.29,False,06
CA,ai_in_production,202325,2023-11-20,2023-12-03,6.1,0.43,False,06
CA,ai_in_production,202326,2023-12-04,2023-12-17,5.9,0.27,False,06
CA,ai_in_production,202401,2023-12-18,2023-12-31,6.3,0.41,False,06
CA,ai_in_production,202402,2024-01-01,2024-01-14,6.4,0.37,False,06
CA,ai_in_production,202403,2024-01-15,2024-01-28,6.2,0.37,False,06
CA,ai_in_production,202404,2024-01-29,2024-02-11,6.6,0.53,False,06
CA,ai_in_production,202405,2024-02-12,2024-02-25,5.8,0.29,False,06
CA,ai_in_production,202406,2024-02-26,2024-03-10,4.6,0.26,False,06
CA,ai_in_production,202407,2024-03-11,2024-03-24,5.0,0.37,False,06
CA,ai_in_production,202408,2024-03-25,2024-04-07,5.9,0.41,False,06
CA,ai_in_production,202409,2024-04-08,2024-04-21,5.9,0.22,False,06
CA,ai_in_production,202410,2024-04-22,2024-05-05,5.5,0.45,False,06
CA,ai_in_production,202411,2024-05-06,2024-05-19,6.0,0.5,False,06
CA,ai_in_production,202412,2024-05-20,2024-06-02,5.0,0.37,False,06
CA,ai_in_production,202413,2024-06-03,2024-06-16,5.9,0.32,False,06
CA,ai_in_production,202414,2024-06-17,2024-06-30,6.3,0.4,False,06
CA,ai_in_production,202415,2024-07-01,2024-07-14,6.4,0.54,False,06
CA,ai_in_production,202416,2024-07-15,2024-07-28,6.5,0.57,False,06
CA,ai_in_production,202417,2024-07-29,2024-08-11,7.0,0.56,False,06
CA,ai_in_production,202418,2024-08-12,2024-08-25,7.3,0.37,False,06
CA,ai_in_production,202419,2024-08-26,2024-09-08,6.9,0.35,False,06
CA,ai_in_production,202420,2024-09-09,2024-09-22,6.7,0.33,False,06
CA,ai_in_production,202421,2024-09-23,2024-10-06,7.4,0.55,False,06
CA,ai_in_production,202422,2024-10-07,2024-10-20,7.3,0.23,False,06
CA,ai_in_production,202423,2024-10-21,2024-11-03,7.2,0.47,False,06
CA,ai_in_production,202424,2024-11-04,2024-11-17,8.0,0.5,False,06
CA,ai_in_production,202425,2024-11-18,2024-12-01,6.4,0.37,False,06
CA,ai_in_production,202426,2024-12-02,2024-12-15,7.3,0.48,False,06
CA,ai_in_production,202501,2024-12-16,2024-12-29,7.0,0.27,False,06
CA,ai_in_production,202502,2024-12-30,2025-01-12,7.0,0.38,False,06
CA,ai_in_production,202503,2025-01-13,2025-01-26,7.7,0.52,False,06
CA,ai_in_production,202504,2025-01-27,2025-02-09,9.0,0.76,False,06
CA,ai_in_production,202505,2025-02-10,2025-02-23,8.5,0.3,False,06
CA,ai_in_production,202506,2025-02-24,2025-03-09,9.3,0.42,False,06
CA,ai_in_production,202507,2025-03-10,2025-03-23,8.6,0.52,False,06
CA,ai_in_production,202508,2025-03-24,2025-04-06,10.1,0.54,False,06
CA,ai_in_production,202509,2025-04-07,2025-04-20,9.3,0.47,False,06
CA,ai_in_production,202510,2025-04-21,2025-05-04,9.8,0.71,False,06
CA,ai_in_production,202511,2025-05-05,2025-05-18,9.4,0.92,False,06
CA,ai_in_production,202512,2025-05-19,2025-06-01,11.5,0.58,False,06
CA,ai_in_production,202513,2025-06-02,2025-06-15,11.1,0.61,False,06
CA,ai_in_production,202514,2025-06-16,2025-06-29,9.4,0.57,False,06
CA,ai_in_production,202515,2025-06-30,2025-07-13,11.2,0.56,False,06
CA,ai_in_production,202516,2025-07-14,2025-07-27,10.4,0.33,False,06
CA,ai_in_production,202517,2025-07-28,2025-08-10,10.5,0.45,False,06
CA,ai_in_production,202518,2025-08-11,2025-08-24,9.5,0.27,False,06
CA,ai_in_production,202519,2025-08-25,2025-09-07,10.8,0.36,False,06
CA,ai_in_production,202520,2025-09-08,2025-09-21,11.0,0.58,False,06
CO,ai_in_any_function,202524,2025-11-03,2025-11-16,25.2,1.48,False,08
CO,ai_in_production,202319,2023-08-28,2023-09-10,5.3,0.86,False,08
CO,ai_in_production,202320,2023-09-11,2023-09-24,4.2,0.83,False,08
CO,ai_in_production,202321,2023-09-25,2023-10-08,6.1,0.83,False,08
CO,ai_in_production,202322,2023-10-09,2023-10-22,5.6,0.72,False,08
CO,ai_in_production,202323,2023-10-23,2023-11-05,8.1,0.87,False,08
CO,ai_in_production,202324,2023-11-06,2023-11-19,5.6,0.83,False,08
CO,ai_in_production,202325,2023-11-20,2023-12-03,9.4,1.3,False,08
CO,ai_in_production,202326,2023-12-04,2023-12-17,5.5,1.03,False,08
CO,ai_in_production,202401,2023-12-18,2023-12-31,6.3,1.21,False,08
CO,ai_in_production,202402,2024-01-01,2024-01-14,7.9,1.27,False,08
CO,ai_in_production,202403,2024-01-15,2024-01-28,9.0,1.09,False,08
CO,ai_in_production,202404,2024-01-29,2024-02-11,6.0,0.79,False,08
CO,ai_in_production,202405,2024-02-12,2024-02-25,6.6,0.98,False,08
CO,ai_in_production,202406,2024-02-26,2024-03-10,6.1,1.14,False,08
CO,ai_in_production,202407,2024-03-11,2024-03-24,6.1,0.74,False,08
CO,ai_in_production,202408,2024-03-25,2024-04-07,6.3,1.13,False,08
CO,ai_in_production,202409,2024-04-08,2024-04-21,8.5,0.66,False,08
CO,ai_in_production,202410,2024-04-22,2024-05-05,5.3,0.55,False,08
CO,ai_in_production,202411,2024-05-06,2024-05-19,6.9,1.29,False,08
CO,ai_in_production,202412,2024-05-20,2024-06-02,5.8,1.01,False,08
CO,ai_in_production,202413,2024-06-03,2024-06-16,8.8,0.93,False,08
CO,ai_in_production,202414,2024-06-17,2024-06-30,6.6,0.79,False,08
CO,ai_in_production,202415,2024-07-01,2024-07-14,6.9,0.8,False,08
CO,ai_in_production,202416,2024-07-15,2024-07-28,6.6,1.1,False,08
CO,ai_in_production,202417,2024-07-29,2024-08-11,7.5,0.72,False,08
CO,ai_in_production,202418,2024-08-12,2024-08-25,7.3,0.97,False,08
CO,ai_in_production,202419,2024-08-26,2024-09-08,8.0,0.95,False,08
CO,ai_in_production,202420,2024-09-09,2024-09-22,6.8,0.86,False,08
CO,ai_in_production,202421,2024-09-23,2024-10-06,6.5,1.31,False,08
CO,ai_in_production,202422,2024-10-07,2024-10-20,7.6,0.56,False,08
CO,ai_in_production,202423,2024-10-21,2024-11-03,7.5,1.26,False,08
CO,ai_in_production,202424,2024-11-04,2024-11-17,7.3,1.0,False,08
CO,ai_in_production,202425,2024-11-18,2024-12-01,7.1,1.49,False,08
CO,ai_in_production,202426,2024-12-02,2024-12-15,9.3,1.13,False,08
CO,ai_in_production,202501,2024-12-16,2024-12-29,7.5,1.08,False,08
CO,ai_in_production,202502,2024-12-30,2025-01-12,10.7,1.02,False,08
CO,ai_in_production,202503,2025-01-13,2025-01-26,5.6,0.89,False,08
CO,ai_in_production,202504,2025-01-27,2025-02-09,11.2,1.11,False,08
CO,ai_in_production,202505,2025-02-10,2025-02-23,6.4,1.0,False,08
CO,ai_in_production,202506,2025-02-24,2025-03-09,11.8,1.39,False,08
CO,ai_in_production,202507,2025-03-10,2025-03-23,9.0,1.13,False,08
CO,ai_in_production,202508,2025-03-24,2025-04-06,12.7,1.13,False,08
CO,ai_in_production,202509,2025-04-07,2025-04-20,10.2,0.84,False,08
CO,ai_in_production,202510,2025-04-21,2025-05-04,11.9,1.36,False,08
CO,ai_in_production,202511,2025-05-05,2025-05-18,10.1,1.0,False,08
CO,ai_in_production,202512,2025-05-19,2025-06-01,14.5,1.63,False,08
CO,ai_in_production,202513,2025-06-02,2025-06-15,13.3,1.32,False,08
CO,ai_in_production,202514,2025-06-16,2025-06-29,15.9,1.41,False,08
CO,ai_in_production,202515,2025-06-30,2025-07-13,12.7,1.32,False,08
CO,ai_in_production,202516,2025-07-14,2025-07-27,10.7,1.88,False,08
CO,ai_in_production,202517,2025-07-28,2025-08-10,12.0,1.66,False,08
CO,ai_in_production,202518,2025-08-11,2025-08-24,11.2,1.96,False,08
CO,ai_in_production,202519,2025-08-25,2025-09-07,16.2,1.58,False,08
CO,ai_in_production,202520,2025-09-08,2025-09-21,12.9,0.75,False,08
CT,ai_in_any_function,202524,2025-11-03,2025-11-16,15.7,3.03,False,09
CT,ai_in_production,202319,2023-08-28,2023-09-10,3.5,0.7,False,09
CT,ai_in_production,202320,2023-09-11,2023-09-24,3.0,1.27,False,09
CT,ai_in_production,202322,2023-10-09,2023-10-22,3.6,1.3,False,09
CT,ai_in_production,202323,2023-10-23,2023-11-05,3.0,0.87,False,09
CT,ai_in_production,202324,2023-11-06,2023-11-19,4.0,1.05,False,09
CT,ai_in_production,202325,2023-11-20,2023-12-03,3.8,1.28,False,09
CT,ai_in_production,202326,2023-12-04,2023-12-17,4.8,1.14,False,09
CT,ai_in_production,202401,2023-12-18,2023-12-31,3.4,0.91,False,09
CT,ai_in_production,202402,2024-01-01,2024-01-14,3.4,0.59,False,09
CT,ai_in_production,202403,2024-01-15,2024-01-28,3.1,0.81,False,09
CT,ai_in_production,202404,2024-01-29,2024-02-11,4.1,0.89,False,09
CT,ai_in_production,202406,2024-02-26,2024-03-10,4.2,1.3,False,09
CT,ai_in_production,202407,2024-03-11,2024-03-24,3.5,1.31,False,09
CT,ai_in_production,202408,2024-03-25,2024-04-07,5.2,0.96,False,09
CT,ai_in_production,202409,2024-04-08,2024-04-21,4.0,1.09,False,09
CT,ai_in_production,202410,2024-04-22,2024-05-05,5.1,0.6,False,09
CT,ai_in_production,202411,2024-05-06,2024-05-19,4.7,1.14,False,09
CT,ai_in_production,202412,2024-05-20,2024-06-02,4.1,1.29,False,09
CT,ai_in_production,202413,2024-06-03,2024-06-16,4.0,1.0,False,09
CT,ai_in_production,202414,2024-06-17,2024-06-30,5.5,0.93,False,09
CT,ai_in_production,202415,2024-07-01,2024-07-14,3.8,1.16,False,09
CT,ai_in_production,202416,2024-07-15,2024-07-28,6.2,1.39,False,09
CT,ai_in_production,202417,2024-07-29,2024-08-11,6.8,0.98,False,09
CT,ai_in_production,202418,2024-08-12,2024-08-25,3.6,0.87,False,09
CT,ai_in_production,202419,2024-08-26,2024-09-08,5.1,1.54,False,09
CT,ai_in_production,202420,2024-09-09,2024-09-22,3.9,1.1,False,09
CT,ai_in_production,202421,2024-09-23,2024-10-06,6.3,1.11,False,09
CT,ai_in_production,202422,2024-10-07,2024-10-20,5.3,1.67,False,09
CT,ai_in_production,202423,2024-10-21,2024-11-03,6.0,1.94,False,09
CT,ai_in_production,202425,2024-11-18,2024-12-01,5.6,1.26,False,09
CT,ai_in_production,202426,2024-12-02,2024-12-15,4.4,1.24,False,09
CT,ai_in_production,202501,2024-12-16,2024-12-29,4.0,1.14,False,09
CT,ai_in_production,202502,2024-12-30,2025-01-12,8.2,2.45,False,09
CT,ai_in_production,202503,2025-01-13,2025-01-26,6.6,1.02,False,09
CT,ai_in_production,202504,2025-01-27,2025-02-09,6.3,1.3,False,09
CT,ai_in_production,202505,2025-02-10,2025-02-23,8.1,1.83,False,09
CT,ai_in_production,202506,2025-02-24,2025-03-09,5.7,1.13,False,09
CT,ai_in_production,202507,2025-03-10,2025-03-23,7.1,1.04,False,09
CT,ai_in_production,202508,2025-03-24,2025-04-06,9.7,1.74,False,09
CT,ai_in_production,202509,2025-04-07,2025-04-20,9.2,2.16,False,09
CT,ai_in_production,202510,2025-04-21,2025-05-04,9.0,1.66,False,09
CT,ai_in_production,202511,2025-05-05,2025-05-18,8.2,2.1,False,09
CT,ai_in_production,202512,2025-05-19,2025-06-01,7.1,1.16,False,09
CT,ai_in_production,202513,2025-06-02,2025-06-15,7.3,1.53,False,09
CT,ai_in_production,202514,2025-06-16,2025-06-29,8.3,1.14,False,09
CT,ai_in_production,202515,2025-06-30,2025-07-13,10.6,2.13,False,09
CT,ai_in_production,202516,2025-07-14,2025-07-27,8.3,1.04,False,09
CT,ai_in_production,202517,2025-07-28,2025-08-10,7.7,1.58,False,09
CT,ai_in_production,202518,2025-08-11,2025-08-24,10.6,1.85,False,09
CT,ai_in_production,202519,2025-08-25,2025-09-07,7.6,2.07,False,09
CT,ai_in_production,202520,2025-09-08,2025-09-21,8.5,1.24,False,09
DC,ai_in_any_function,202524,2025-11-03,2025-11-16,23.2,5.61,False,11
DC,ai_in_production,202319,2023-08-28,2023-09-10,11.5,4.39,False,11
DC,ai_in_production,202410,2024-04-22,2024-05-05,10.7,2.95,False,11
DC,ai_in_production,202414,2024-06-17,2024-06-30,9.9,3.35,False,11
DC,ai_in_production,202417,2024-07-29,2024-08-11,14.0,3.81,False,11
DC,ai_in_production,202420,2024-09-09,2024-09-22,19.0,5.65,False,11
DC,ai_in_production,202423,2024-10-21,2024-11-03,12.8,3.22,False,11
DC,ai_in_production,202502,2024-12-30,2025-01-12,17.4,6.06,False,11
DC,ai_in_production,202503,2025-01-13,2025-01-26,16.3,4.8,False,11
DC,ai_in_production,202504,2025-01-27,2025-02-09,17.9,6.47,False,11
DC,ai_in_production,202506,2025-02-24,2025-03-09,21.7,5.76,False,11
DC,ai_in_production,202507,2025-03-10,2025-03-23,20.5,6.0,False,11
DC,ai_in_production,202509,2025-04-07,2025-04-20,17.1,6.58,False,11
DC,ai_in_production,202510,2025-04-21,2025-05-04,23.8,5.6,False,11
DC,ai_in_production,202511,2025-05-05,2025-05-18,19.1,6.45,False,11
DC,ai_in_production,202512,2025-05-19,2025-06-01,23.6,7.28,False,11
DC,ai_in_production,202513,2025-06-02,2025-06-15,30.1,10.58,False,11
DC,ai_in_production,202517,2025-07-28,2025-08-10,16.5,3.6,False,11
DC,ai_in_production,202519,2025-08-25,2025-09-07,22.0,3.84,False,11
DE,ai_in_production,202322,2023-10-09,2023-10-22,10.7,2.64,False,10
DE,ai_in_production,202324,2023-11-06,2023-11-19,8.4,2.67,False,10
DE,ai_in_production,202402,2024-01-01,2024-01-14,11.6,3.38,False,10
DE,ai_in_production,202408,2024-03-25,2024-04-07,8.2,3.04,False,10
DE,ai_in_production,202421,2024-09-23,2024-10-06,8.6,1.93,False,10
DE,ai_in_production,202502,2024-12-30,2025-01-12,12.5,3.82,False,10
DE,ai_in_production,202503,2025-01-13,2025-01-26,11.6,3.53,False,10
DE,ai_in_production,202508,2025-03-24,2025-04-06,13.1,2.42,False,10
DE,ai_in_production,202509,2025-04-07,2025-04-20,12.0,4.51,False,10
DE,ai_in_production,202512,2025-05-19,2025-06-01,9.4,2.6,False,10
DE,ai_in_production,202514,2025-06-16,2025-06-29,21.0,5.73,False,10
DE,ai_in_production,202516,2025-07-14,2025-07-27,13.1,4.83,False,10
DE,ai_in_production,202517,2025-07-28,2025-08-10,13.0,4.4,False,10
DE,ai_in_production,202518,2025-08-11,2025-08-24,12.8,1.57,False,10
DE,ai_in_production,202519,2025-08-25,2025-09-07,12.2,2.32,False,10
DE,ai_in_production,202520,2025-09-08,2025-09-21,17.4,7.35,False,10
FL,ai_in_any_function,202524,2025-11-03,2025-11-16,16.5,1.32,False,12
FL,ai_in_production,202319,2023-08-28,2023-09-10,5.4,0.6,False,12
FL,ai_in_production,202320,2023-09-11,2023-09-24,5.1,0.56,False,12
FL,ai_in_production,202321,2023-09-25,2023-10-08,5.1,0.26,False,12
FL,ai_in_production,202322,2023-10-09,2023-10-22,5.6,0.38,False,12
FL,ai_in_production,202323,2023-10-23,2023-11-05,5.1,0.45,False,12
FL,ai_in_production,202324,2023-11-06,2023-11-19,4.8,0.54,False,12
FL,ai_in_production,202325,2023-11-20,2023-12-03,7.2,0.72,False,12
FL,ai_in_production,202326,2023-12-04,2023-12-17,6.8,0.68,False,12
FL,ai_in_production,202401,2023-12-18,2023-12-31,6.4,0.44,False,12
FL,ai_in_production,202402,2024-01-01,2024-01-14,6.9,0.68,False,12
FL,ai_in_production,202403,2024-01-15,2024-01-28,6.3,0.43,False,12
FL,ai_in_production,202404,2024-01-29,2024-02-11,5.9,0.56,False,12
FL,ai_in_production,202405,2024-02-12,2024-02-25,5.3,0.74,False,12
FL,ai_in_production,202406,2024-02-26,2024-03-10,6.5,0.92,False,12
FL,ai_in_production,202407,2024-03-11,2024-03-24,5.4,0.8,False,12
FL,ai_in_production,202408,2024-03-25,2024-04-07,6.2,0.55,False,12
FL,ai_in_production,202409,2024-04-08,2024-04-21,5.5,0.57,False,12
FL,ai_in_production,202410,2024-04-22,2024-05-05,5.7,0.54,False,12
FL,ai_in_production,202411,2024-05-06,2024-05-19,6.4,0.61,False,12
FL,ai_in_production,202412,2024-05-20,2024-06-02,7.5,0.86,False,12
FL,ai_in_production,202413,2024-06-03,2024-06-16,6.0,0.45,False,12
FL,ai_in_production,202414,2024-06-17,2024-06-30,6.7,0.44,False,12
FL,ai_in_production,202415,2024-07-01,2024-07-14,5.1,0.42,False,12
FL,ai_in_production,202416,2024-07-15,2024-07-28,5.8,0.48,False,12
FL,ai_in_production,202417,2024-07-29,2024-08-11,6.7,0.43,False,12
FL,ai_in_production,202418,2024-08-12,2024-08-25,7.1,0.54,False,12
FL,ai_in_production,202419,2024-08-26,2024-09-08,7.0,0.48,False,12
FL,ai_in_production,202420,2024-09-09,2024-09-22,7.3,0.85,False,12
FL,ai_in_production,202421,2024-09-23,2024-10-06,7.3,0.58,False,12
FL,ai_in_production,202422,2024-10-07,2024-10-20,6.9,0.61,False,12
FL,ai_in_production,202423,2024-10-21,2024-11-03,6.7,0.67,False,12
FL,ai_in_production,202424,2024-11-04,2024-11-17,8.0,0.92,False,12
FL,ai_in_production,202425,2024-11-18,2024-12-01,8.3,0.71,False,12
FL,ai_in_production,202426,2024-12-02,2024-12-15,6.4,0.85,False,12
FL,ai_in_production,202501,2024-12-16,2024-12-29,7.8,0.77,False,12
FL,ai_in_production,202502,2024-12-30,2025-01-12,8.4,0.93,False,12
FL,ai_in_production,202503,2025-01-13,2025-01-26,8.5,0.52,False,12
FL,ai_in_production,202504,2025-01-27,2025-02-09,10.0,1.2,False,12
FL,ai_in_production,202505,2025-02-10,2025-02-23,10.4,0.66,False,12
FL,ai_in_production,202506,2025-02-24,2025-03-09,8.9,0.71,False,12
FL,ai_in_production,202507,2025-03-10,2025-03-23,9.7,1.04,False,12
FL,ai_in_production,202508,2025-03-24,2025-04-06,9.8,1.01,False,12
FL,ai_in_production,202509,2025-04-07,2025-04-20,10.8,1.13,False,12
FL,ai_in_production,202510,2025-04-21,2025-05-04,11.4,1.05,False,12
FL,ai_in_production,202511,2025-05-05,2025-05-18,12.4,0.55,False,12
FL,ai_in_production,202512,2025-05-19,2025-06-01,10.0,0.57,False,12
FL,ai_in_production,202513,2025-06-02,2025-06-15,10.8,1.32,False,12
FL,ai_in_production,202514,2025-06-16,2025-06-29,12.0,0.84,False,12
FL,ai_in_production,202515,2025-06-30,2025-07-13,10.5,0.8,False,12
FL,ai_in_production,202516,2025-07-14,2025-07-27,10.5,0.53,False,12
FL,ai_in_production,202517,2025-07-28,2025-08-10,14.3,0.78,False,12
FL,ai_in_production,202518,2025-08-11,2025-08-24,11.5,0.56,False,12
FL,ai_in_production,202519,2025-08-25,2025-09-07,11.9,0.68,False,12
FL,ai_in_production,202520,2025-09-08,2025-09-21,12.5,1.05,False,12
GA,ai_in_any_function,202524,2025-11-03,2025-11-16,16.6,1.74,False,13
GA,ai_in_production,202319,2023-08-28,2023-09-10,3.6,0.76,False,13
GA,ai_in_production,202320,2023-09-11,2023-09-24,4.8,0.7,False,13
GA,ai_in_production,202321,2023-09-25,2023-10-08,3.8,0.7,False,13
GA,ai_in_production,202322,2023-10-09,2023-10-22,4.0,0.76,False,13
GA,ai_in_production,202323,2023-10-23,2023-11-05,3.2,0.71,False,13
GA,ai_in_production,202324,2023-11-06,2023-11-19,4.6,0.68,False,13
GA,ai_in_production,202325,2023-11-20,2023-12-03,4.4,0.89,False,13
GA,ai_in_production,202326,2023-12-04,2023-12-17,4.6,0.97,False,13
GA,ai_in_production,202401,2023-12-18,2023-12-31,4.7,0.93,False,13
GA,ai_in_production,202402,2024-01-01,2024-01-14,4.5,0.49,False,13
GA,ai_in_production,202403,2024-01-15,2024-01-28,4.5,1.11,False,13
GA,ai_in_production,202404,2024-01-29,2024-02-11,4.3,0.59,False,13
GA,ai_in_production,202405,2024-02-12,2024-02-25,4.7,0.88,False,13
GA,ai_in_production,202406,2024-02-26,2024-03-10,5.9,1.55,False,13
GA,ai_in_production,202407,2024-03-11,2024-03-24,4.5,0.38,False,13
GA,ai_in_production,202408,2024-03-25,2024-04-07,5.3,0.9,False,13
GA,ai_in_production,202409,2024-04-08,2024-04-21,4.6,0.41,False,13
GA,ai_in_production,202410,2024-04-22,2024-05-05,5.0,0.51,False,13
GA,ai_in_production,202411,2024-05-06,2024-05-19,4.6,1.2,False,13
GA,ai_in_production,202412,2024-05-20,2024-06-02,4.2,1.17,False,13
GA,ai_in_production,202413,2024-06-03,2024-06-16,5.7,0.79,False,13
GA,ai_in_production,202414,2024-06-17,2024-06-30,5.0,0.99,False,13
GA,ai_in_production,202415,2024-07-01,2024-07-14,4.9,1.0,False,13
GA,ai_in_production,202416,2024-07-15,2024-07-28,4.9,0.63,False,13
GA,ai_in_production,202417,2024-07-29,2024-08-11,6.5,1.13,False,13
GA,ai_in_production,202418,2024-08-12,2024-08-25,5.7,0.73,False,13
GA,ai_in_production,202419,2024-08-26,2024-09-08,3.3,0.41,False,13
GA,ai_in_production,202420,2024-09-09,2024-09-22,5.3,1.07,False,13
GA,ai_in_production,202421,2024-09-23,2024-10-06,5.8,0.66,False,13
GA,ai_in_production,202422,2024-10-07,2024-10-20,7.2,0.82,False,13
GA,ai_in_production,202423,2024-10-21,2024-11-03,6.3,0.86,False,13
GA,ai_in_production,202424,2024-11-04,2024-11-17,6.3,1.14,False,13
GA,ai_in_production,202425,2024-11-18,2024-12-01,4.1,0.51,False,13
GA,ai_in_production,202426,2024-12-02,2024-12-15,6.1,1.13,False,13
GA,ai_in_production,202501,2024-12-16,2024-12-29,5.7,1.24,False,13
GA,ai_in_production,202502,2024-12-30,2025-01-12,8.1,1.36,False,13
GA,ai_in_production,202503,2025-01-13,2025-01-26,5.9,1.21,False,13
GA,ai_in_production,202504,2025-01-27,2025-02-09,7.3,1.17,False,13
GA,ai_in_production,202505,2025-02-10,2025-02-23,7.8,1.2,False,13
GA,ai_in_production,202506,2025-02-24,2025-03-09,9.2,1.45,False,13
GA,ai_in_production,202507,2025-03-10,2025-03-23,8.2,1.1,False,13
GA,ai_in_production,202508,2025-03-24,2025-04-06,7.1,1.14,False,13
GA,ai_in_production,202509,2025-04-07,2025-04-20,7.3,1.4,False,13
GA,ai_in_production,202510,2025-04-21,2025-05-04,10.6,1.37,False,13
GA,ai_in_production,202511,2025-05-05,2025-05-18,7.1,0.99,False,13
GA,ai_in_production,202512,2025-05-19,2025-06-01,10.2,1.39,False,13
GA,ai_in_production,202513,2025-06-02,2025-06-15,10.0,0.94,False,13
GA,ai_in_production,202514,2025-06-16,2025-06-29,7.2,1.43,False,13
GA,ai_in_production,202515,2025-06-30,2025-07-13,10.4,0.89,False,13
GA,ai_in_production,202516,2025-07-14,2025-07-27,9.6,1.17,False,13
GA,ai_in_production,202517,2025-07-28,2025-08-10,10.9,1.32,False,13
GA,ai_in_production,202518,2025-08-11,2025-08-24,11.2,1.27,False,13
GA,ai_in_production,202519,2025-08-25,2025-09-07,12.6,0.68,False,13
GA,ai_in_production,202520,2025-09-08,2025-09-21,7.2,0.75,False,13
HI,ai_in_any_function,202524,2025-11-03,2025-11-16,15.4,4.6,False,15
HI,ai_in_production,202506,2025-02-24,2025-03-09,9.0,2.75,False,15
HI,ai_in_production,202512,2025-05-19,2025-06-01,10.7,3.85,False,15
HI,ai_in_production,202516,2025-07-14,2025-07-27,11.3,2.1,False,15
HI,ai_in_production,202517,2025-07-28,2025-08-10,9.6,1.55,False,15
HI,ai_in_production,202518,2025-08-11,2025-08-24,11.3,2.44,False,15
HI,ai_in_production,202519,2025-08-25,2025-09-07,11.0,3.29,False,15
IA,ai_in_any_function,202524,2025-11-03,2025-11-16,14.2,2.25,False,19
IA,ai_in_production,202319,2023-08-28,2023-09-10,3.5,1.35,False,19
IA,ai_in_production,202322,2023-10-09,2023-10-22,3.5,0.99,False,19
IA,ai_in_production,202323,2023-10-23,2023-11-05,4.6,1.15,False,19
IA,ai_in_production,202324,2023-11-06,2023-11-19,3.5,0.87,False,19
IA,ai_in_production,202325,2023-11-20,2023-12-03,5.2,2.17,False,19
IA,ai_in_production,202326,2023-12-04,2023-12-17,5.0,1.67,False,19
IA,ai_in_production,202401,2023-12-18,2023-12-31,2.8,0.96,False,19
IA,ai_in_production,202402,2024-01-01,2024-01-14,5.4,1.25,False,19
IA,ai_in_production,202405,2024-02-12,2024-02-25,5.4,1.71,False,19
IA,ai_in_production,202408,2024-03-25,2024-04-07,3.8,1.06,False,19
IA,ai_in_production,202409,2024-04-08,2024-04-21,4.4,0.91,False,19
IA,ai_in_production,202411,2024-05-06,2024-05-19,3.5,0.92,False,19
IA,ai_in_production,202412,2024-05-20,2024-06-02,2.9,1.3,False,19
IA,ai_in_production,202413,2024-06-03,2024-06-16,2.5,1.17,False,19
IA,ai_in_production,202414,2024-06-17,2024-06-30,4.9,1.4,False,19
IA,ai_in_production,202415,2024-07-01,2024-07-14,7.8,2.55,False,19
IA,ai_in_production,202416,2024-07-15,2024-07-28,4.9,1.1,False,19
IA,ai_in_production,202417,2024-07-29,2024-08-11,2.7,1.02,False,19
IA,ai_in_production,202418,2024-08-12,2024-08-25,4.7,1.45,False,19
IA,ai_in_production,202419,2024-08-26,2024-09-08,3.1,1.09,False,19
IA,ai_in_production,202420,2024-09-09,2024-09-22,5.3,1.57,False,19
IA,ai_in_production,202421,2024-09-23,2024-10-06,3.8,0.76,False,19
IA,ai_in_production,202422,2024-10-07,2024-10-20,5.4,1.75,False,19
IA,ai_in_production,202423,2024-10-21,2024-11-03,4.0,1.11,False,19
IA,ai_in_production,202424,2024-11-04,2024-11-17,4.5,1.89,False,19
IA,ai_in_production,202425,2024-11-18,2024-12-01,4.7,2.02,False,19
IA,ai_in_production,202426,2024-12-02,2024-12-15,5.6,1.45,False,19
IA,ai_in_production,202501,2024-12-16,2024-12-29,7.5,2.64,False,19
IA,ai_in_production,202502,2024-12-30,2025-01-12,4.8,1.0,False,19
IA,ai_in_production,202503,2025-01-13,2025-01-26,4.6,1.1,False,19
IA,ai_in_production,202504,2025-01-27,2025-02-09,5.4,1.68,False,19
IA,ai_in_production,202505,2025-02-10,2025-02-23,8.9,2.23,False,19
IA,ai_in_production,202506,2025-02-24,2025-03-09,8.7,2.01,False,19
IA,ai_in_production,202507,2025-03-10,2025-03-23,6.7,1.97,False,19
IA,ai_in_production,202508,2025-03-24,2025-04-06,8.3,1.59,False,19
IA,ai_in_production,202509,2025-04-07,2025-04-20,5.7,1.38,False,19
IA,ai_in_production,202510,2025-04-21,2025-05-04,6.6,1.31,False,19
IA,ai_in_production,202511,2025-05-05,2025-05-18,7.5,2.1,False,19
IA,ai_in_production,202512,2025-05-19,2025-06-01,6.9,1.32,False,19
IA,ai_in_production,202513,2025-06-02,2025-06-15,12.0,2.86,False,19
IA,ai_in_production,202514,2025-06-16,2025-06-29,5.2,2.03,False,19
IA,ai_in_production,202515,2025-06-30,2025-07-13,6.3,1.07,False,19
IA,ai_in_production,202516,2025-07-14,2025-07-27,8.0,0.84,False,19
IA,ai_in_production,202517,2025-07-28,2025-08-10,4.8,1.49,False,19
IA,ai_in_production,202518,2025-08-11,2025-08-24,5.1,1.25,False,19
IA,ai_in_production,202519,2025-08-25,2025-09-07,7.5,1.55,False,19
IA,ai_in_production,202520,2025-09-08,2025-09-21,5.4,0.9,False,19
ID,ai_in_any_function,202524,2025-11-03,2025-11-16,12.8,3.24,False,16
ID,ai_in_production,202320,2023-09-11,2023-09-24,6.3,1.38,False,16
ID,ai_in_production,202321,2023-09-25,2023-10-08,3.4,1.37,False,16
ID,ai_in_production,202323,2023-10-23,2023-11-05,6.4,1.72,False,16
ID,ai_in_production,202324,2023-11-06,2023-11-19,3.6,0.83,False,16
ID,ai_in_production,202325,2023-11-20,2023-12-03,3.9,1.5,False,16
ID,ai_in_production,202326,2023-12-04,2023-12-17,5.7,1.44,False,16
ID,ai_in_production,202401,2023-12-18,2023-12-31,4.1,1.59,False,16
ID,ai_in_production,202403,2024-01-15,2024-01-28,8.4,2.23,False,16
ID,ai_in_production,202404,2024-01-29,2024-02-11,3.7,1.31,False,16
ID,ai_in_production,202406,2024-02-26,2024-03-10,4.4,1.47,False,16
ID,ai_in_production,202407,2024-03-11,2024-03-24,3.9,1.74,False,16
ID,ai_in_production,202408,2024-03-25,2024-04-07,4.9,1.53,False,16
ID,ai_in_production,202409,2024-04-08,2024-04-21,3.2,1.33,False,16
ID,ai_in_production,202410,2024-04-22,2024-05-05,4.7,1.06,False,16
ID,ai_in_production,202411,2024-05-06,2024-05-19,4.2,1.16,False,16
ID,ai_in_production,202412,2024-05-20,2024-06-02,4.2,1.23,False,16
ID,ai_in_production,202413,2024-06-03,2024-06-16,3.7,1.59,False,16
ID,ai_in_production,202414,2024-06-17,2024-06-30,4.1,0.83,False,16
ID,ai_in_production,202415,2024-07-01,2024-07-14,5.3,1.52,False,16
ID,ai_in_production,202416,2024-07-15,2024-07-28,6.8,1.66,False,16
ID,ai_in_production,202418,2024-08-12,2024-08-25,3.3,1.11,False,16
ID,ai_in_production,202419,2024-08-26,2024-09-08,6.3,2.12,False,16
ID,ai_in_production,202420,2024-09-09,2024-09-22,7.4,2.04,False,16
ID,ai_in_production,202421,2024-09-23,2024-10-06,6.4,1.45,False,16
ID,ai_in_production,202422,2024-10-07,2024-10-20,8.5,1.6,False,16
ID,ai_in_production,202426,2024-12-02,2024-12-15,6.4,2.31,False,16
ID,ai_in_production,202501,2024-12-16,2024-12-29,4.3,1.65,False,16
ID,ai_in_production,202502,2024-12-30,2025-01-12,7.2,2.31,False,16
ID,ai_in_production,202504,2025-01-27,2025-02-09,8.0,1.74,False,16
ID,ai_in_production,202505,2025-02-10,2025-02-23,7.0,1.46,False,16
ID,ai_in_production,202506,2025-02-24,2025-03-09,7.0,2.04,False,16
ID,ai_in_production,202507,2025-03-10,2025-03-23,9.0,2.2,False,16
ID,ai_in_production,202508,2025-03-24,2025-04-06,10.6,1.74,False,16
ID,ai_in_production,202509,2025-04-07,2025-04-20,4.4,1.63,False,16
ID,ai_in_production,202510,2025-04-21,2025-05-04,9.7,1.74,False,16
ID,ai_in_production,202511,2025-05-05,2025-05-18,6.5,1.95,False,16
ID,ai_in_production,202512,2025-05-19,2025-06-01,11.9,2.02,False,16
ID,ai_in_production,202513,2025-06-02,2025-06-15,13.4,1.71,False,16
ID,ai_in_production,202514,2025-06-16,2025-06-29,9.5,2.61,False,16
ID,ai_in_production,202515,2025-06-30,2025-07-13,6.7,1.83,False,16
ID,ai_in_production,202516,2025-07-14,2025-07-27,10.4,2.52,False,16
ID,ai_in_production,202517,2025-07-28,2025-08-10,9.7,2.48,False,16
ID,ai_in_production,202518,2025-08-11,2025-08-24,7.6,1.9,False,16
ID,ai_in_production,202519,2025-08-25,2025-09-07,11.1,1.92,False,16
ID,ai_in_production,202520,2025-09-08,2025-09-21,12.4,2.73,False,16
IL,ai_in_any_function,202524,2025-11-03,2025-11-16,14.4,1.36,False,17
IL,ai_in_production,202319,2023-08-28,2023-09-10,3.3,0.68,False,17
IL,ai_in_production,202320,2023-09-11,2023-09-24,3.2,0.55,False,17
IL,ai_in_production,202321,2023-09-25,2023-10-08,4.7,0.84,False,17
IL,ai_in_production,202322,2023-10-09,2023-10-22,3.1,0.51,False,17
IL,ai_in_production,202323,2023-10-23,2023-11-05,3.4,0.51,False,17
IL,ai_in_production,202324,2023-11-06,2023-11-19,4.5,0.54,False,17
IL,ai_in_production,202325,2023-11-20,2023-12-03,4.9,0.9,False,17
IL,ai_in_production,202326,2023-12-04,2023-12-17,3.5,0.55,False,17
IL,ai_in_production,202401,2023-12-18,2023-12-31,4.4,0.5,False,17
IL,ai_in_production,202402,2024-01-01,2024-01-14,4.5,0.58,False,17
IL,ai_in_production,202403,2024-01-15,2024-01-28,4.0,0.56,False,17
IL,ai_in_production,202404,2024-01-29,2024-02-11,5.1,0.65,False,17
IL,ai_in_production,202405,2024-02-12,2024-02-25,3.4,0.53,False,17
IL,ai_in_production,202406,2024-02-26,2024-03-10,4.0,0.67,False,17
IL,ai_in_production,202407,2024-03-11,2024-03-24,4.2,0.76,False,17
IL,ai_in_production,202408,2024-03-25,2024-04-07,4.1,0.37,False,17
IL,ai_in_production,202409,2024-04-08,2024-04-21,4.1,0.64,False,17
IL,ai_in_production,202410,2024-04-22,2024-05-05,4.9,0.9,False,17
IL,ai_in_production,202411,2024-05-06,2024-05-19,4.8,0.35,False,17
IL,ai_in_production,202412,2024-05-20,2024-06-02,5.1,0.48,False,17
IL,ai_in_production,202413,2024-06-03,2024-06-16,4.6,0.93,False,17
IL,ai_in_production,202414,2024-06-17,2024-06-30,4.0,0.54,False,17
IL,ai_in_production,202415,2024-07-01,2024-07-14,4.5,0.59,False,17
IL,ai_in_production,202416,2024-07-15,2024-07-28,6.4,0.9,False,17
IL,ai_in_production,202417,2024-07-29,2024-08-11,4.9,0.65,False,17
IL,ai_in_production,202418,2024-08-12,2024-08-25,5.9,0.52,False,17
IL,ai_in_production,202419,2024-08-26,2024-09-08,6.4,1.15,False,17
IL,ai_in_production,202420,2024-09-09,2024-09-22,6.6,0.59,False,17
IL,ai_in_production,202421,2024-09-23,2024-10-06,6.8,1.06,False,17
IL,ai_in_production,202422,2024-10-07,2024-10-20,6.3,0.92,False,17
IL,ai_in_production,202423,2024-10-21,2024-11-03,6.2,0.59,False,17
IL,ai_in_production,202424,2024-11-04,2024-11-17,5.3,0.71,False,17
IL,ai_in_production,202425,2024-11-18,2024-12-01,6.6,0.77,False,17
IL,ai_in_production,202426,2024-12-02,2024-12-15,6.6,0.88,False,17
IL,ai_in_production,202501,2024-12-16,2024-12-29,6.5,0.86,False,17
IL,ai_in_production,202502,2024-12-30,2025-01-12,5.4,0.73,False,17
IL,ai_in_production,202503,2025-01-13,2025-01-26,7.4,0.79,False,17
IL,ai_in_production,202504,2025-01-27,2025-02-09,6.7,0.84,False,17
IL,ai_in_production,202505,2025-02-10,2025-02-23,8.4,0.74,False,17
IL,ai_in_production,202506,2025-02-24,2025-03-09,6.7,0.73,False,17
IL,ai_in_production,202507,2025-03-10,2025-03-23,8.6,0.92,False,17
IL,ai_in_production,202508,2025-03-24,2025-04-06,6.5,0.9,False,17
IL,ai_in_production,202509,2025-04-07,2025-04-20,9.9,1.0,False,17
IL,ai_in_production,202510,2025-04-21,2025-05-04,7.9,1.29,False,17
IL,ai_in_production,202511,2025-05-05,2025-05-18,9.8,1.06,False,17
IL,ai_in_production,202512,2025-05-19,2025-06-01,7.6,0.74,False,17
IL,ai_in_production,202513,2025-06-02,2025-06-15,11.2,0.89,False,17
IL,ai_in_production,202514,2025-06-16,2025-06-29,8.1,1.34,False,17
IL,ai_in_production,202515,2025-06-30,2025-07-13,6.4,0.76,False,17
IL,ai_in_production,202516,2025-07-14,2025-07-27,7.4,0.57,False,17
IL,ai_in_production,202517,2025-07-28,2025-08-10,7.9,1.26,False,17
IL,ai_in_production,202518,2025-08-11,2025-08-24,10.0,0.82,False,17
IL,ai_in_production,202519,2025-08-25,2025-09-07,9.8,0.63,False,17
IL,ai_in_production,202520,2025-09-08,2025-09-21,8.5,0.9,False,17
IN,ai_in_any_function,202524,2025-11-03,2025-11-16,18.9,2.36,False,18
IN,ai_in_production,202319,2023-08-28,2023-09-10,3.3,0.55,False,18
IN,ai_in_production,202320,2023-09-11,2023-09-24,2.5,0.58,False,18
IN,ai_in_production,202321,2023-09-25,2023-10-08,2.9,0.83,False,18
IN,ai_in_production,202322,2023-10-09,2023-10-22,3.0,0.58,False,18
IN,ai_in_production,202323,2023-10-23,2023-11-05,3.2,0.72,False,18
IN,ai_in_production,202324,2023-11-06,2023-11-19,3.5,0.66,False,18
IN,ai_in_production,202325,2023-11-20,2023-12-03,3.4,0.94,False,18
IN,ai_in_production,202326,2023-12-04,2023-12-17,4.1,0.9,False,18
IN,ai_in_production,202401,2023-12-18,2023-12-31,3.1,0.64,False,18
IN,ai_in_production,202402,2024-01-01,2024-01-14,3.5,0.77,False,18
IN,ai_in_production,202403,2024-01-15,2024-01-28,5.3,1.13,False,18
IN,ai_in_production,202404,2024-01-29,2024-02-11,3.4,0.55,False,18
IN,ai_in_production,202405,2024-02-12,2024-02-25,4.3,1.24,False,18
IN,ai_in_production,202406,2024-02-26,2024-03-10,3.5,0.84,False,18
IN,ai_in_production,202407,2024-03-11,2024-03-24,2.6,0.78,False,18
IN,ai_in_production,202408,2024-03-25,2024-04-07,4.3,1.28,False,18
IN,ai_in_production,202409,2024-04-08,2024-04-21,3.7,0.94,False,18
IN,ai_in_production,202410,2024-04-22,2024-05-05,3.1,0.73,False,18
IN,ai_in_production,202411,2024-05-06,2024-05-19,3.5,1.03,False,18
IN,ai_in_production,202412,2024-05-20,2024-06-02,4.3,0.98,False,18
IN,ai_in_production,202413,2024-06-03,2024-06-16,3.3,0.73,False,18
IN,ai_in_production,202414,2024-06-17,2024-06-30,5.1,0.91,False,18
IN,ai_in_production,202415,2024-07-01,2024-07-14,3.2,0.92,False,18
IN,ai_in_production,202416,2024-07-15,2024-07-28,3.3,0.61,False,18
IN,ai_in_production,202417,2024-07-29,2024-08-11,5.0,0.37,False,18
IN,ai_in_production,202418,2024-08-12,2024-08-25,4.7,0.86,False,18
IN,ai_in_production,202419,2024-08-26,2024-09-08,6.0,0.86,False,18
IN,ai_in_production,202420,2024-09-09,2024-09-22,6.0,0.77,False,18
IN,ai_in_production,202421,2024-09-23,2024-10-06,6.8,2.05,False,18
IN,ai_in_production,202422,2024-10-07,2024-10-20,5.5,1.01,False,18
IN,ai_in_production,202423,2024-10-21,2024-11-03,6.3,1.0,False,18
IN,ai_in_production,202424,2024-11-04,2024-11-17,5.0,1.45,False,18
IN,ai_in_production,202425,2024-11-18,2024-12-01,6.1,2.0,False,18
IN,ai_in_production,202426,2024-12-02,2024-12-15,5.1,0.72,False,18
IN,ai_in_production,202501,2024-12-16,2024-12-29,5.3,0.84,False,18
IN,ai_in_production,202502,2024-12-30,2025-01-12,7.1,1.73,False,18
IN,ai_in_production,202503,2025-01-13,2025-01-26,6.1,1.36,False,18
IN,ai_in_production,202504,2025-01-27,2025-02-09,5.6,1.48,False,18
IN,ai_in_production,202505,2025-02-10,2025-02-23,5.7,1.56,False,18
IN,ai_in_production,202506,2025-02-24,2025-03-09,6.7,1.42,False,18
IN,ai_in_production,202507,2025-03-10,2025-03-23,8.3,1.18,False,18
IN,ai_in_production,202508,2025-03-24,2025-04-06,5.5,1.07,False,18
IN,ai_in_production,202509,2025-04-07,2025-04-20,5.8,1.09,False,18
IN,ai_in_production,202510,2025-04-21,2025-05-04,8.3,1.73,False,18
IN,ai_in_production,202511,2025-05-05,2025-05-18,8.0,1.4,False,18
IN,ai_in_production,202512,2025-05-19,2025-06-01,5.0,0.82,False,18
IN,ai_in_production,202513,2025-06-02,2025-06-15,5.5,1.05,False,18
IN,ai_in_production,202514,2025-06-16,2025-06-29,4.5,1.42,False,18
IN,ai_in_production,202515,2025-06-30,2025-07-13,7.0,1.15,False,18
IN,ai_in_production,202516,2025-07-14,2025-07-27,7.8,0.96,False,18
IN,ai_in_production,202517,2025-07-28,2025-08-10,9.6,1.09,False,18
IN,ai_in_production,202518,2025-08-11,2025-08-24,7.8,1.42,False,18
IN,ai_in_production,202519,2025-08-25,2025-09-07,6.9,1.05,False,18
IN,ai_in_production,202520,2025-09-08,2025-09-21,9.0,1.47,False,18
KS,ai_in_any_function,202524,2025-11-03,2025-11-16,19.1,4.24,False,20
KS,ai_in_production,202319,2023-08-28,2023-09-10,3.7,1.32,False,20
KS,ai_in_production,202321,2023-09-25,2023-10-08,3.8,1.15,False,20
KS,ai_in_production,202322,2023-10-09,2023-10-22,4.9,1.61,False,20
KS,ai_in_production,202324,2023-11-06,2023-11-19,3.1,0.87,False,20
KS,ai_in_production,202326,2023-12-04,2023-12-17,4.6,1.19,False,20
KS,ai_in_production,202401,2023-12-18,2023-12-31,4.3,1.4,False,20
KS,ai_in_production,202402,2024-01-01,2024-01-14,7.2,1.73,False,20
KS,ai_in_production,202403,2024-01-15,2024-01-28,5.2,1.17,False,20
KS,ai_in_production,202404,2024-01-29,2024-02-11,6.0,1.43,False,20
KS,ai_in_production,202408,2024-03-25,2024-04-07,4.9,1.43,False,20
KS,ai_in_production,202410,2024-04-22,2024-05-05,5.1,1.76,False,20
KS,ai_in_production,202413,2024-06-03,2024-06-16,3.8,0.91,False,20
KS,ai_in_production,202414,2024-06-17,2024-06-30,4.9,1.45,False,20
KS,ai_in_production,202415,2024-07-01,2024-07-14,4.6,1.66,False,20
KS,ai_in_production,202417,2024-07-29,2024-08-11,5.0,1.15,False,20
KS,ai_in_production,202418,2024-08-12,2024-08-25,6.1,1.17,False,20
KS,ai_in_production,202419,2024-08-26,2024-09-08,4.1,1.27,False,20
KS,ai_in_production,202420,2024-09-09,2024-09-22,5.7,1.31,False,20
KS,ai_in_production,202422,2024-10-07,2024-10-20,5.5,1.43,False,20
KS,ai_in_production,202423,2024-10-21,2024-11-03,5.5,1.16,False,20
KS,ai_in_production,202424,2024-11-04,2024-11-17,7.3,2.4,False,20
KS,ai_in_production,202425,2024-11-18,2024-12-01,4.3,1.38,False,20
KS,ai_in_production,202426,2024-12-02,2024-12-15,3.5,0.72,False,20
KS,ai_in_production,202501,2024-12-16,2024-12-29,5.1,1.49,False,20
KS,ai_in_production,202502,2024-12-30,2025-01-12,8.2,1.42,False,20
KS,ai_in_production,202503,2025-01-13,2025-01-26,5.8,1.73,False,20
KS,ai_in_production,202504,2025-01-27,2025-02-09,7.6,1.15,False,20
KS,ai_in_production,202505,2025-02-10,2025-02-23,6.1,1.58,False,20
KS,ai_in_production,202506,2025-02-24,2025-03-09,5.0,1.35,False,20
KS,ai_in_production,202507,2025-03-10,2025-03-23,8.6,1.88,False,20
KS,ai_in_production,202508,2025-03-24,2025-04-06,7.5,1.95,False,20
KS,ai_in_production,202510,2025-04-21,2025-05-04,12.3,1.97,False,20
KS,ai_in_production,202511,2025-05-05,2025-05-18,9.9,1.36,False,20
KS,ai_in_production,202512,2025-05-19,2025-06-01,5.5,1.47,False,20
KS,ai_in_production,202513,2025-06-02,2025-06-15,8.8,2.16,False,20
KS,ai_in_production,202514,2025-06-16,2025-06-29,7.5,1.81,False,20
KS,ai_in_production,202515,2025-06-30,2025-07-13,5.9,2.11,False,20
KS,ai_in_production,202516,2025-07-14,2025-07-27,5.2,1.4,False,20
KS,ai_in_production,202517,2025-07-28,2025-08-10,9.4,2.65,False,20
KS,ai_in_production,202518,2025-08-11,2025-08-24,6.6,1.33,False,20
KS,ai_in_production,202519,2025-08-25,2025-09-07,6.4,1.01,False,20
KS,ai_in_production,202520,2025-09-08,2025-09-21,10.6,1.05,False,20
KY,ai_in_any_function,202524,2025-11-03,2025-11-16,13.5,1.87,False,21
KY,ai_in_production,202319,2023-08-28,2023-09-10,4.2,0.9,False,21
KY,ai_in_production,202322,2023-10-09,2023-10-22,2.9,0.55,False,21
KY,ai_in_production,202324,2023-11-06,2023-11-19,4.5,1.51,False,21
KY,ai_in_production,202325,2023-11-20,2023-12-03,6.1,2.27,False,21
KY,ai_in_production,202401,2023-12-18,2023-12-31,3.7,1.26,False,21
KY,ai_in_production,202402,2024-01-01,2024-01-14,3.6,1.2,False,21
KY,ai_in_production,202403,2024-01-15,2024-01-28,3.9,1.4,False,21
KY,ai_in_production,202405,2024-02-12,2024-02-25,4.0,1.61,False,21
KY,ai_in_production,202407,2024-03-11,2024-03-24,3.3,1.05,False,21
KY,ai_in_production,202408,2024-03-25,2024-04-07,4.2,1.41,False,21
KY,ai_in_production,202411,2024-05-06,2024-05-19,4.7,0.86,False,21
KY,ai_in_production,202417,2024-07-29,2024-08-11,5.9,1.09,False,21
KY,ai_in_production,202418,2024-08-12,2024-08-25,4.3,1.94,False,21
KY,ai_in_production,202421,2024-09-23,2024-10-06,3.2,0.99,False,21
KY,ai_in_production,202422,2024-10-07,2024-10-20,5.9,1.65,False,21
KY,ai_in_production,202423,2024-10-21,2024-11-03,4.4,1.34,False,21
KY,ai_in_production,202424,2024-11-04,2024-11-17,4.5,1.12,False,21
KY,ai_in_production,202501,2024-12-16,2024-12-29,6.1,1.2,False,21
KY,ai_in_production,202502,2024-12-30,2025-01-12,5.2,1.46,False,21
KY,ai_in_production,202503,2025-01-13,2025-01-26,3.6,1.15,False,21
KY,ai_in_production,202504,2025-01-27,2025-02-09,6.0,2.03,False,21
KY,ai_in_production,202505,2025-02-10,2025-02-23,6.3,1.53,False,21
KY,ai_in_production,202506,2025-02-24,2025-03-09,4.3,0.67,False,21
KY,ai_in_production,202507,2025-03-10,2025-03-23,4.4,1.02,False,21
KY,ai_in_production,202508,2025-03-24,2025-04-06,5.9,1.62,False,21
KY,ai_in_production,202509,2025-04-07,2025-04-20,3.9,1.35,False,21
KY,ai_in_production,202511,2025-05-05,2025-05-18,7.5,1.27,False,21
KY,ai_in_production,202512,2025-05-19,2025-06-01,6.7,1.25,False,21
KY,ai_in_production,202514,2025-06-16,2025-06-29,9.9,2.94,False,21
KY,ai_in_production,202515,2025-06-30,2025-07-13,5.7,1.14,False,21
KY,ai_in_production,202516,2025-07-14,2025-07-27,6.6,1.2,False,21
KY,ai_in_production,202517,2025-07-28,2025-08-10,9.0,1.12,False,21
KY,ai_in_production,202518,2025-08-11,2025-08-24,9.1,1.64,False,21
KY,ai_in_production,202519,2025-08-25,2025-09-07,9.3,1.53,False,21
KY,ai_in_production,202520,2025-09-08,2025-09-21,9.7,2.07,False,21
LA,ai_in_any_function,202524,2025-11-03,2025-11-16,13.3,3.36,False,22
LA,ai_in_production,202320,2023-09-11,2023-09-24,2.6,1.03,False,22
LA,ai_in_production,202322,2023-10-09,2023-10-22,2.6,0.75,False,22
LA,ai_in_production,202323,2023-10-23,2023-11-05,2.4,0.65,False,22
LA,ai_in_production,202326,2023-12-04,2023-12-17,3.4,1.59,False,22
LA,ai_in_production,202402,2024-01-01,2024-01-14,4.5,1.2,False,22
LA,ai_in_production,202403,2024-01-15,2024-01-28,3.3,1.11,False,22
LA,ai_in_production,202404,2024-01-29,2024-02-11,4.1,1.27,False,22
LA,ai_in_production,202405,2024-02-12,2024-02-25,3.3,1.13,False,22
LA,ai_in_production,202409,2024-04-08,2024-04-21,2.3,0.7,False,22
LA,ai_in_production,202412,2024-05-20,2024-06-02,3.1,0.93,False,22
LA,ai_in_production,202414,2024-06-17,2024-06-30,3.6,0.92,False,22
LA,ai_in_production,202415,2024-07-01,2024-07-14,3.9,0.97,False,22
LA,ai_in_production,202417,2024-07-29,2024-08-11,4.0,1.07,False,22
LA,ai_in_production,202418,2024-08-12,2024-08-25,5.0,0.85,False,22
LA,ai_in_production,202419,2024-08-26,2024-09-08,4.6,1.0,False,22
LA,ai_in_production,202420,2024-09-09,2024-09-22,5.6,1.43,False,22
LA,ai_in_production,202421,2024-09-23,2024-10-06,5.1,1.69,False,22
LA,ai_in_production,202422,2024-10-07,2024-10-20,3.7,1.21,False,22
LA,ai_in_production,202423,2024-10-21,2024-11-03,3.9,1.14,False,22
LA,ai_in_production,202424,2024-11-04,2024-11-17,4.2,1.18,False,22
LA,ai_in_production,202426,2024-12-02,2024-12-15,6.8,1.77,False,22
LA,ai_in_production,202501,2024-12-16,2024-12-29,6.3,1.62,False,22
LA,ai_in_production,202502,2024-12-30,2025-01-12,5.0,1.75,False,22
LA,ai_in_production,202503,2025-01-13,2025-01-26,4.1,1.61,False,22
LA,ai_in_production,202504,2025-01-27,2025-02-09,5.8,1.35,False,22
LA,ai_in_production,202505,2025-02-10,2025-02-23,5.5,1.39,False,22
LA,ai_in_production,202506,2025-02-24,2025-03-09,7.6,1.86,False,22
LA,ai_in_production,202507,2025-03-10,2025-03-23,5.6,1.69,False,22
LA,ai_in_production,202508,2025-03-24,2025-04-06,5.0,1.09,False,22
LA,ai_in_production,202509,2025-04-07,2025-04-20,4.1,1.34,False,22
LA,ai_in_production,202510,2025-04-21,2025-05-04,7.6,1.21,False,22
LA,ai_in_production,202511,2025-05-05,2025-05-18,7.0,1.69,False,22
LA,ai_in_production,202512,2025-05-19,2025-06-01,6.2,1.36,False,22
LA,ai_in_production,202513,2025-06-02,2025-06-15,7.0,1.26,False,22
LA,ai_in_production,202514,2025-06-16,2025-06-29,6.8,2.26,False,22
LA,ai_in_production,202515,2025-06-30,2025-07-13,10.8,1.58,False,22
LA,ai_in_production,202516,2025-07-14,2025-07-27,5.2,1.31,False,22
LA,ai_in_production,202517,2025-07-28,2025-08-10,4.9,1.55,False,22
LA,ai_in_production,202518,2025-08-11,2025-08-24,9.1,1.96,False,22
LA,ai_in_production,202519,2025-08-25,2025-09-07,6.5,1.3,False,22
LA,ai_in_production,202520,2025-09-08,2025-09-21,9.0,1.52,False,22
MA,ai_in_any_function,202524,2025-11-03,2025-11-16,17.7,1.32,False,25
MA,ai_in_production,202319,2023-08-28,2023-09-10,3.9,0.72,False,25
MA,ai_in_production,202320,2023-09-11,2023-09-24,3.5,0.85,False,25
MA,ai_in_production,202321,2023-09-25,2023-10-08,4.6,0.84,False,25
MA,ai_in_production,202322,2023-10-09,2023-10-22,2.5,0.64,False,25
MA,ai_in_production,202323,2023-10-23,2023-11-05,4.4,0.52,False,25
MA,ai_in_production,202324,2023-11-06,2023-11-19,5.0,0.76,False,25
MA,ai_in_production,202325,2023-11-20,2023-12-03,6.6,1.29,False,25
MA,ai_in_production,202326,2023-12-04,2023-12-17,5.4,1.33,False,25
MA,ai_in_production,202401,2023-12-18,2023-12-31,5.6,0.8,False,25
MA,ai_in_production,202402,2024-01-01,2024-01-14,4.9,1.14,False,25
MA,ai_in_production,202403,2024-01-15,2024-01-28,6.4,0.97,False,25
MA,ai_in_production,202404,2024-01-29,2024-02-11,5.3,0.96,False,25
MA,ai_in_production,202405,2024-02-12,2024-02-25,6.7,1.15,False,25
MA,ai_in_production,202406,2024-02-26,2024-03-10,3.8,0.98,False,25
MA,ai_in_production,202407,2024-03-11,2024-03-24,5.3,1.01,False,25
MA,ai_in_production,202408,2024-03-25,2024-04-07,6.5,0.9,False,25
MA,ai_in_production,202409,2024-04-08,2024-04-21,5.2,1.15,False,25
MA,ai_in_production,202410,2024-04-22,2024-05-05,5.2,0.85,False,25
MA,ai_in_production,202411,2024-05-06,2024-05-19,5.5,1.27,False,25
MA,ai_in_production,202412,2024-05-20,2024-06-02,3.6,0.9,False,25
MA,ai_in_production,202413,2024-06-03,2024-06-16,6.2,1.24,False,25
MA,ai_in_production,202414,2024-06-17,2024-06-30,5.7,1.21,False,25
MA,ai_in_production,202415,2024-07-01,2024-07-14,5.5,1.18,False,25
MA,ai_in_production,202416,2024-07-15,2024-07-28,5.9,1.07,False,25
MA,ai_in_production,202417,2024-07-29,2024-08-11,4.7,0.96,False,25
MA,ai_in_production,202418,2024-08-12,2024-08-25,6.2,1.06,False,25
MA,ai_in_production,202419,2024-08-26,2024-09-08,5.7,0.94,False,25
MA,ai_in_production,202420,2024-09-09,2024-09-22,6.1,0.62,False,25
MA,ai_in_production,202421,2024-09-23,2024-10-06,7.6,1.52,False,25
MA,ai_in_production,202422,2024-10-07,2024-10-20,5.5,0.47,False,25
MA,ai_in_production,202423,2024-10-21,2024-11-03,5.6,0.85,False,25
MA,ai_in_production,202424,2024-11-04,2024-11-17,6.0,0.8,False,25
MA,ai_in_production,202425,2024-11-18,2024-12-01,6.6,1.56,False,25
MA,ai_in_production,202426,2024-12-02,2024-12-15,8.1,2.14,False,25
MA,ai_in_production,202501,2024-12-16,2024-12-29,7.3,0.64,False,25
MA,ai_in_production,202502,2024-12-30,2025-01-12,6.6,1.07,False,25
MA,ai_in_production,202503,2025-01-13,2025-01-26,7.2,1.62,False,25
MA,ai_in_production,202504,2025-01-27,2025-02-09,8.8,1.33,False,25
MA,ai_in_production,202505,2025-02-10,2025-02-23,8.8,0.88,False,25
MA,ai_in_production,202506,2025-02-24,2025-03-09,7.7,0.97,False,25
MA,ai_in_production,202507,2025-03-10,2025-03-23,9.9,1.67,False,25
MA,ai_in_production,202508,2025-03-24,2025-04-06,7.9,1.21,False,25
MA,ai_in_production,202509,2025-04-07,2025-04-20,7.4,1.16,False,25
MA,ai_in_production,202510,2025-04-21,2025-05-04,8.6,1.08,False,25
MA,ai_in_production,202511,2025-05-05,2025-05-18,12.3,2.06,False,25
MA,ai_in_production,202512,2025-05-19,2025-06-01,9.9,1.57,False,25
MA,ai_in_production,202513,2025-06-02,2025-06-15,11.1,0.92,False,25
MA,ai_in_production,202514,2025-06-16,2025-06-29,9.7,1.66,False,25
MA,ai_in_production,202515,2025-06-30,2025-07-13,10.2,1.31,False,25
MA,ai_in_production,202516,2025-07-14,2025-07-27,8.7,1.58,False,25
MA,ai_in_production,202517,2025-07-28,2025-08-10,9.7,1.58,False,25
MA,ai_in_production,202518,2025-08-11,2025-08-24,9.1,1.11,False,25
MA,ai_in_production,202519,2025-08-25,2025-09-07,9.4,1.43,False,25
MA,ai_in_production,202520,2025-09-08,2025-09-21,11.2,1.63,False,25
MD,ai_in_any_function,202524,2025-11-03,2025-11-16,21.2,2.26,False,24
MD,ai_in_production,202319,2023-08-28,2023-09-10,3.4,0.66,False,24
MD,ai_in_production,202320,2023-09-11,2023-09-24,3.7,0.87,False,24
MD,ai_in_production,202321,2023-09-25,2023-10-08,4.7,0.94,False,24
MD,ai_in_production,202322,2023-10-09,2023-10-22,4.0,1.15,False,24
MD,ai_in_production,202323,2023-10-23,2023-11-05,4.5,0.9,False,24
MD,ai_in_production,202324,2023-11-06,2023-11-19,4.7,0.6,False,24
MD,ai_in_production,202325,2023-11-20,2023-12-03,4.7,0.69,False,24
MD,ai_in_production,202326,2023-12-04,2023-12-17,5.9,1.23,False,24
MD,ai_in_production,202401,2023-12-18,2023-12-31,5.5,0.72,False,24
MD,ai_in_production,202402,2024-01-01,2024-01-14,5.7,1.35,False,24
MD,ai_in_production,202403,2024-01-15,2024-01-28,5.2,0.97,False,24
MD,ai_in_production,202404,2024-01-29,2024-02-11,7.1,1.02,False,24
MD,ai_in_production,202405,2024-02-12,2024-02-25,4.3,0.99,False,24
MD,ai_in_production,202406,2024-02-26,2024-03-10,7.5,0.71,False,24
MD,ai_in_production,202407,2024-03-11,2024-03-24,5.0,0.89,False,24
MD,ai_in_production,202408,2024-03-25,2024-04-07,3.6,0.79,False,24
MD,ai_in_production,202409,2024-04-08,2024-04-21,4.5,0.76,False,24
MD,ai_in_production,202410,2024-04-22,2024-05-05,4.2,0.97,False,24
MD,ai_in_production,202411,2024-05-06,2024-05-19,4.9,0.89,False,24
MD,ai_in_production,202412,2024-05-20,2024-06-02,5.9,1.19,False,24
MD,ai_in_production,202413,2024-06-03,2024-06-16,5.3,1.88,False,24
MD,ai_in_production,202414,2024-06-17,2024-06-30,5.1,1.1,False,24
MD,ai_in_production,202415,2024-07-01,2024-07-14,6.8,1.2,False,24
MD,ai_in_production,202416,2024-07-15,2024-07-28,6.5,1.26,False,24
MD,ai_in_production,202417,2024-07-29,2024-08-11,4.2,1.01,False,24
MD,ai_in_production,202418,2024-08-12,2024-08-25,7.3,1.69,False,24
MD,ai_in_production,202419,2024-08-26,2024-09-08,7.2,0.86,False,24
MD,ai_in_production,202420,2024-09-09,2024-09-22,6.0,0.99,False,24
MD,ai_in_production,202421,2024-09-23,2024-10-06,6.5,1.02,False,24
MD,ai_in_production,202422,2024-10-07,2024-10-20,8.3,0.89,False,24
MD,ai_in_production,202423,2024-10-21,2024-11-03,5.9,1.01,False,24
MD,ai_in_production,202424,2024-11-04,2024-11-17,9.8,1.49,False,24
MD,ai_in_production,202425,2024-11-18,2024-12-01,5.2,0.72,False,24
MD,ai_in_production,202426,2024-12-02,2024-12-15,8.4,1.51,False,24
MD,ai_in_production,202501,2024-12-16,2024-12-29,6.3,1.55,False,24
MD,ai_in_production,202502,2024-12-30,2025-01-12,9.1,1.32,False,24
MD,ai_in_production,202503,2025-01-13,2025-01-26,5.6,1.31,False,24
MD,ai_in_production,202504,2025-01-27,2025-02-09,8.8,1.11,False,24
MD,ai_in_production,202505,2025-02-10,2025-02-23,9.9,1.53,False,24
MD,ai_in_production,202506,2025-02-24,2025-03-09,8.9,1.01,False,24
MD,ai_in_production,202507,2025-03-10,2025-03-23,7.2,1.36,False,24
MD,ai_in_production,202508,2025-03-24,2025-04-06,8.3,1.17,False,24
MD,ai_in_production,202509,2025-04-07,2025-04-20,8.0,0.96,False,24
MD,ai_in_production,202510,2025-04-21,2025-05-04,9.5,1.53,False,24
MD,ai_in_production,202511,2025-05-05,2025-05-18,10.8,1.5,False,24
MD,ai_in_production,202512,2025-05-19,2025-06-01,11.4,1.59,False,24
MD,ai_in_production,202513,2025-06-02,2025-06-15,9.3,2.05,False,24
MD,ai_in_production,202514,2025-06-16,2025-06-29,10.8,2.84,False,24
MD,ai_in_production,202515,2025-06-30,2025-07-13,11.2,1.59,False,24
MD,ai_in_production,202516,2025-07-14,2025-07-27,9.7,1.36,False,24
MD,ai_in_production,202517,2025-07-28,2025-08-10,12.5,1.4,False,24
MD,ai_in_production,202518,2025-08-11,2025-08-24,9.5,1.43,False,24
MD,ai_in_production,202519,2025-08-25,2025-09-07,9.0,1.5,False,24
MD,ai_in_production,202520,2025-09-08,2025-09-21,12.5,1.95,False,24
ME,ai_in_any_function,202524,2025-11-03,2025-11-16,11.4,4.47,False,23
ME,ai_in_production,202421,2024-09-23,2024-10-06,6.4,1.38,False,23
ME,ai_in_production,202502,2024-12-30,2025-01-12,5.7,2.03,False,23
ME,ai_in_production,202506,2025-02-24,2025-03-09,9.2,2.16,False,23
ME,ai_in_production,202508,2025-03-24,2025-04-06,6.2,2.62,False,23
ME,ai_in_production,202511,2025-05-05,2025-05-18,8.0,1.74,False,23
ME,ai_in_production,202512,2025-05-19,2025-06-01,7.2,1.78,False,23
ME,ai_in_production,202514,2025-06-16,2025-06-29,9.8,2.37,False,23
ME,ai_in_production,202516,2025-07-14,2025-07-27,6.9,1.35,False,23
ME,ai_in_production,202517,2025-07-28,2025-08-10,6.6,3.2,False,23
ME,ai_in_production,202519,2025-08-25,2025-09-07,7.6,1.18,False,23
ME,ai_in_production,202520,2025-09-08,2025-09-21,7.7,1.93,False,23
MI,ai_in_any_function,202524,2025-11-03,2025-11-16,16.4,1.37,False,26
MI,ai_in_production,202319,2023-08-28,2023-09-10,2.6,0.67,False,26
MI,ai_in_production,202320,2023-09-11,2023-09-24,2.3,0.53,False,26
MI,ai_in_production,202321,2023-09-25,2023-10-08,2.6,0.69,False,26
MI,ai_in_production,202322,2023-10-09,2023-10-22,3.0,0.47,False,26
MI,ai_in_production,202323,2023-10-23,2023-11-05,4.0,0.91,False,26
MI,ai_in_production,202324,2023-11-06,2023-11-19,3.1,0.52,False,26
MI,ai_in_production,202325,2023-11-20,2023-12-03,4.2,0.81,False,26
MI,ai_in_production,202326,2023-12-04,2023-12-17,3.6,0.81,False,26
MI,ai_in_production,202401,2023-12-18,2023-12-31,4.2,0.95,False,26
MI,ai_in_production,202402,2024-01-01,2024-01-14,3.6,0.78,False,26
MI,ai_in_production,202403,2024-01-15,2024-01-28,3.3,0.77,False,26
MI,ai_in_production,202404,2024-01-29,2024-02-11,3.8,0.79,False,26
MI,ai_in_production,202405,2024-02-12,2024-02-25,3.3,0.7,False,26
MI,ai_in_production,202406,2024-02-26,2024-03-10,4.6,0.83,False,26
MI,ai_in_production,202407,2024-03-11,2024-03-24,4.0,0.82,False,26
MI,ai_in_production,202408,2024-03-25,2024-04-07,3.7,0.78,False,26
MI,ai_in_production,202409,2024-04-08,2024-04-21,4.2,0.54,False,26
MI,ai_in_production,202410,2024-04-22,2024-05-05,3.3,0.37,False,26
MI,ai_in_production,202411,2024-05-06,2024-05-19,3.8,0.96,False,26
MI,ai_in_production,202412,2024-05-20,2024-06-02,4.7,0.95,False,26
MI,ai_in_production,202413,2024-06-03,2024-06-16,4.8,1.05,False,26
MI,ai_in_production,202414,2024-06-17,2024-06-30,4.8,1.05,False,26
MI,ai_in_production,202415,2024-07-01,2024-07-14,4.4,0.74,False,26
MI,ai_in_production,202416,2024-07-15,2024-07-28,4.5,0.9,False,26
MI,ai_in_production,202417,2024-07-29,2024-08-11,3.9,0.64,False,26
MI,ai_in_production,202418,2024-08-12,2024-08-25,5.7,0.57,False,26
MI,ai_in_production,202419,2024-08-26,2024-09-08,5.4,0.94,False,26
MI,ai_in_production,202420,2024-09-09,2024-09-22,5.1,0.8,False,26
MI,ai_in_production,202421,2024-09-23,2024-10-06,5.4,0.92,False,26
MI,ai_in_production,202422,2024-10-07,2024-10-20,7.5,0.75,False,26
MI,ai_in_production,202423,2024-10-21,2024-11-03,5.2,0.78,False,26
MI,ai_in_production,202424,2024-11-04,2024-11-17,5.8,0.8,False,26
MI,ai_in_production,202425,2024-11-18,2024-12-01,5.1,0.84,False,26
MI,ai_in_production,202426,2024-12-02,2024-12-15,5.7,1.18,False,26
MI,ai_in_production,202501,2024-12-16,2024-12-29,3.4,0.71,False,26
MI,ai_in_production,202502,2024-12-30,2025-01-12,6.1,0.62,False,26
MI,ai_in_production,202503,2025-01-13,2025-01-26,5.7,1.13,False,26
MI,ai_in_production,202504,2025-01-27,2025-02-09,5.4,0.79,False,26
MI,ai_in_production,202505,2025-02-10,2025-02-23,5.3,0.53,False,26
MI,ai_in_production,202506,2025-02-24,2025-03-09,7.4,1.58,False,26
MI,ai_in_production,202507,2025-03-10,2025-03-23,7.5,1.03,False,26
MI,ai_in_production,202508,2025-03-24,2025-04-06,6.7,0.97,False,26
MI,ai_in_production,202509,2025-04-07,2025-04-20,8.8,1.45,False,26
MI,ai_in_production,202510,2025-04-21,2025-05-04,6.7,0.87,False,26
MI,ai_in_production,202511,2025-05-05,2025-05-18,7.7,1.08,False,26
MI,ai_in_production,202512,2025-05-19,2025-06-01,8.1,1.18,False,26
MI,ai_in_production,202513,2025-06-02,2025-06-15,7.1,1.36,False,26
MI,ai_in_production,202514,2025-06-16,2025-06-29,7.8,0.54,False,26
MI,ai_in_production,202515,2025-06-30,2025-07-13,10.2,1.1,False,26
MI,ai_in_production,202516,2025-07-14,2025-07-27,8.0,0.93,False,26
MI,ai_in_production,202517,2025-07-28,2025-08-10,7.8,0.51,False,26
MI,ai_in_production,202518,2025-08-11,2025-08-24,7.5,0.78,False,26
MI,ai_in_production,202519,2025-08-25,2025-09-07,7.0,0.7,False,26
MI,ai_in_production,202520,2025-09-08,2025-09-21,7.9,0.84,False,26
MN,ai_in_any_function,202524,2025-11-03,2025-11-16,19.1,2.36,False,27
MN,ai_in_production,202319,2023-08-28,2023-09-10,5.2,1.1,False,27
MN,ai_in_production,202320,2023-09-11,2023-09-24,3.9,0.7,False,27
MN,ai_in_production,202321,2023-09-25,2023-10-08,2.7,0.49,False,27
MN,ai_in_production,202322,2023-10-09,2023-10-22,3.4,0.97,False,27
MN,ai_in_production,202323,2023-10-23,2023-11-05,5.4,0.93,False,27
MN,ai_in_production,202324,2023-11-06,2023-11-19,3.4,0.33,False,27
MN,ai_in_production,202325,2023-11-20,2023-12-03,4.9,0.93,False,27
MN,ai_in_production,202326,2023-12-04,2023-12-17,4.3,0.99,False,27
MN,ai_in_production,202401,2023-12-18,2023-12-31,4.6,0.8,False,27
MN,ai_in_production,202402,2024-01-01,2024-01-14,6.5,1.05,False,27
MN,ai_in_production,202403,2024-01-15,2024-01-28,5.6,0.7,False,27
MN,ai_in_production,202404,2024-01-29,2024-02-11,4.8,1.14,False,27
MN,ai_in_production,202405,2024-02-12,2024-02-25,3.4,0.66,False,27
MN,ai_in_production,202406,2024-02-26,2024-03-10,3.5,1.24,False,27
MN,ai_in_production,202407,2024-03-11,2024-03-24,4.6,0.7,False,27
MN,ai_in_production,202408,2024-03-25,2024-04-07,4.3,0.77,False,27
MN,ai_in_production,202409,2024-04-08,2024-04-21,5.4,0.92,False,27
MN,ai_in_production,202410,2024-04-22,2024-05-05,5.3,1.37,False,27
MN,ai_in_production,202411,2024-05-06,2024-05-19,5.2,1.13,False,27
MN,ai_in_production,202412,2024-05-20,2024-06-02,5.4,1.32,False,27
MN,ai_in_production,202413,2024-06-03,2024-06-16,5.0,1.11,False,27
MN,ai_in_production,202414,2024-06-17,2024-06-30,7.0,1.71,False,27
MN,ai_in_production,202415,2024-07-01,2024-07-14,5.1,1.23,False,27
MN,ai_in_production,202416,2024-07-15,2024-07-28,6.0,1.27,False,27
MN,ai_in_production,202417,2024-07-29,2024-08-11,6.5,1.14,False,27
MN,ai_in_production,202418,2024-08-12,2024-08-25,5.6,0.77,False,27
MN,ai_in_production,202419,2024-08-26,2024-09-08,6.6,1.2,False,27
MN,ai_in_production,202420,2024-09-09,2024-09-22,6.0,0.74,False,27
MN,ai_in_production,202421,2024-09-23,2024-10-06,4.4,0.79,False,27
MN,ai_in_production,202422,2024-10-07,2024-10-20,6.0,1.19,False,27
MN,ai_in_production,202423,2024-10-21,2024-11-03,10.4,1.34,False,27
MN,ai_in_production,202424,2024-11-04,2024-11-17,8.3,1.12,False,27
MN,ai_in_production,202425,2024-11-18,2024-12-01,7.8,0.83,False,27
MN,ai_in_production,202426,2024-12-02,2024-12-15,7.1,1.19,False,27
MN,ai_in_production,202501,2024-12-16,2024-12-29,6.6,1.43,False,27
MN,ai_in_production,202502,2024-12-30,2025-01-12,7.1,1.64,False,27
MN,ai_in_production,202503,2025-01-13,2025-01-26,7.6,1.11,False,27
MN,ai_in_production,202504,2025-01-27,2025-02-09,8.4,0.76,False,27
MN,ai_in_production,202505,2025-02-10,2025-02-23,10.4,1.7,False,27
MN,ai_in_production,202506,2025-02-24,2025-03-09,7.5,1.33,False,27
MN,ai_in_production,202507,2025-03-10,2025-03-23,7.1,0.98,False,27
MN,ai_in_production,202508,2025-03-24,2025-04-06,8.9,1.35,False,27
MN,ai_in_production,202509,2025-04-07,2025-04-20,9.9,1.31,False,27
MN,ai_in_production,202510,2025-04-21,2025-05-04,11.9,1.17,False,27
MN,ai_in_production,202511,2025-05-05,2025-05-18,11.8,1.37,False,27
MN,ai_in_production,202512,2025-05-19,2025-06-01,10.8,1.1,False,27
MN,ai_in_production,202513,2025-06-02,2025-06-15,9.9,1.61,False,27
MN,ai_in_production,202514,2025-06-16,2025-06-29,11.3,2.05,False,27
MN,ai_in_production,202515,2025-06-30,2025-07-13,9.5,1.37,False,27
MN,ai_in_production,202516,2025-07-14,2025-07-27,8.9,1.07,False,27
MN,ai_in_production,202517,2025-07-28,2025-08-10,10.5,1.82,False,27
MN,ai_in_production,202518,2025-08-11,2025-08-24,10.2,1.11,False,27
MN,ai_in_production,202519,2025-08-25,2025-09-07,9.7,0.96,False,27
MN,ai_in_production,202520,2025-09-08,2025-09-21,11.1,1.68,False,27
MO,ai_in_any_function,202524,2025-11-03,2025-11-16,18.6,2.37,False,29
MO,ai_in_production,202319,2023-08-28,2023-09-10,3.1,0.57,False,29
MO,ai_in_production,202320,2023-09-11,2023-09-24,4.0,0.66,False,29
MO,ai_in_production,202321,2023-09-25,2023-10-08,3.2,1.04,False,29
MO,ai_in_production,202322,2023-10-09,2023-10-22,2.3,0.56,False,29
MO,ai_in_production,202323,2023-10-23,2023-11-05,3.4,0.77,False,29
MO,ai_in_production,202324,2023-11-06,2023-11-19,2.8,0.71,False,29
MO,ai_in_production,202325,2023-11-20,2023-12-03,4.5,0.63,False,29
MO,ai_in_production,202326,2023-12-04,2023-12-17,6.8,1.39,False,29
MO,ai_in_production,202401,2023-12-18,2023-12-31,4.1,1.26,False,29
MO,ai_in_production,202402,2024-01-01,2024-01-14,4.6,0.96,False,29
MO,ai_in_production,202403,2024-01-15,2024-01-28,4.4,1.22,False,29
MO,ai_in_production,202404,2024-01-29,2024-02-11,4.0,1.22,False,29
MO,ai_in_production,202405,2024-02-12,2024-02-25,2.0,0.86,False,29
MO,ai_in_production,202406,2024-02-26,2024-03-10,4.9,1.23,False,29
MO,ai_in_production,202407,2024-03-11,2024-03-24,4.1,1.58,False,29
MO,ai_in_production,202408,2024-03-25,2024-04-07,4.2,0.92,False,29
MO,ai_in_production,202409,2024-04-08,2024-04-21,3.9,0.89,False,29
MO,ai_in_production,202410,2024-04-22,2024-05-05,4.6,0.91,False,29
MO,ai_in_production,202411,2024-05-06,2024-05-19,4.2,0.94,False,29
MO,ai_in_production,202412,2024-05-20,2024-06-02,4.8,1.19,False,29
MO,ai_in_production,202413,2024-06-03,2024-06-16,2.8,0.81,False,29
MO,ai_in_production,202415,2024-07-01,2024-07-14,3.9,0.88,False,29
MO,ai_in_production,202416,2024-07-15,2024-07-28,5.6,1.54,False,29
MO,ai_in_production,202417,2024-07-29,2024-08-11,5.4,0.65,False,29
MO,ai_in_production,202418,2024-08-12,2024-08-25,6.1,1.13,False,29
MO,ai_in_production,202419,2024-08-26,2024-09-08,4.6,1.08,False,29
MO,ai_in_production,202420,2024-09-09,2024-09-22,4.6,0.78,False,29
MO,ai_in_production,202421,2024-09-23,2024-10-06,4.1,0.86,False,29
MO,ai_in_production,202422,2024-10-07,2024-10-20,4.6,1.04,False,29
MO,ai_in_production,202423,2024-10-21,2024-11-03,5.0,1.21,False,29
MO,ai_in_production,202424,2024-11-04,2024-11-17,5.4,1.19,False,29
MO,ai_in_production,202425,2024-11-18,2024-12-01,4.9,1.0,False,29
MO,ai_in_production,202426,2024-12-02,2024-12-15,3.6,0.66,False,29
MO,ai_in_production,202501,2024-12-16,2024-12-29,5.8,1.36,False,29
MO,ai_in_production,202502,2024-12-30,2025-01-12,5.7,1.43,False,29
MO,ai_in_production,202503,2025-01-13,2025-01-26,5.2,0.86,False,29
MO,ai_in_production,202504,2025-01-27,2025-02-09,6.4,1.62,False,29
MO,ai_in_production,202505,2025-02-10,2025-02-23,6.3,1.56,False,29
MO,ai_in_production,202506,2025-02-24,2025-03-09,5.7,1.17,False,29
MO,ai_in_production,202507,2025-03-10,2025-03-23,6.4,1.56,False,29
MO,ai_in_production,202508,2025-03-24,2025-04-06,7.8,1.8,False,29
MO,ai_in_production,202509,2025-04-07,2025-04-20,5.5,0.58,False,29
MO,ai_in_production,202510,2025-04-21,2025-05-04,6.9,1.59,False,29
MO,ai_in_production,202511,2025-05-05,2025-05-18,8.3,1.96,False,29
MO,ai_in_production,202512,2025-05-19,2025-06-01,8.9,0.65,False,29
MO,ai_in_production,202513,2025-06-02,2025-06-15,6.8,1.23,False,29
MO,ai_in_production,202514,2025-06-16,2025-06-29,10.5,1.52,False,29
MO,ai_in_production,202515,2025-06-30,2025-07-13,7.0,1.22,False,29
MO,ai_in_production,202516,2025-07-14,2025-07-27,8.4,1.29,False,29
MO,ai_in_production,202517,2025-07-28,2025-08-10,7.1,0.81,False,29
MO,ai_in_production,202518,2025-08-11,2025-08-24,6.7,1.03,False,29
MO,ai_in_production,202519,2025-08-25,2025-09-07,7.4,1.01,False,29
MO,ai_in_production,202520,2025-09-08,2025-09-21,8.4,1.64,False,29
MS,ai_in_any_function,202524,2025-11-03,2025-11-16,11.6,2.1,False,28
MS,ai_in_production,202505,2025-02-10,2025-02-23,6.4,1.37,False,28
MS,ai_in_production,202515,2025-06-30,2025-07-13,6.7,2.88,False,28
MS,ai_in_production,202517,2025-07-28,2025-08-10,7.3,1.79,False,28
MT,ai_in_any_function,202524,2025-11-03,2025-11-16,14.6,3.41,False,30
MT,ai_in_production,202323,2023-10-23,2023-11-05,4.7,1.42,False,30
MT,ai_in_production,202324,2023-11-06,2023-11-19,4.6,1.02,False,30
MT,ai_in_production,202402,2024-01-01,2024-01-14,5.8,1.01,False,30
MT,ai_in_production,202406,2024-02-26,2024-03-10,6.3,2.11,False,30
MT,ai_in_production,202407,2024-03-11,2024-03-24,6.4,1.62,False,30
MT,ai_in_production,202408,2024-03-25,2024-04-07,3.5,1.34,False,30
MT,ai_in_production,202417,2024-07-29,2024-08-11,5.7,1.8,False,30
MT,ai_in_production,202418,2024-08-12,2024-08-25,7.4,2.44,False,30
MT,ai_in_production,202419,2024-08-26,2024-09-08,8.1,2.38,False,30
MT,ai_in_production,202422,2024-10-07,2024-10-20,5.8,1.57,False,30
MT,ai_in_production,202502,2024-12-30,2025-01-12,10.3,3.31,False,30
MT,ai_in_production,202503,2025-01-13,2025-01-26,6.1,2.35,False,30
MT,ai_in_production,202505,2025-02-10,2025-02-23,9.0,1.94,False,30
MT,ai_in_production,202506,2025-02-24,2025-03-09,7.9,2.17,False,30
MT,ai_in_production,202507,2025-03-10,2025-03-23,9.9,2.4,False,30
MT,ai_in_production,202508,2025-03-24,2025-04-06,6.3,1.51,False,30
MT,ai_in_production,202509,2025-04-07,2025-04-20,7.8,2.61,False,30
MT,ai_in_production,202511,2025-05-05,2025-05-18,14.4,2.46,False,30
MT,ai_in_production,202512,2025-05-19,2025-06-01,8.3,1.75,False,30
MT,ai_in_production,202514,2025-06-16,2025-06-29,7.0,2.6,False,30
MT,ai_in_production,202515,2025-06-30,2025-07-13,8.5,2.57,False,30
MT,ai_in_production,202517,2025-07-28,2025-08-10,7.4,1.8,False,30
MT,ai_in_production,202519,2025-08-25,2025-09-07,9.1,1.92,False,30
MT,ai_in_production,202520,2025-09-08,2025-09-21,7.7,2.59,False,30
NC,ai_in_any_function,202524,2025-11-03,2025-11-16,20.6,2.2,False,37
NC,ai_in_production,202319,2023-08-28,2023-09-10,3.8,0.52,False,37
NC,ai_in_production,202320,2023-09-11,2023-09-24,3.5,0.64,False,37
NC,ai_in_production,202321,2023-09-25,2023-10-08,3.9,0.7,False,37
NC,ai_in_production,202322,2023-10-09,2023-10-22,4.3,0.7,False,37
NC,ai_in_production,202323,2023-10-23,2023-11-05,4.7,0.43,False,37
NC,ai_in_production,202324,2023-11-06,2023-11-19,4.3,0.84,False,37
NC,ai_in_production,202325,2023-11-20,2023-12-03,5.3,0.99,False,37
NC,ai_in_production,202326,2023-12-04,2023-12-17,5.6,0.9,False,37
NC,ai_in_production,202401,2023-12-18,2023-12-31,4.0,0.54,False,37
NC,ai_in_production,202402,2024-01-01,2024-01-14,5.4,0.81,False,37
NC,ai_in_production,202403,2024-01-15,2024-01-28,5.1,1.04,False,37
NC,ai_in_production,202404,2024-01-29,2024-02-11,5.4,0.97,False,37
NC,ai_in_production,202405,2024-02-12,2024-02-25,4.2,0.86,False,37
NC,ai_in_production,202406,2024-02-26,2024-03-10,5.4,0.6,False,37
NC,ai_in_production,202407,2024-03-11,2024-03-24,3.5,0.62,False,37
NC,ai_in_production,202408,2024-03-25,2024-04-07,4.8,0.83,False,37
NC,ai_in_production,202409,2024-04-08,2024-04-21,5.7,0.97,False,37
NC,ai_in_production,202410,2024-04-22,2024-05-05,5.1,0.94,False,37
NC,ai_in_production,202411,2024-05-06,2024-05-19,5.9,1.17,False,37
NC,ai_in_production,202412,2024-05-20,2024-06-02,4.7,0.86,False,37
NC,ai_in_production,202413,2024-06-03,2024-06-16,4.1,1.01,False,37
NC,ai_in_production,202414,2024-06-17,2024-06-30,3.4,0.76,False,37
NC,ai_in_production,202415,2024-07-01,2024-07-14,4.5,0.69,False,37
NC,ai_in_production,202416,2024-07-15,2024-07-28,3.9,0.8,False,37
NC,ai_in_production,202417,2024-07-29,2024-08-11,5.7,1.08,False,37
NC,ai_in_production,202418,2024-08-12,2024-08-25,6.4,0.47,False,37
NC,ai_in_production,202419,2024-08-26,2024-09-08,4.6,0.54,False,37
NC,ai_in_production,202420,2024-09-09,2024-09-22,4.8,0.62,False,37
NC,ai_in_production,202421,2024-09-23,2024-10-06,5.9,0.7,False,37
NC,ai_in_production,202422,2024-10-07,2024-10-20,5.1,0.65,False,37
NC,ai_in_production,202423,2024-10-21,2024-11-03,5.6,1.09,False,37
NC,ai_in_production,202424,2024-11-04,2024-11-17,5.8,0.68,False,37
NC,ai_in_production,202425,2024-11-18,2024-12-01,5.6,1.4,False,37
NC,ai_in_production,202426,2024-12-02,2024-12-15,5.4,0.79,False,37
NC,ai_in_production,202501,2024-12-16,2024-12-29,4.8,0.44,False,37
NC,ai_in_production,202502,2024-12-30,2025-01-12,5.8,0.6,False,37
NC,ai_in_production,202503,2025-01-13,2025-01-26,8.9,1.32,False,37
NC,ai_in_production,202504,2025-01-27,2025-02-09,7.1,1.3,False,37
NC,ai_in_production,202505,2025-02-10,2025-02-23,7.2,0.88,False,37
NC,ai_in_production,202506,2025-02-24,2025-03-09,8.0,1.18,False,37
NC,ai_in_production,202507,2025-03-10,2025-03-23,6.6,1.04,False,37
NC,ai_in_production,202508,2025-03-24,2025-04-06,7.7,1.03,False,37
NC,ai_in_production,202509,2025-04-07,2025-04-20,10.6,1.05,False,37
NC,ai_in_production,202510,2025-04-21,2025-05-04,8.6,1.3,False,37
NC,ai_in_production,202511,2025-05-05,2025-05-18,7.5,1.27,False,37
NC,ai_in_production,202512,2025-05-19,2025-06-01,10.9,1.38,False,37
NC,ai_in_production,202513,2025-06-02,2025-06-15,7.4,1.39,False,37
NC,ai_in_production,202514,2025-06-16,2025-06-29,10.7,1.91,False,37
NC,ai_in_production,202515,2025-06-30,2025-07-13,10.6,0.91,False,37
NC,ai_in_production,202516,2025-07-14,2025-07-27,9.3,0.9,False,37
NC,ai_in_production,202517,2025-07-28,2025-08-10,10.9,1.01,False,37
NC,ai_in_production,202518,2025-08-11,2025-08-24,9.3,1.14,False,37
NC,ai_in_production,202519,2025-08-25,2025-09-07,9.8,1.05,False,37
NC,ai_in_production,202520,2025-09-08,2025-09-21,11.1,1.31,False,37
NE,ai_in_any_function,202524,2025-11-03,2025-11-16,20.2,4.05,False,31
NE,ai_in_production,202324,2023-11-06,2023-11-19,5.7,1.44,False,31
NE,ai_in_production,202404,2024-01-29,2024-02-11,7.1,1.98,False,31
NE,ai_in_production,202418,2024-08-12,2024-08-25,5.0,1.58,False,31
NE,ai_in_production,202419,2024-08-26,2024-09-08,6.5,2.19,False,31
NE,ai_in_production,202420,2024-09-09,2024-09-22,4.1,1.32,False,31
NE,ai_in_production,202421,2024-09-23,2024-10-06,4.9,0.73,False,31
NE,ai_in_production,202422,2024-10-07,2024-10-20,5.4,1.42,False,31
NE,ai_in_production,202425,2024-11-18,2024-12-01,6.5,2.12,False,31
NE,ai_in_production,202426,2024-12-02,2024-12-15,5.1,1.22,False,31
NE,ai_in_production,202501,2024-12-16,2024-12-29,5.6,1.23,False,31
NE,ai_in_production,202502,2024-12-30,2025-01-12,5.5,1.63,False,31
NE,ai_in_production,202503,2025-01-13,2025-01-26,4.3,0.97,False,31
NE,ai_in_production,202504,2025-01-27,2025-02-09,5.6,1.63,False,31
NE,ai_in_production,202505,2025-02-10,2025-02-23,6.9,2.23,False,31
NE,ai_in_production,202506,2025-02-24,2025-03-09,5.3,1.55,False,31
NE,ai_in_production,202507,2025-03-10,2025-03-23,8.1,2.06,False,31
NE,ai_in_production,202508,2025-03-24,2025-04-06,11.2,1.13,False,31
NE,ai_in_production,202509,2025-04-07,2025-04-20,7.8,2.09,False,31
NE,ai_in_production,202510,2025-04-21,2025-05-04,7.3,1.64,False,31
NE,ai_in_production,202511,2025-05-05,2025-05-18,7.5,2.42,False,31
NE,ai_in_production,202512,2025-05-19,2025-06-01,8.5,1.63,False,31
NE,ai_in_production,202513,2025-06-02,2025-06-15,8.8,3.14,False,31
NE,ai_in_production,202514,2025-06-16,2025-06-29,9.2,2.79,False,31
NE,ai_in_production,202515,2025-06-30,2025-07-13,9.9,2.09,False,31
NE,ai_in_production,202516,2025-07-14,2025-07-27,9.7,1.88,False,31
NE,ai_in_production,202517,2025-07-28,2025-08-10,7.6,1.66,False,31
NE,ai_in_production,202518,2025-08-11,2025-08-24,11.1,3.07,False,31
NE,ai_in_production,202519,2025-08-25,2025-09-07,12.5,2.85,False,31
NE,ai_in_production,202520,2025-09-08,2025-09-21,8.6,1.72,False,31
NH,ai_in_any_function,202524,2025-11-03,2025-11-16,11.8,2.96,False,33
NH,ai_in_production,202324,2023-11-06,2023-11-19,6.3,1.64,False,33
NH,ai_in_production,202404,2024-01-29,2024-02-11,6.4,2.25,False,33
NH,ai_in_production,202410,2024-04-22,2024-05-05,6.4,3.14,False,33
NH,ai_in_production,202416,2024-07-15,2024-07-28,6.7,2.67,False,33
NH,ai_in_production,202419,2024-08-26,2024-09-08,5.4,1.92,False,33
NH,ai_in_production,202507,2025-03-10,2025-03-23,12.1,2.92,False,33
NH,ai_in_production,202512,2025-05-19,2025-06-01,9.6,4.03,False,33
NH,ai_in_production,202513,2025-06-02,2025-06-15,10.8,3.66,False,33
NH,ai_in_production,202515,2025-06-30,2025-07-13,7.9,3.14,False,33
NH,ai_in_production,202516,2025-07-14,2025-07-27,6.7,1.89,False,33
NH,ai_in_production,202517,2025-07-28,2025-08-10,7.5,1.78,False,33
NH,ai_in_production,202519,2025-08-25,2025-09-07,10.1,2.49,False,33
NH,ai_in_production,202520,2025-09-08,2025-09-21,8.3,1.89,False,33
NJ,ai_in_any_function,202524,2025-11-03,2025-11-16,12.7,1.95,False,34
NJ,ai_in_production,202319,2023-08-28,2023-09-10,2.3,0.51,False,34
NJ,ai_in_production,202320,2023-09-11,2023-09-24,2.8,0.59,False,34
NJ,ai_in_production,202321,2023-09-25,2023-10-08,3.1,0.54,False,34
NJ,ai_in_production,202322,2023-10-09,2023-10-22,4.4,0.46,False,34
NJ,ai_in_production,202323,2023-10-23,2023-11-05,3.6,0.54,False,34
NJ,ai_in_production,202324,2023-11-06,2023-11-19,3.0,0.81,False,34
NJ,ai_in_production,202325,2023-11-20,2023-12-03,3.3,0.87,False,34
NJ,ai_in_production,202326,2023-12-04,2023-12-17,3.1,0.89,False,34
NJ,ai_in_production,202401,2023-12-18,2023-12-31,3.1,0.53,False,34
NJ,ai_in_production,202402,2024-01-01,2024-01-14,4.9,0.69,False,34
NJ,ai_in_production,202403,2024-01-15,2024-01-28,3.1,0.95,False,34
NJ,ai_in_production,202404,2024-01-29,2024-02-11,3.5,0.55,False,34
NJ,ai_in_production,202405,2024-02-12,2024-02-25,3.0,0.69,False,34
NJ,ai_in_production,202406,2024-02-26,2024-03-10,2.9,0.74,False,34
NJ,ai_in_production,202407,2024-03-11,2024-03-24,3.8,0.62,False,34
NJ,ai_in_production,202408,2024-03-25,2024-04-07,3.8,0.62,False,34
NJ,ai_in_production,202409,2024-04-08,2024-04-21,3.2,0.88,False,34
NJ,ai_in_production,202410,2024-04-22,2024-05-05,3.9,0.59,False,34
NJ,ai_in_production,202411,2024-05-06,2024-05-19,3.1,0.84,False,34
NJ,ai_in_production,202412,2024-05-20,2024-06-02,2.7,1.03,False,34
NJ,ai_in_production,202413,2024-06-03,2024-06-16,3.6,0.8,False,34
NJ,ai_in_production,202414,2024-06-17,2024-06-30,3.4,0.61,False,34
NJ,ai_in_production,202415,2024-07-01,2024-07-14,3.2,0.52,False,34
NJ,ai_in_production,202416,2024-07-15,2024-07-28,3.8,0.73,False,34
NJ,ai_in_production,202417,2024-07-29,2024-08-11,4.1,0.56,False,34
NJ,ai_in_production,202418,2024-08-12,2024-08-25,4.8,0.64,False,34
NJ,ai_in_production,202419,2024-08-26,2024-09-08,3.7,0.93,False,34
NJ,ai_in_production,202420,2024-09-09,2024-09-22,5.9,0.58,False,34
NJ,ai_in_production,202421,2024-09-23,2024-10-06,4.1,0.59,False,34
NJ,ai_in_production,202422,2024-10-07,2024-10-20,4.8,0.67,False,34
NJ,ai_in_production,202423,2024-10-21,2024-11-03,5.7,0.77,False,34
NJ,ai_in_production,202424,2024-11-04,2024-11-17,4.3,0.87,False,34
NJ,ai_in_production,202425,2024-11-18,2024-12-01,5.5,1.08,False,34
NJ,ai_in_production,202426,2024-12-02,2024-12-15,4.6,0.7,False,34
NJ,ai_in_production,202501,2024-12-16,2024-12-29,4.5,0.66,False,34
NJ,ai_in_production,202502,2024-12-30,2025-01-12,5.0,1.17,False,34
NJ,ai_in_production,202503,2025-01-13,2025-01-26,4.9,0.67,False,34
NJ,ai_in_production,202504,2025-01-27,2025-02-09,5.2,1.02,False,34
NJ,ai_in_production,202505,2025-02-10,2025-02-23,6.2,1.01,False,34
NJ,ai_in_production,202506,2025-02-24,2025-03-09,5.8,1.21,False,34
NJ,ai_in_production,202507,2025-03-10,2025-03-23,6.6,1.31,False,34
NJ,ai_in_production,202508,2025-03-24,2025-04-06,6.7,1.31,False,34
NJ,ai_in_production,202509,2025-04-07,2025-04-20,7.6,1.17,False,34
NJ,ai_in_production,202510,2025-04-21,2025-05-04,7.7,0.71,False,34
NJ,ai_in_production,202511,2025-05-05,2025-05-18,8.1,0.77,False,34
NJ,ai_in_production,202512,2025-05-19,2025-06-01,6.1,0.77,False,34
NJ,ai_in_production,202513,2025-06-02,2025-06-15,7.2,0.95,False,34
NJ,ai_in_production,202514,2025-06-16,2025-06-29,5.9,1.48,False,34
NJ,ai_in_production,202515,2025-06-30,2025-07-13,8.8,0.75,False,34
NJ,ai_in_production,202516,2025-07-14,2025-07-27,7.5,0.83,False,34
NJ,ai_in_production,202517,2025-07-28,2025-08-10,7.0,1.37,False,34
NJ,ai_in_production,202518,2025-08-11,2025-08-24,7.2,0.93,False,34
NJ,ai_in_production,202519,2025-08-25,2025-09-07,7.5,0.92,False,34
NJ,ai_in_production,202520,2025-09-08,2025-09-21,8.1,0.57,False,34
NM,ai_in_any_function,202524,2025-11-03,2025-11-16,9.0,3.9,False,35
NM,ai_in_production,202402,2024-01-01,2024-01-14,6.1,2.88,False,35
NM,ai_in_production,202411,2024-05-06,2024-05-19,6.4,1.85,False,35
NM,ai_in_production,202416,2024-07-15,2024-07-28,9.4,2.29,False,35
NM,ai_in_production,202418,2024-08-12,2024-08-25,5.9,2.29,False,35
NM,ai_in_production,202419,2024-08-26,2024-09-08,6.7,0.87,False,35
NM,ai_in_production,202422,2024-10-07,2024-10-20,4.5,1.52,False,35
NM,ai_in_production,202423,2024-10-21,2024-11-03,6.8,1.19,False,35
NM,ai_in_production,202501,2024-12-16,2024-12-29,5.5,1.72,False,35
NM,ai_in_production,202503,2025-01-13,2025-01-26,7.4,1.83,False,35
NM,ai_in_production,202506,2025-02-24,2025-03-09,8.6,3.22,False,35
NM,ai_in_production,202507,2025-03-10,2025-03-23,9.3,4.09,False,35
NM,ai_in_production,202510,2025-04-21,2025-05-04,7.0,2.57,False,35
NM,ai_in_production,202511,2025-05-05,2025-05-18,7.4,1.64,False,35
NM,ai_in_production,202512,2025-05-19,2025-06-01,5.7,1.59,False,35
NM,ai_in_production,202513,2025-06-02,2025-06-15,8.5,3.2,False,35
NM,ai_in_production,202515,2025-06-30,2025-07-13,7.4,2.37,False,35
NM,ai_in_production,202516,2025-07-14,2025-07-27,8.8,2.2,False,35
NM,ai_in_production,202517,2025-07-28,2025-08-10,7.6,1.99,False,35
NM,ai_in_production,202519,2025-08-25,2025-09-07,10.0,2.27,False,35
NV,ai_in_any_function,202524,2025-11-03,2025-11-16,21.3,2.9,False,32
NV,ai_in_production,202319,2023-08-28,2023-09-10,5.0,0.8,False,32
NV,ai_in_production,202321,2023-09-25,2023-10-08,6.3,1.24,False,32
NV,ai_in_production,202322,2023-10-09,2023-10-22,4.4,1.37,False,32
NV,ai_in_production,202323,2023-10-23,2023-11-05,3.3,0.56,False,32
NV,ai_in_production,202324,2023-11-06,2023-11-19,4.8,1.18,False,32
NV,ai_in_production,202325,2023-11-20,2023-12-03,4.3,0.59,False,32
NV,ai_in_production,202326,2023-12-04,2023-12-17,4.8,1.2,False,32
NV,ai_in_production,202401,2023-12-18,2023-12-31,6.1,0.99,False,32
NV,ai_in_production,202402,2024-01-01,2024-01-14,6.9,1.25,False,32
NV,ai_in_production,202403,2024-01-15,2024-01-28,6.5,1.54,False,32
NV,ai_in_production,202404,2024-01-29,2024-02-11,10.7,2.43,False,32
NV,ai_in_production,202405,2024-02-12,2024-02-25,5.3,1.2,False,32
NV,ai_in_production,202406,2024-02-26,2024-03-10,5.9,1.78,False,32
NV,ai_in_production,202407,2024-03-11,2024-03-24,6.5,0.76,False,32
NV,ai_in_production,202408,2024-03-25,2024-04-07,3.8,0.86,False,32
NV,ai_in_production,202409,2024-04-08,2024-04-21,5.2,1.15,False,32
NV,ai_in_production,202410,2024-04-22,2024-05-05,4.8,1.49,False,32
NV,ai_in_production,202411,2024-05-06,2024-05-19,5.3,1.43,False,32
NV,ai_in_production,202412,2024-05-20,2024-06-02,4.2,0.81,False,32
NV,ai_in_production,202413,2024-06-03,2024-06-16,6.2,1.61,False,32
NV,ai_in_production,202414,2024-06-17,2024-06-30,5.2,1.52,False,32
NV,ai_in_production,202415,2024-07-01,2024-07-14,7.9,1.82,False,32
NV,ai_in_production,202416,2024-07-15,2024-07-28,6.0,1.64,False,32
NV,ai_in_production,202417,2024-07-29,2024-08-11,4.7,0.92,False,32
NV,ai_in_production,202418,2024-08-12,2024-08-25,6.4,1.14,False,32
NV,ai_in_production,202419,2024-08-26,2024-09-08,4.9,1.32,False,32
NV,ai_in_production,202420,2024-09-09,2024-09-22,7.1,1.67,False,32
NV,ai_in_production,202421,2024-09-23,2024-10-06,4.1,0.98,False,32
NV,ai_in_production,202422,2024-10-07,2024-10-20,7.9,2.16,False,32
NV,ai_in_production,202423,2024-10-21,2024-11-03,7.7,1.33,False,32
NV,ai_in_production,202424,2024-11-04,2024-11-17,5.8,1.78,False,32
NV,ai_in_production,202425,2024-11-18,2024-12-01,6.2,1.26,False,32
NV,ai_in_production,202426,2024-12-02,2024-12-15,7.5,1.86,False,32
NV,ai_in_production,202502,2024-12-30,2025-01-12,8.7,1.96,False,32
NV,ai_in_production,202503,2025-01-13,2025-01-26,9.2,1.4,False,32
NV,ai_in_production,202504,2025-01-27,2025-02-09,6.4,1.86,False,32
NV,ai_in_production,202505,2025-02-10,2025-02-23,5.9,1.02,False,32
NV,ai_in_production,202506,2025-02-24,2025-03-09,9.3,2.13,False,32
NV,ai_in_production,202507,2025-03-10,2025-03-23,8.2,2.12,False,32
NV,ai_in_production,202508,2025-03-24,2025-04-06,10.7,1.66,False,32
NV,ai_in_production,202509,2025-04-07,2025-04-20,9.0,1.54,False,32
NV,ai_in_production,202510,2025-04-21,2025-05-04,8.3,1.78,False,32
NV,ai_in_production,202511,2025-05-05,2025-05-18,11.3,1.56,False,32
NV,ai_in_production,202512,2025-05-19,2025-06-01,11.9,1.97,False,32
NV,ai_in_production,202513,2025-06-02,2025-06-15,7.1,1.84,False,32
NV,ai_in_production,202514,2025-06-16,2025-06-29,17.0,2.46,False,32
NV,ai_in_production,202515,2025-06-30,2025-07-13,10.3,1.68,False,32
NV,ai_in_production,202516,2025-07-14,2025-07-27,13.3,2.61,False,32
NV,ai_in_production,202517,2025-07-28,2025-08-10,13.1,2.01,False,32
NV,ai_in_production,202518,2025-08-11,2025-08-24,10.7,1.42,False,32
NV,ai_in_production,202519,2025-08-25,2025-09-07,10.7,1.87,False,32
NV,ai_in_production,202520,2025-09-08,2025-09-21,9.4,1.36,False,32
NY,ai_in_any_function,202524,2025-11-03,2025-11-16,13.9,0.89,False,36
NY,ai_in_production,202319,2023-08-28,2023-09-10,3.2,0.57,False,36
NY,ai_in_production,202320,2023-09-11,2023-09-24,3.2,0.28,False,36
NY,ai_in_production,202321,2023-09-25,2023-10-08,3.2,0.25,False,36
NY,ai_in_production,202322,2023-10-09,2023-10-22,3.5,0.48,False,36
NY,ai_in_production,202323,2023-10-23,2023-11-05,4.1,0.46,False,36
NY,ai_in_production,202324,2023-11-06,2023-11-19,4.1,0.27,False,36
NY,ai_in_production,202325,2023-11-20,2023-12-03,3.5,0.47,False,36
NY,ai_in_production,202326,2023-12-04,2023-12-17,3.8,0.54,False,36
NY,ai_in_production,202401,2023-12-18,2023-12-31,3.7,0.59,False,36
NY,ai_in_production,202402,2024-01-01,2024-01-14,3.9,0.6,False,36
NY,ai_in_production,202403,2024-01-15,2024-01-28,4.5,0.66,False,36
NY,ai_in_production,202404,2024-01-29,2024-02-11,5.3,0.51,False,36
NY,ai_in_production,202405,2024-02-12,2024-02-25,3.9,0.45,False,36
NY,ai_in_production,202406,2024-02-26,2024-03-10,3.2,0.55,False,36
NY,ai_in_production,202407,2024-03-11,2024-03-24,3.8,0.51,False,36
NY,ai_in_production,202408,2024-03-25,2024-04-07,3.8,0.5,False,36
NY,ai_in_production,202409,2024-04-08,2024-04-21,4.5,0.56,False,36
NY,ai_in_production,202410,2024-04-22,2024-05-05,5.1,0.44,False,36
NY,ai_in_production,202411,2024-05-06,2024-05-19,3.0,0.44,False,36
NY,ai_in_production,202412,2024-05-20,2024-06-02,3.7,0.61,False,36
NY,ai_in_production,202413,2024-06-03,2024-06-16,3.0,0.47,False,36
NY,ai_in_production,202414,2024-06-17,2024-06-30,4.3,0.55,False,36
NY,ai_in_production,202415,2024-07-01,2024-07-14,5.4,0.63,False,36
NY,ai_in_production,202416,2024-07-15,2024-07-28,4.4,0.52,False,36
NY,ai_in_production,202417,2024-07-29,2024-08-11,4.3,0.45,False,36
NY,ai_in_production,202418,2024-08-12,2024-08-25,4.6,0.53,False,36
NY,ai_in_production,202419,2024-08-26,2024-09-08,5.7,0.69,False,36
NY,ai_in_production,202420,2024-09-09,2024-09-22,5.3,0.51,False,36
NY,ai_in_production,202421,2024-09-23,2024-10-06,4.4,0.41,False,36
NY,ai_in_production,202422,2024-10-07,2024-10-20,5.2,0.6,False,36
NY,ai_in_production,202423,2024-10-21,2024-11-03,5.4,0.63,False,36
NY,ai_in_production,202424,2024-11-04,2024-11-17,4.3,0.5,False,36
NY,ai_in_production,202425,2024-11-18,2024-12-01,5.4,0.88,False,36
NY,ai_in_production,202426,2024-12-02,2024-12-15,5.7,0.35,False,36
NY,ai_in_production,202501,2024-12-16,2024-12-29,4.7,0.52,False,36
NY,ai_in_production,202502,2024-12-30,2025-01-12,6.2,0.54,False,36
NY,ai_in_production,202503,2025-01-13,2025-01-26,6.4,0.88,False,36
NY,ai_in_production,202504,2025-01-27,2025-02-09,5.4,0.57,False,36
NY,ai_in_production,202505,2025-02-10,2025-02-23,5.5,0.87,False,36
NY,ai_in_production,202506,2025-02-24,2025-03-09,7.6,0.9,False,36
NY,ai_in_production,202507,2025-03-10,2025-03-23,6.1,0.64,False,36
NY,ai_in_production,202508,2025-03-24,2025-04-06,6.2,0.69,False,36
NY,ai_in_production,202509,2025-04-07,2025-04-20,8.0,0.93,False,36
NY,ai_in_production,202510,2025-04-21,2025-05-04,7.3,0.63,False,36
NY,ai_in_production,202511,2025-05-05,2025-05-18,7.1,0.91,False,36
NY,ai_in_production,202512,2025-05-19,2025-06-01,8.1,0.79,False,36
NY,ai_in_production,202513,2025-06-02,2025-06-15,6.9,0.84,False,36
NY,ai_in_production,202514,2025-06-16,2025-06-29,7.0,0.63,False,36
NY,ai_in_production,202515,2025-06-30,2025-07-13,7.2,0.56,False,36
NY,ai_in_production,202516,2025-07-14,2025-07-27,6.7,0.46,False,36
NY,ai_in_production,202517,2025-07-28,2025-08-10,7.5,0.31,False,36
NY,ai_in_production,202518,2025-08-11,2025-08-24,7.1,0.8,False,36
NY,ai_in_production,202519,2025-08-25,2025-09-07,8.4,0.72,False,36
NY,ai_in_production,202520,2025-09-08,2025-09-21,9.5,0.71,False,36
OH,ai_in_any_function,202524,2025-11-03,2025-11-16,15.9,2.07,False,39
OH,ai_in_production,202319,2023-08-28,2023-09-10,2.5,0.6,False,39
OH,ai_in_production,202320,2023-09-11,2023-09-24,3.6,0.31,False,39
OH,ai_in_production,202321,2023-09-25,2023-10-08,3.0,0.5,False,39
OH,ai_in_production,202322,2023-10-09,2023-10-22,4.3,0.67,False,39
OH,ai_in_production,202323,2023-10-23,2023-11-05,4.9,0.3,False,39
OH,ai_in_production,202324,2023-11-06,2023-11-19,3.7,0.67,False,39
OH,ai_in_production,202325,2023-11-20,2023-12-03,3.0,0.79,False,39
OH,ai_in_production,202326,2023-12-04,2023-12-17,3.9,1.01,False,39
OH,ai_in_production,202401,2023-12-18,2023-12-31,3.7,0.5,False,39
OH,ai_in_production,202402,2024-01-01,2024-01-14,5.4,0.47,False,39
OH,ai_in_production,202403,2024-01-15,2024-01-28,4.9,0.99,False,39
OH,ai_in_production,202404,2024-01-29,2024-02-11,4.9,0.68,False,39
OH,ai_in_production,202405,2024-02-12,2024-02-25,2.9,0.67,False,39
OH,ai_in_production,202406,2024-02-26,2024-03-10,3.9,0.77,False,39
OH,ai_in_production,202407,2024-03-11,2024-03-24,3.4,0.37,False,39
OH,ai_in_production,202408,2024-03-25,2024-04-07,5.0,0.71,False,39
OH,ai_in_production,202409,2024-04-08,2024-04-21,3.9,0.56,False,39
OH,ai_in_production,202410,2024-04-22,2024-05-05,3.1,0.44,False,39
OH,ai_in_production,202411,2024-05-06,2024-05-19,3.1,0.84,False,39
OH,ai_in_production,202412,2024-05-20,2024-06-02,5.5,0.77,False,39
OH,ai_in_production,202413,2024-06-03,2024-06-16,3.5,0.59,False,39
OH,ai_in_production,202414,2024-06-17,2024-06-30,5.7,0.83,False,39
OH,ai_in_production,202415,2024-07-01,2024-07-14,6.5,1.25,False,39
OH,ai_in_production,202416,2024-07-15,2024-07-28,3.5,0.34,False,39
OH,ai_in_production,202417,2024-07-29,2024-08-11,4.8,0.68,False,39
OH,ai_in_production,202418,2024-08-12,2024-08-25,5.6,0.95,False,39
OH,ai_in_production,202419,2024-08-26,2024-09-08,6.1,0.6,False,39
OH,ai_in_production,202420,2024-09-09,2024-09-22,5.6,0.8,False,39
OH,ai_in_production,202421,2024-09-23,2024-10-06,4.7,0.64,False,39
OH,ai_in_production,202422,2024-10-07,2024-10-20,4.4,0.85,False,39
OH,ai_in_production,202423,2024-10-21,2024-11-03,5.9,0.67,False,39
OH,ai_in_production,202424,2024-11-04,2024-11-17,5.3,0.68,False,39
OH,ai_in_production,202425,2024-11-18,2024-12-01,6.8,0.88,False,39
OH,ai_in_production,202426,2024-12-02,2024-12-15,5.2,0.92,False,39
OH,ai_in_production,202501,2024-12-16,2024-12-29,4.5,1.01,False,39
OH,ai_in_production,202502,2024-12-30,2025-01-12,5.4,0.99,False,39
OH,ai_in_production,202503,2025-01-13,2025-01-26,7.4,1.05,False,39
OH,ai_in_production,202504,2025-01-27,2025-02-09,5.7,1.05,False,39
OH,ai_in_production,202505,2025-02-10,2025-02-23,6.5,0.89,False,39
OH,ai_in_production,202506,2025-02-24,2025-03-09,6.1,0.9,False,39
OH,ai_in_production,202507,2025-03-10,2025-03-23,6.7,0.94,False,39
OH,ai_in_production,202508,2025-03-24,2025-04-06,7.3,0.88,False,39
OH,ai_in_production,202509,2025-04-07,2025-04-20,11.2,1.54,False,39
OH,ai_in_production,202510,2025-04-21,2025-05-04,8.4,1.31,False,39
OH,ai_in_production,202511,2025-05-05,2025-05-18,9.1,1.19,False,39
OH,ai_in_production,202512,2025-05-19,2025-06-01,9.6,1.35,False,39
OH,ai_in_production,202513,2025-06-02,2025-06-15,8.2,1.32,False,39
OH,ai_in_production,202514,2025-06-16,2025-06-29,8.7,1.09,False,39
OH,ai_in_production,202515,2025-06-30,2025-07-13,8.4,0.99,False,39
OH,ai_in_production,202516,2025-07-14,2025-07-27,7.9,1.22,False,39
OH,ai_in_production,202517,2025-07-28,2025-08-10,6.9,0.58,False,39
OH,ai_in_production,202518,2025-08-11,2025-08-24,8.1,0.8,False,39
OH,ai_in_production,202519,2025-08-25,2025-09-07,9.0,1.25,False,39
OH,ai_in_production,202520,2025-09-08,2025-09-21,10.7,1.31,False,39
OK,ai_in_any_function,202524,2025-11-03,2025-11-16,15.8,3.54,False,40
OK,ai_in_production,202319,2023-08-28,2023-09-10,3.5,0.76,False,40
OK,ai_in_production,202322,2023-10-09,2023-10-22,3.1,0.77,False,40
OK,ai_in_production,202323,2023-10-23,2023-11-05,3.0,0.87,False,40
OK,ai_in_production,202324,2023-11-06,2023-11-19,3.9,0.97,False,40
OK,ai_in_production,202326,2023-12-04,2023-12-17,4.2,0.82,False,40
OK,ai_in_production,202402,2024-01-01,2024-01-14,5.6,1.19,False,40
OK,ai_in_production,202404,2024-01-29,2024-02-11,4.5,1.15,False,40
OK,ai_in_production,202406,2024-02-26,2024-03-10,3.7,1.02,False,40
OK,ai_in_production,202408,2024-03-25,2024-04-07,4.5,1.33,False,40
OK,ai_in_production,202412,2024-05-20,2024-06-02,4.9,1.08,False,40
OK,ai_in_production,202413,2024-06-03,2024-06-16,3.7,0.98,False,40
OK,ai_in_production,202417,2024-07-29,2024-08-11,5.6,1.31,False,40
OK,ai_in_production,202418,2024-08-12,2024-08-25,5.9,1.5,False,40
OK,ai_in_production,202419,2024-08-26,2024-09-08,4.6,0.79,False,40
OK,ai_in_production,202421,2024-09-23,2024-10-06,4.9,0.9,False,40
OK,ai_in_production,202422,2024-10-07,2024-10-20,4.6,0.83,False,40
OK,ai_in_production,202423,2024-10-21,2024-11-03,7.4,1.63,False,40
OK,ai_in_production,202424,2024-11-04,2024-11-17,5.5,1.27,False,40
OK,ai_in_production,202425,2024-11-18,2024-12-01,5.1,1.66,False,40
OK,ai_in_production,202426,2024-12-02,2024-12-15,4.4,1.41,False,40
OK,ai_in_production,202502,2024-12-30,2025-01-12,5.0,1.0,False,40
OK,ai_in_production,202503,2025-01-13,2025-01-26,4.1,1.51,False,40
OK,ai_in_production,202504,2025-01-27,2025-02-09,7.3,1.55,False,40
OK,ai_in_production,202505,2025-02-10,2025-02-23,6.0,1.25,False,40
OK,ai_in_production,202506,2025-02-24,2025-03-09,5.4,1.41,False,40
OK,ai_in_production,202507,2025-03-10,2025-03-23,4.8,1.04,False,40
OK,ai_in_production,202508,2025-03-24,2025-04-06,8.7,1.09,False,40
OK,ai_in_production,202509,2025-04-07,2025-04-20,9.2,1.89,False,40
OK,ai_in_production,202510,2025-04-21,2025-05-04,8.1,1.34,False,40
OK,ai_in_production,202511,2025-05-05,2025-05-18,6.4,1.01,False,40
OK,ai_in_production,202512,2025-05-19,2025-06-01,6.1,1.71,False,40
OK,ai_in_production,202513,2025-06-02,2025-06-15,4.2,0.79,False,40
OK,ai_in_production,202514,2025-06-16,2025-06-29,8.4,2.0,False,40
OK,ai_in_production,202515,2025-06-30,2025-07-13,7.2,1.8,False,40
OK,ai_in_production,202516,2025-07-14,2025-07-27,6.1,1.26,False,40
OK,ai_in_production,202517,2025-07-28,2025-08-10,9.8,2.14,False,40
OK,ai_in_production,202518,2025-08-11,2025-08-24,7.0,1.64,False,40
OK,ai_in_production,202519,2025-08-25,2025-09-07,7.6,1.48,False,40
OK,ai_in_production,202520,2025-09-08,2025-09-21,7.6,2.76,False,40
OR,ai_in_any_function,202524,2025-11-03,2025-11-16,21.1,1.63,False,41
OR,ai_in_production,202319,2023-08-28,2023-09-10,4.6,1.24,False,41
OR,ai_in_production,202320,2023-09-11,2023-09-24,4.7,1.08,False,41
OR,ai_in_production,202321,2023-09-25,2023-10-08,5.0,0.99,False,41
OR,ai_in_production,202322,2023-10-09,2023-10-22,4.4,0.88,False,41
OR,ai_in_production,202323,2023-10-23,2023-11-05,5.6,1.25,False,41
OR,ai_in_production,202324,2023-11-06,2023-11-19,4.8,0.63,False,41
OR,ai_in_production,202325,2023-11-20,2023-12-03,4.5,1.09,False,41
OR,ai_in_production,202326,2023-12-04,2023-12-17,7.1,1.05,False,41
OR,ai_in_production,202401,2023-12-18,2023-12-31,6.1,1.05,False,41
OR,ai_in_production,202402,2024-01-01,2024-01-14,6.8,1.34,False,41
OR,ai_in_production,202403,2024-01-15,2024-01-28,5.5,0.88,False,41
OR,ai_in_production,202404,2024-01-29,2024-02-11,5.0,1.18,False,41
OR,ai_in_production,202405,2024-02-12,2024-02-25,5.1,1.17,False,41
OR,ai_in_production,202406,2024-02-26,2024-03-10,5.0,1.13,False,41
OR,ai_in_production,202407,2024-03-11,2024-03-24,4.8,1.36,False,41
OR,ai_in_production,202408,2024-03-25,2024-04-07,5.6,0.86,False,41
OR,ai_in_production,202409,2024-04-08,2024-04-21,7.5,0.96,False,41
OR,ai_in_production,202410,2024-04-22,2024-05-05,5.1,1.18,False,41
OR,ai_in_production,202411,2024-05-06,2024-05-19,5.2,1.43,False,41
OR,ai_in_production,202412,2024-05-20,2024-06-02,7.2,0.98,False,41
OR,ai_in_production,202413,2024-06-03,2024-06-16,7.1,1.01,False,41
OR,ai_in_production,202414,2024-06-17,2024-06-30,4.3,0.86,False,41
OR,ai_in_production,202415,2024-07-01,2024-07-14,8.2,1.2,False,41
OR,ai_in_production,202416,2024-07-15,2024-07-28,5.0,0.69,False,41
OR,ai_in_production,202417,2024-07-29,2024-08-11,6.9,0.97,False,41
OR,ai_in_production,202418,2024-08-12,2024-08-25,4.8,0.96,False,41
OR,ai_in_production,202419,2024-08-26,2024-09-08,7.5,1.15,False,41
OR,ai_in_production,202420,2024-09-09,2024-09-22,9.7,1.25,False,41
OR,ai_in_production,202421,2024-09-23,2024-10-06,5.9,0.67,False,41
OR,ai_in_production,202422,2024-10-07,2024-10-20,6.5,1.2,False,41
OR,ai_in_production,202423,2024-10-21,2024-11-03,6.4,1.24,False,41
OR,ai_in_production,202424,2024-11-04,2024-11-17,7.5,1.21,False,41
OR,ai_in_production,202425,2024-11-18,2024-12-01,6.5,1.74,False,41
OR,ai_in_production,202426,2024-12-02,2024-12-15,7.0,1.05,False,41
OR,ai_in_production,202501,2024-12-16,2024-12-29,6.9,1.5,False,41
OR,ai_in_production,202502,2024-12-30,2025-01-12,7.2,1.55,False,41
OR,ai_in_production,202503,2025-01-13,2025-01-26,7.7,0.93,False,41
OR,ai_in_production,202504,2025-01-27,2025-02-09,8.3,1.78,False,41
OR,ai_in_production,202505,2025-02-10,2025-02-23,9.2,1.51,False,41
OR,ai_in_production,202506,2025-02-24,2025-03-09,7.8,1.7,False,41
OR,ai_in_production,202507,2025-03-10,2025-03-23,8.6,0.96,False,41
OR,ai_in_production,202508,2025-03-24,2025-04-06,8.6,1.58,False,41
OR,ai_in_production,202509,2025-04-07,2025-04-20,9.9,1.5,False,41
OR,ai_in_production,202510,2025-04-21,2025-05-04,8.6,1.43,False,41
OR,ai_in_production,202511,2025-05-05,2025-05-18,10.2,1.79,False,41
OR,ai_in_production,202512,2025-05-19,2025-06-01,8.4,1.32,False,41
OR,ai_in_production,202513,2025-06-02,2025-06-15,8.4,1.68,False,41
OR,ai_in_production,202514,2025-06-16,2025-06-29,10.6,2.76,False,41
OR,ai_in_production,202515,2025-06-30,2025-07-13,11.4,1.47,False,41
OR,ai_in_production,202516,2025-07-14,2025-07-27,7.6,1.91,False,41
OR,ai_in_production,202517,2025-07-28,2025-08-10,10.0,0.93,False,41
OR,ai_in_production,202518,2025-08-11,2025-08-24,13.1,1.51,False,41
OR,ai_in_production,202519,2025-08-25,2025-09-07,11.0,1.53,False,41
OR,ai_in_production,202520,2025-09-08,2025-09-21,11.0,1.3,False,41
PA,ai_in_any_function,202524,2025-11-03,2025-11-16,15.5,1.51,False,42
PA,ai_in_production,202319,2023-08-28,2023-09-10,3.0,0.37,False,42
PA,ai_in_production,202320,2023-09-11,2023-09-24,2.6,0.52,False,42
PA,ai_in_production,202321,2023-09-25,2023-10-08,2.8,0.37,False,42
PA,ai_in_production,202322,2023-10-09,2023-10-22,3.2,0.5,False,42
PA,ai_in_production,202323,2023-10-23,2023-11-05,2.9,0.79,False,42
PA,ai_in_production,202324,2023-11-06,2023-11-19,4.6,0.58,False,42
PA,ai_in_production,202325,2023-11-20,2023-12-03,4.3,0.94,False,42
PA,ai_in_production,202326,2023-12-04,2023-12-17,3.8,0.4,False,42
PA,ai_in_production,202401,2023-12-18,2023-12-31,3.8,0.7,False,42
PA,ai_in_production,202402,2024-01-01,2024-01-14,4.8,0.84,False,42
PA,ai_in_production,202403,2024-01-15,2024-01-28,3.7,1.03,False,42
PA,ai_in_production,202404,2024-01-29,2024-02-11,4.4,0.73,False,42
PA,ai_in_production,202405,2024-02-12,2024-02-25,3.6,0.79,False,42
PA,ai_in_production,202406,2024-02-26,2024-03-10,4.6,1.12,False,42
PA,ai_in_production,202407,2024-03-11,2024-03-24,3.1,0.73,False,42
PA,ai_in_production,202408,2024-03-25,2024-04-07,3.5,0.67,False,42
PA,ai_in_production,202409,2024-04-08,2024-04-21,2.5,0.59,False,42
PA,ai_in_production,202410,2024-04-22,2024-05-05,3.9,0.59,False,42
PA,ai_in_production,202411,2024-05-06,2024-05-19,4.2,1.05,False,42
PA,ai_in_production,202412,2024-05-20,2024-06-02,3.9,0.59,False,42
PA,ai_in_production,202413,2024-06-03,2024-06-16,3.6,0.67,False,42
PA,ai_in_production,202414,2024-06-17,2024-06-30,4.1,0.5,False,42
PA,ai_in_production,202415,2024-07-01,2024-07-14,2.6,0.68,False,42
PA,ai_in_production,202416,2024-07-15,2024-07-28,4.3,1.34,False,42
PA,ai_in_production,202417,2024-07-29,2024-08-11,4.1,0.51,False,42
PA,ai_in_production,202418,2024-08-12,2024-08-25,5.1,0.64,False,42
PA,ai_in_production,202419,2024-08-26,2024-09-08,4.3,0.68,False,42
PA,ai_in_production,202420,2024-09-09,2024-09-22,5.0,0.51,False,42
PA,ai_in_production,202421,2024-09-23,2024-10-06,5.8,1.07,False,42
PA,ai_in_production,202422,2024-10-07,2024-10-20,6.2,0.89,False,42
PA,ai_in_production,202423,2024-10-21,2024-11-03,4.9,0.79,False,42
PA,ai_in_production,202424,2024-11-04,2024-11-17,4.5,0.47,False,42
PA,ai_in_production,202425,2024-11-18,2024-12-01,5.2,0.79,False,42
PA,ai_in_production,202426,2024-12-02,2024-12-15,5.8,0.86,False,42
PA,ai_in_production,202501,2024-12-16,2024-12-29,5.7,1.01,False,42
PA,ai_in_production,202502,2024-12-30,2025-01-12,5.2,1.23,False,42
PA,ai_in_production,202503,2025-01-13,2025-01-26,5.9,0.81,False,42
PA,ai_in_production,202504,2025-01-27,2025-02-09,4.4,0.63,False,42
PA,ai_in_production,202505,2025-02-10,2025-02-23,7.0,0.85,False,42
PA,ai_in_production,202506,2025-02-24,2025-03-09,7.0,0.7,False,42
PA,ai_in_production,202507,2025-03-10,2025-03-23,7.9,0.87,False,42
PA,ai_in_production,202508,2025-03-24,2025-04-06,8.5,0.87,False,42
PA,ai_in_production,202509,2025-04-07,2025-04-20,6.5,0.73,False,42
PA,ai_in_production,202510,2025-04-21,2025-05-04,6.3,0.65,False,42
PA,ai_in_production,202511,2025-05-05,2025-05-18,6.0,0.81,False,42
PA,ai_in_production,202512,2025-05-19,2025-06-01,6.9,0.72,False,42
PA,ai_in_production,202513,2025-06-02,2025-06-15,9.1,0.98,False,42
PA,ai_in_production,202514,2025-06-16,2025-06-29,9.9,1.17,False,42
PA,ai_in_production,202515,2025-06-30,2025-07-13,10.1,0.93,False,42
PA,ai_in_production,202516,2025-07-14,2025-07-27,7.6,0.53,False,42
PA,ai_in_production,202517,2025-07-28,2025-08-10,7.4,0.75,False,42
PA,ai_in_production,202518,2025-08-11,2025-08-24,7.7,0.87,False,42
PA,ai_in_production,202519,2025-08-25,2025-09-07,7.9,0.74,False,42
PA,ai_in_production,202520,2025-09-08,2025-09-21,6.6,0.81,False,42
PR,ai_in_any_function,202524,2025-11-03,2025-11-16,10.1,1.3,False,72
PR,ai_in_production,202319,2023-08-28,2023-09-10,3.8,0.71,False,72
PR,ai_in_production,202322,2023-10-09,2023-10-22,4.0,1.15,False,72
PR,ai_in_production,202401,2023-12-18,2023-12-31,5.3,1.01,False,72
PR,ai_in_production,202409,2024-04-08,2024-04-21,3.9,1.14,False,72
PR,ai_in_production,202415,2024-07-01,2024-07-14,5.4,1.67,False,72
PR,ai_in_production,202418,2024-08-12,2024-08-25,6.4,1.4,False,72
PR,ai_in_production,202419,2024-08-26,2024-09-08,3.7,1.08,False,72
PR,ai_in_production,202420,2024-09-09,2024-09-22,5.7,1.66,False,72
PR,ai_in_production,202421,2024-09-23,2024-10-06,5.9,1.35,False,72
PR,ai_in_production,202422,2024-10-07,2024-10-20,3.7,1.08,False,72
PR,ai_in_production,202423,2024-10-21,2024-11-03,4.8,1.73,False,72
PR,ai_in_production,202424,2024-11-04,2024-11-17,4.6,1.18,False,72
PR,ai_in_production,202425,2024-11-18,2024-12-01,8.4,2.07,False,72
PR,ai_in_production,202502,2024-12-30,2025-01-12,6.1,1.87,False,72
PR,ai_in_production,202504,2025-01-27,2025-02-09,6.4,1.39,False,72
PR,ai_in_production,202505,2025-02-10,2025-02-23,6.9,1.58,False,72
PR,ai_in_production,202506,2025-02-24,2025-03-09,4.3,1.0,False,72
PR,ai_in_production,202508,2025-03-24,2025-04-06,7.9,2.33,False,72
PR,ai_in_production,202509,2025-04-07,2025-04-20,7.1,3.07,False,72
PR,ai_in_production,202510,2025-04-21,2025-05-04,7.9,1.76,False,72
PR,ai_in_production,202511,2025-05-05,2025-05-18,8.5,1.51,False,72
PR,ai_in_production,202512,2025-05-19,2025-06-01,5.8,1.08,False,72
PR,ai_in_production,202513,2025-06-02,2025-06-15,7.2,2.66,False,72
PR,ai_in_production,202515,2025-06-30,2025-07-13,7.4,2.01,False,72
PR,ai_in_production,202516,2025-07-14,2025-07-27,5.2,1.64,False,72
PR,ai_in_production,202517,2025-07-28,2025-08-10,6.6,1.45,False,72
PR,ai_in_production,202518,2025-08-11,2025-08-24,7.6,1.89,False,72
PR,ai_in_production,202519,2025-08-25,2025-09-07,6.7,1.45,False,72
PR,ai_in_production,202520,2025-09-08,2025-09-21,6.8,1.27,False,72
RI,ai_in_production,202324,2023-11-06,2023-11-19,8.7,3.33,False,44
RI,ai_in_production,202508,2025-03-24,2025-04-06,16.1,5.29,False,44
RI,ai_in_production,202517,2025-07-28,2025-08-10,11.1,3.51,False,44
SC,ai_in_any_function,202524,2025-11-03,2025-11-16,16.2,2.73,False,45
SC,ai_in_production,202320,2023-09-11,2023-09-24,4.7,1.32,False,45
SC,ai_in_production,202321,2023-09-25,2023-10-08,2.9,0.78,False,45
SC,ai_in_production,202322,2023-10-09,2023-10-22,3.9,1.22,False,45
SC,ai_in_production,202323,2023-10-23,2023-11-05,3.2,0.9,False,45
SC,ai_in_production,202324,2023-11-06,2023-11-19,4.7,1.05,False,45
SC,ai_in_production,202325,2023-11-20,2023-12-03,5.4,1.47,False,45
SC,ai_in_production,202326,2023-12-04,2023-12-17,3.6,1.13,False,45
SC,ai_in_production,202401,2023-12-18,2023-12-31,3.8,0.75,False,45
SC,ai_in_production,202402,2024-01-01,2024-01-14,4.4,1.15,False,45
SC,ai_in_production,202403,2024-01-15,2024-01-28,4.4,1.5,False,45
SC,ai_in_production,202404,2024-01-29,2024-02-11,3.4,0.97,False,45
SC,ai_in_production,202407,2024-03-11,2024-03-24,3.8,1.08,False,45
SC,ai_in_production,202408,2024-03-25,2024-04-07,7.1,1.0,False,45
SC,ai_in_production,202409,2024-04-08,2024-04-21,3.9,0.9,False,45
SC,ai_in_production,202410,2024-04-22,2024-05-05,5.6,1.28,False,45
SC,ai_in_production,202412,2024-05-20,2024-06-02,4.7,1.03,False,45
SC,ai_in_production,202414,2024-06-17,2024-06-30,5.2,1.67,False,45
SC,ai_in_production,202416,2024-07-15,2024-07-28,7.4,1.17,False,45
SC,ai_in_production,202417,2024-07-29,2024-08-11,5.1,1.11,False,45
SC,ai_in_production,202418,2024-08-12,2024-08-25,4.4,0.86,False,45
SC,ai_in_production,202419,2024-08-26,2024-09-08,5.2,1.07,False,45
SC,ai_in_production,202420,2024-09-09,2024-09-22,4.0,1.06,False,45
SC,ai_in_production,202421,2024-09-23,2024-10-06,5.9,1.23,False,45
SC,ai_in_production,202422,2024-10-07,2024-10-20,4.2,1.01,False,45
SC,ai_in_production,202423,2024-10-21,2024-11-03,6.0,1.1,False,45
SC,ai_in_production,202424,2024-11-04,2024-11-17,4.1,1.03,False,45
SC,ai_in_production,202425,2024-11-18,2024-12-01,6.8,1.78,False,45
SC,ai_in_production,202426,2024-12-02,2024-12-15,2.9,0.58,False,45
SC,ai_in_production,202501,2024-12-16,2024-12-29,4.5,1.04,False,45
SC,ai_in_production,202502,2024-12-30,2025-01-12,8.1,1.67,False,45
SC,ai_in_production,202503,2025-01-13,2025-01-26,7.1,1.8,False,45
SC,ai_in_production,202504,2025-01-27,2025-02-09,6.7,1.13,False,45
SC,ai_in_production,202505,2025-02-10,2025-02-23,8.7,1.89,False,45
SC,ai_in_production,202506,2025-02-24,2025-03-09,5.9,1.15,False,45
SC,ai_in_production,202507,2025-03-10,2025-03-23,6.5,1.49,False,45
SC,ai_in_production,202508,2025-03-24,2025-04-06,9.0,1.7,False,45
SC,ai_in_production,202509,2025-04-07,2025-04-20,7.9,1.46,False,45
SC,ai_in_production,202510,2025-04-21,2025-05-04,8.3,1.01,False,45
SC,ai_in_production,202511,2025-05-05,2025-05-18,9.8,2.21,False,45
SC,ai_in_production,202512,2025-05-19,2025-06-01,6.2,0.94,False,45
SC,ai_in_production,202513,2025-06-02,2025-06-15,7.8,1.94,False,45
SC,ai_in_production,202514,2025-06-16,2025-06-29,4.2,1.09,False,45
SC,ai_in_production,202515,2025-06-30,2025-07-13,10.6,1.48,False,45
SC,ai_in_production,202516,2025-07-14,2025-07-27,10.5,1.96,False,45
SC,ai_in_production,202517,2025-07-28,2025-08-10,8.3,2.3,False,45
SC,ai_in_production,202518,2025-08-11,2025-08-24,8.4,1.2,False,45
SC,ai_in_production,202519,2025-08-25,2025-09-07,11.3,1.06,False,45
SC,ai_in_production,202520,2025-09-08,2025-09-21,10.5,1.75,False,45
SD,ai_in_any_function,202524,2025-11-03,2025-11-16,11.5,5.09,False,46
SD,ai_in_production,202324,2023-11-06,2023-11-19,5.9,1.44,False,46
SD,ai_in_production,202420,2024-09-09,2024-09-22,6.8,2.23,False,46
SD,ai_in_production,202421,2024-09-23,2024-10-06,7.0,1.52,False,46
SD,ai_in_production,202513,2025-06-02,2025-06-15,9.5,2.95,False,46
SD,ai_in_production,202517,2025-07-28,2025-08-10,9.1,2.31,False,46
TN,ai_in_any_function,202524,2025-11-03,2025-11-16,20.4,2.83,False,47
TN,ai_in_production,202320,2023-09-11,2023-09-24,4.4,1.45,False,47
TN,ai_in_production,202321,2023-09-25,2023-10-08,3.0,0.56,False,47
TN,ai_in_production,202322,2023-10-09,2023-10-22,3.1,0.86,False,47
TN,ai_in_production,202323,2023-10-23,2023-11-05,4.0,0.55,False,47
TN,ai_in_production,202324,2023-11-06,2023-11-19,5.3,0.84,False,47
TN,ai_in_production,202325,2023-11-20,2023-12-03,3.8,1.17,False,47
TN,ai_in_production,202326,2023-12-04,2023-12-17,4.7,1.01,False,47
TN,ai_in_production,202401,2023-12-18,2023-12-31,4.8,1.4,False,47
TN,ai_in_production,202402,2024-01-01,2024-01-14,5.3,0.83,False,47
TN,ai_in_production,202403,2024-01-15,2024-01-28,3.3,0.79,False,47
TN,ai_in_production,202404,2024-01-29,2024-02-11,7.3,1.04,False,47
TN,ai_in_production,202405,2024-02-12,2024-02-25,3.2,1.03,False,47
TN,ai_in_production,202406,2024-02-26,2024-03-10,2.2,0.82,False,47
TN,ai_in_production,202407,2024-03-11,2024-03-24,4.4,1.15,False,47
TN,ai_in_production,202408,2024-03-25,2024-04-07,4.4,1.09,False,47
TN,ai_in_production,202409,2024-04-08,2024-04-21,5.8,1.05,False,47
TN,ai_in_production,202410,2024-04-22,2024-05-05,3.9,0.83,False,47
TN,ai_in_production,202411,2024-05-06,2024-05-19,3.9,1.29,False,47
TN,ai_in_production,202412,2024-05-20,2024-06-02,4.0,0.99,False,47
TN,ai_in_production,202413,2024-06-03,2024-06-16,5.6,1.25,False,47
TN,ai_in_production,202414,2024-06-17,2024-06-30,3.1,1.2,False,47
TN,ai_in_production,202415,2024-07-01,2024-07-14,5.9,1.48,False,47
TN,ai_in_production,202416,2024-07-15,2024-07-28,3.4,0.94,False,47
TN,ai_in_production,202417,2024-07-29,2024-08-11,6.4,1.11,False,47
TN,ai_in_production,202418,2024-08-12,2024-08-25,4.4,1.11,False,47
TN,ai_in_production,202419,2024-08-26,2024-09-08,3.1,0.97,False,47
TN,ai_in_production,202420,2024-09-09,2024-09-22,5.7,1.05,False,47
TN,ai_in_production,202421,2024-09-23,2024-10-06,6.8,0.96,False,47
TN,ai_in_production,202422,2024-10-07,2024-10-20,2.6,0.58,False,47
TN,ai_in_production,202423,2024-10-21,2024-11-03,8.0,1.56,False,47
TN,ai_in_production,202424,2024-11-04,2024-11-17,6.3,1.51,False,47
TN,ai_in_production,202425,2024-11-18,2024-12-01,4.8,1.83,False,47
TN,ai_in_production,202426,2024-12-02,2024-12-15,4.9,2.0,False,47
TN,ai_in_production,202501,2024-12-16,2024-12-29,5.5,1.6,False,47
TN,ai_in_production,202502,2024-12-30,2025-01-12,3.6,0.9,False,47
TN,ai_in_production,202503,2025-01-13,2025-01-26,5.4,1.28,False,47
TN,ai_in_production,202504,2025-01-27,2025-02-09,5.4,1.29,False,47
TN,ai_in_production,202505,2025-02-10,2025-02-23,4.4,1.13,False,47
TN,ai_in_production,202506,2025-02-24,2025-03-09,6.0,1.31,False,47
TN,ai_in_production,202507,2025-03-10,2025-03-23,9.5,1.9,False,47
TN,ai_in_production,202508,2025-03-24,2025-04-06,6.1,1.89,False,47
TN,ai_in_production,202509,2025-04-07,2025-04-20,14.4,1.48,False,47
TN,ai_in_production,202510,2025-04-21,2025-05-04,6.1,1.44,False,47
TN,ai_in_production,202511,2025-05-05,2025-05-18,6.9,1.68,False,47
TN,ai_in_production,202512,2025-05-19,2025-06-01,9.1,2.45,False,47
TN,ai_in_production,202513,2025-06-02,2025-06-15,10.4,1.88,False,47
TN,ai_in_production,202514,2025-06-16,2025-06-29,5.1,1.25,False,47
TN,ai_in_production,202515,2025-06-30,2025-07-13,8.4,1.85,False,47
TN,ai_in_production,202516,2025-07-14,2025-07-27,9.3,1.61,False,47
TN,ai_in_production,202517,2025-07-28,2025-08-10,9.0,1.88,False,47
TN,ai_in_production,202518,2025-08-11,2025-08-24,8.1,1.28,False,47
TN,ai_in_production,202519,2025-08-25,2025-09-07,9.5,1.03,False,47
TN,ai_in_production,202520,2025-09-08,2025-09-21,9.6,1.98,False,47
TX,ai_in_any_function,202524,2025-11-03,2025-11-16,19.6,1.0,False,48
TX,ai_in_production,202319,2023-08-28,2023-09-10,3.1,0.39,False,48
TX,ai_in_production,202320,2023-09-11,2023-09-24,3.8,0.47,False,48
TX,ai_in_production,202321,2023-09-25,2023-10-08,3.7,0.4,False,48
TX,ai_in_production,202322,2023-10-09,2023-10-22,3.5,0.49,False,48
TX,ai_in_production,202323,2023-10-23,2023-11-05,4.9,0.59,False,48
TX,ai_in_production,202324,2023-11-06,2023-11-19,5.0,0.44,False,48
TX,ai_in_production,202325,2023-11-20,2023-12-03,4.5,0.64,False,48
TX,ai_in_production,202326,2023-12-04,2023-12-17,6.0,0.52,False,48
TX,ai_in_production,202401,2023-12-18,2023-12-31,4.6,0.33,False,48
TX,ai_in_production,202402,2024-01-01,2024-01-14,4.8,0.6,False,48
TX,ai_in_production,202403,2024-01-15,2024-01-28,4.4,0.46,False,48
TX,ai_in_production,202404,2024-01-29,2024-02-11,6.3,0.5,False,48
TX,ai_in_production,202405,2024-02-12,2024-02-25,3.9,0.48,False,48
TX,ai_in_production,202406,2024-02-26,2024-03-10,4.5,0.65,False,48
TX,ai_in_production,202407,2024-03-11,2024-03-24,4.2,0.37,False,48
TX,ai_in_production,202408,2024-03-25,2024-04-07,4.4,0.42,False,48
TX,ai_in_production,202409,2024-04-08,2024-04-21,4.3,0.74,False,48
TX,ai_in_production,202410,2024-04-22,2024-05-05,4.9,0.53,False,48
TX,ai_in_production,202411,2024-05-06,2024-05-19,3.1,0.42,False,48
TX,ai_in_production,202412,2024-05-20,2024-06-02,6.6,0.88,False,48
TX,ai_in_production,202413,2024-06-03,2024-06-16,4.0,0.76,False,48
TX,ai_in_production,202414,2024-06-17,2024-06-30,5.3,0.66,False,48
TX,ai_in_production,202415,2024-07-01,2024-07-14,4.4,0.57,False,48
TX,ai_in_production,202416,2024-07-15,2024-07-28,4.8,0.55,False,48
TX,ai_in_production,202417,2024-07-29,2024-08-11,5.1,0.55,False,48
TX,ai_in_production,202418,2024-08-12,2024-08-25,5.0,0.66,False,48
TX,ai_in_production,202419,2024-08-26,2024-09-08,6.4,0.54,False,48
TX,ai_in_production,202420,2024-09-09,2024-09-22,7.2,0.5,False,48
TX,ai_in_production,202421,2024-09-23,2024-10-06,5.8,0.6,False,48
TX,ai_in_production,202422,2024-10-07,2024-10-20,5.7,0.64,False,48
TX,ai_in_production,202423,2024-10-21,2024-11-03,5.5,0.37,False,48
TX,ai_in_production,202424,2024-11-04,2024-11-17,5.8,0.83,False,48
TX,ai_in_production,202425,2024-11-18,2024-12-01,7.3,0.82,False,48
TX,ai_in_production,202426,2024-12-02,2024-12-15,7.7,0.81,False,48
TX,ai_in_production,202501,2024-12-16,2024-12-29,6.5,0.6,False,48
TX,ai_in_production,202502,2024-12-30,2025-01-12,7.1,0.88,False,48
TX,ai_in_production,202503,2025-01-13,2025-01-26,7.4,0.82,False,48
TX,ai_in_production,202504,2025-01-27,2025-02-09,7.5,0.77,False,48
TX,ai_in_production,202505,2025-02-10,2025-02-23,7.4,0.84,False,48
TX,ai_in_production,202506,2025-02-24,2025-03-09,9.2,0.92,False,48
TX,ai_in_production,202507,2025-03-10,2025-03-23,9.8,0.76,False,48
TX,ai_in_production,202508,2025-03-24,2025-04-06,8.3,0.89,False,48
TX,ai_in_production,202509,2025-04-07,2025-04-20,9.1,0.97,False,48
TX,ai_in_production,202510,2025-04-21,2025-05-04,8.1,0.85,False,48
TX,ai_in_production,202511,2025-05-05,2025-05-18,10.0,0.82,False,48
TX,ai_in_production,202512,2025-05-19,2025-06-01,9.3,0.81,False,48
TX,ai_in_production,202513,2025-06-02,2025-06-15,9.6,1.01,False,48
TX,ai_in_production,202514,2025-06-16,2025-06-29,10.4,0.81,False,48
TX,ai_in_production,202515,2025-06-30,2025-07-13,9.2,0.54,False,48
TX,ai_in_production,202516,2025-07-14,2025-07-27,10.0,1.01,False,48
TX,ai_in_production,202517,2025-07-28,2025-08-10,11.1,0.99,False,48
TX,ai_in_production,202518,2025-08-11,2025-08-24,10.4,0.62,False,48
TX,ai_in_production,202519,2025-08-25,2025-09-07,10.2,0.78,False,48
TX,ai_in_production,202520,2025-09-08,2025-09-21,10.2,0.93,False,48
UT,ai_in_any_function,202524,2025-11-03,2025-11-16,15.3,2.93,False,49
UT,ai_in_production,202319,2023-08-28,2023-09-10,5.2,0.96,False,49
UT,ai_in_production,202320,2023-09-11,2023-09-24,4.6,1.41,False,49
UT,ai_in_production,202321,2023-09-25,2023-10-08,3.4,0.89,False,49
UT,ai_in_production,202322,2023-10-09,2023-10-22,2.8,0.63,False,49
UT,ai_in_production,202323,2023-10-23,2023-11-05,4.9,0.67,False,49
UT,ai_in_production,202324,2023-11-06,2023-11-19,4.8,0.86,False,49
UT,ai_in_production,202325,2023-11-20,2023-12-03,6.8,1.02,False,49
UT,ai_in_production,202326,2023-12-04,2023-12-17,5.8,1.42,False,49
UT,ai_in_production,202401,2023-12-18,2023-12-31,5.6,1.07,False,49
UT,ai_in_production,202402,2024-01-01,2024-01-14,6.3,1.35,False,49
UT,ai_in_production,202403,2024-01-15,2024-01-28,6.3,1.07,False,49
UT,ai_in_production,202404,2024-01-29,2024-02-11,8.1,2.48,False,49
UT,ai_in_production,202405,2024-02-12,2024-02-25,6.1,1.43,False,49
UT,ai_in_production,202406,2024-02-26,2024-03-10,4.2,1.51,False,49
UT,ai_in_production,202407,2024-03-11,2024-03-24,3.5,0.64,False,49
UT,ai_in_production,202408,2024-03-25,2024-04-07,5.6,1.07,False,49
UT,ai_in_production,202409,2024-04-08,2024-04-21,5.9,0.97,False,49
UT,ai_in_production,202410,2024-04-22,2024-05-05,6.2,1.29,False,49
UT,ai_in_production,202411,2024-05-06,2024-05-19,6.1,1.53,False,49
UT,ai_in_production,202412,2024-05-20,2024-06-02,7.7,2.62,False,49
UT,ai_in_production,202413,2024-06-03,2024-06-16,7.6,1.15,False,49
UT,ai_in_production,202414,2024-06-17,2024-06-30,6.1,1.34,False,49
UT,ai_in_production,202415,2024-07-01,2024-07-14,7.8,1.19,False,49
UT,ai_in_production,202416,2024-07-15,2024-07-28,4.9,0.86,False,49
UT,ai_in_production,202417,2024-07-29,2024-08-11,9.0,1.26,False,49
UT,ai_in_production,202418,2024-08-12,2024-08-25,9.1,1.7,False,49
UT,ai_in_production,202419,2024-08-26,2024-09-08,10.1,1.32,False,49
UT,ai_in_production,202420,2024-09-09,2024-09-22,8.4,1.11,False,49
UT,ai_in_production,202421,2024-09-23,2024-10-06,11.3,1.59,False,49
UT,ai_in_production,202422,2024-10-07,2024-10-20,6.5,0.98,False,49
UT,ai_in_production,202423,2024-10-21,2024-11-03,10.2,1.56,False,49
UT,ai_in_production,202424,2024-11-04,2024-11-17,7.9,1.41,False,49
UT,ai_in_production,202425,2024-11-18,2024-12-01,10.9,1.95,False,49
UT,ai_in_production,202426,2024-12-02,2024-12-15,7.3,1.78,False,49
UT,ai_in_production,202501,2024-12-16,2024-12-29,8.2,1.57,False,49
UT,ai_in_production,202502,2024-12-30,2025-01-12,8.1,1.48,False,49
UT,ai_in_production,202503,2025-01-13,2025-01-26,9.0,1.44,False,49
UT,ai_in_production,202504,2025-01-27,2025-02-09,11.7,1.85,False,49
UT,ai_in_production,202505,2025-02-10,2025-02-23,9.1,1.57,False,49
UT,ai_in_production,202506,2025-02-24,2025-03-09,6.9,1.48,False,49
UT,ai_in_production,202507,2025-03-10,2025-03-23,9.3,1.31,False,49
UT,ai_in_production,202508,2025-03-24,2025-04-06,12.4,1.42,False,49
UT,ai_in_production,202509,2025-04-07,2025-04-20,11.4,1.85,False,49
UT,ai_in_production,202510,2025-04-21,2025-05-04,13.3,1.73,False,49
UT,ai_in_production,202511,2025-05-05,2025-05-18,14.6,1.75,False,49
UT,ai_in_production,202512,2025-05-19,2025-06-01,9.7,1.85,False,49
UT,ai_in_production,202513,2025-06-02,2025-06-15,13.3,1.68,False,49
UT,ai_in_production,202514,2025-06-16,2025-06-29,13.0,2.04,False,49
UT,ai_in_production,202515,2025-06-30,2025-07-13,8.3,1.34,False,49
UT,ai_in_production,202516,2025-07-14,2025-07-27,14.4,2.19,False,49
UT,ai_in_production,202517,2025-07-28,2025-08-10,10.3,2.57,False,49
UT,ai_in_production,202518,2025-08-11,2025-08-24,11.2,1.22,False,49
UT,ai_in_production,202519,2025-08-25,2025-09-07,11.0,1.36,False,49
UT,ai_in_production,202520,2025-09-08,2025-09-21,15.6,2.2,False,49
VA,ai_in_any_function,202524,2025-11-03,2025-11-16,19.8,2.39,False,51
VA,ai_in_production,202319,2023-08-28,2023-09-10,4.1,0.5,False,51
VA,ai_in_production,202320,2023-09-11,2023-09-24,4.2,0.74,False,51
VA,ai_in_production,202321,2023-09-25,2023-10-08,3.4,0.69,False,51
VA,ai_in_production,202322,2023-10-09,2023-10-22,4.6,0.65,False,51
VA,ai_in_production,202323,2023-10-23,2023-11-05,4.9,0.92,False,51
VA,ai_in_production,202324,2023-11-06,2023-11-19,5.4,0.57,False,51
VA,ai_in_production,202325,2023-11-20,2023-12-03,4.5,0.62,False,51
VA,ai_in_production,202326,2023-12-04,2023-12-17,3.1,0.66,False,51
VA,ai_in_production,202401,2023-12-18,2023-12-31,4.5,0.95,False,51
VA,ai_in_production,202402,2024-01-01,2024-01-14,5.6,0.75,False,51
VA,ai_in_production,202403,2024-01-15,2024-01-28,5.4,0.91,False,51
VA,ai_in_production,202404,2024-01-29,2024-02-11,5.2,0.87,False,51
VA,ai_in_production,202405,2024-02-12,2024-02-25,5.7,0.98,False,51
VA,ai_in_production,202406,2024-02-26,2024-03-10,4.8,0.92,False,51
VA,ai_in_production,202407,2024-03-11,2024-03-24,4.5,0.81,False,51
VA,ai_in_production,202408,2024-03-25,2024-04-07,5.3,0.77,False,51
VA,ai_in_production,202409,2024-04-08,2024-04-21,4.8,0.92,False,51
VA,ai_in_production,202410,2024-04-22,2024-05-05,5.8,0.92,False,51
VA,ai_in_production,202411,2024-05-06,2024-05-19,4.5,0.83,False,51
VA,ai_in_production,202412,2024-05-20,2024-06-02,6.1,0.95,False,51
VA,ai_in_production,202413,2024-06-03,2024-06-16,3.9,0.73,False,51
VA,ai_in_production,202414,2024-06-17,2024-06-30,6.1,0.88,False,51
VA,ai_in_production,202415,2024-07-01,2024-07-14,4.9,0.82,False,51
VA,ai_in_production,202416,2024-07-15,2024-07-28,4.5,0.67,False,51
VA,ai_in_production,202417,2024-07-29,2024-08-11,6.8,1.55,False,51
VA,ai_in_production,202418,2024-08-12,2024-08-25,5.6,0.91,False,51
VA,ai_in_production,202419,2024-08-26,2024-09-08,5.2,0.73,False,51
VA,ai_in_production,202420,2024-09-09,2024-09-22,5.1,0.66,False,51
VA,ai_in_production,202421,2024-09-23,2024-10-06,7.9,1.06,False,51
VA,ai_in_production,202422,2024-10-07,2024-10-20,6.1,1.03,False,51
VA,ai_in_production,202423,2024-10-21,2024-11-03,6.1,0.79,False,51
VA,ai_in_production,202424,2024-11-04,2024-11-17,6.7,1.03,False,51
VA,ai_in_production,202425,2024-11-18,2024-12-01,6.3,0.73,False,51
VA,ai_in_production,202426,2024-12-02,2024-12-15,6.7,1.11,False,51
VA,ai_in_production,202501,2024-12-16,2024-12-29,6.7,1.15,False,51
VA,ai_in_production,202502,2024-12-30,2025-01-12,5.3,0.82,False,51
VA,ai_in_production,202503,2025-01-13,2025-01-26,7.3,0.78,False,51
VA,ai_in_production,202504,2025-01-27,2025-02-09,7.7,1.0,False,51
VA,ai_in_production,202505,2025-02-10,2025-02-23,6.7,0.91,False,51
VA,ai_in_production,202506,2025-02-24,2025-03-09,7.5,1.23,False,51
VA,ai_in_production,202507,2025-03-10,2025-03-23,6.5,0.75,False,51
VA,ai_in_production,202508,2025-03-24,2025-04-06,8.8,1.35,False,51
VA,ai_in_production,202509,2025-04-07,2025-04-20,11.0,1.31,False,51
VA,ai_in_production,202510,2025-04-21,2025-05-04,8.9,0.98,False,51
VA,ai_in_production,202511,2025-05-05,2025-05-18,9.0,0.86,False,51
VA,ai_in_production,202512,2025-05-19,2025-06-01,8.0,1.29,False,51
VA,ai_in_production,202513,2025-06-02,2025-06-15,9.9,1.22,False,51
VA,ai_in_production,202514,2025-06-16,2025-06-29,9.0,1.98,False,51
VA,ai_in_production,202515,2025-06-30,2025-07-13,11.8,2.02,False,51
VA,ai_in_production,202516,2025-07-14,2025-07-27,10.6,1.35,False,51
VA,ai_in_production,202517,2025-07-28,2025-08-10,11.8,0.67,False,51
VA,ai_in_production,202518,2025-08-11,2025-08-24,8.0,1.36,False,51
VA,ai_in_production,202519,2025-08-25,2025-09-07,11.6,0.97,False,51
VA,ai_in_production,202520,2025-09-08,2025-09-21,11.1,0.67,False,51
VT,ai_in_production,202425,2024-11-18,2024-12-01,8.3,3.23,False,50
VT,ai_in_production,202505,2025-02-10,2025-02-23,8.3,1.92,False,50
VT,ai_in_production,202511,2025-05-05,2025-05-18,9.5,2.72,False,50
VT,ai_in_production,202520,2025-09-08,2025-09-21,13.1,3.28,False,50
WA,ai_in_any_function,202524,2025-11-03,2025-11-16,17.8,1.28,False,53
WA,ai_in_production,202319,2023-08-28,2023-09-10,4.0,0.71,False,53
WA,ai_in_production,202320,2023-09-11,2023-09-24,3.9,0.9,False,53
WA,ai_in_production,202321,2023-09-25,2023-10-08,5.3,0.75,False,53
WA,ai_in_production,202322,2023-10-09,2023-10-22,4.2,0.66,False,53
WA,ai_in_production,202323,2023-10-23,2023-11-05,4.9,0.66,False,53
WA,ai_in_production,202324,2023-11-06,2023-11-19,4.9,0.97,False,53
WA,ai_in_production,202325,2023-11-20,2023-12-03,5.7,0.61,False,53
WA,ai_in_production,202326,2023-12-04,2023-12-17,6.5,1.12,False,53
WA,ai_in_production,202401,2023-12-18,2023-12-31,5.9,0.73,False,53
WA,ai_in_production,202402,2024-01-01,2024-01-14,5.9,1.39,False,53
WA,ai_in_production,202403,2024-01-15,2024-01-28,5.9,0.59,False,53
WA,ai_in_production,202404,2024-01-29,2024-02-11,6.4,0.97,False,53
WA,ai_in_production,202405,2024-02-12,2024-02-25,5.4,0.72,False,53
WA,ai_in_production,202406,2024-02-26,2024-03-10,5.8,0.99,False,53
WA,ai_in_production,202407,2024-03-11,2024-03-24,4.4,0.76,False,53
WA,ai_in_production,202408,2024-03-25,2024-04-07,4.9,0.56,False,53
WA,ai_in_production,202409,2024-04-08,2024-04-21,6.7,1.19,False,53
WA,ai_in_production,202410,2024-04-22,2024-05-05,6.7,0.6,False,53
WA,ai_in_production,202411,2024-05-06,2024-05-19,5.4,0.92,False,53
WA,ai_in_production,202412,2024-05-20,2024-06-02,6.1,1.3,False,53
WA,ai_in_production,202413,2024-06-03,2024-06-16,6.7,1.25,False,53
WA,ai_in_production,202414,2024-06-17,2024-06-30,5.1,1.17,False,53
WA,ai_in_production,202415,2024-07-01,2024-07-14,5.8,1.13,False,53
WA,ai_in_production,202416,2024-07-15,2024-07-28,6.3,1.16,False,53
WA,ai_in_production,202417,2024-07-29,2024-08-11,6.6,0.51,False,53
WA,ai_in_production,202418,2024-08-12,2024-08-25,7.1,1.22,False,53
WA,ai_in_production,202419,2024-08-26,2024-09-08,7.1,0.63,False,53
WA,ai_in_production,202420,2024-09-09,2024-09-22,9.1,0.9,False,53
WA,ai_in_production,202421,2024-09-23,2024-10-06,8.4,0.8,False,53
WA,ai_in_production,202422,2024-10-07,2024-10-20,8.9,1.0,False,53
WA,ai_in_production,202423,2024-10-21,2024-11-03,7.6,0.89,False,53
WA,ai_in_production,202424,2024-11-04,2024-11-17,6.8,1.43,False,53
WA,ai_in_production,202425,2024-11-18,2024-12-01,7.6,1.05,False,53
WA,ai_in_production,202426,2024-12-02,2024-12-15,10.5,1.54,False,53
WA,ai_in_production,202501,2024-12-16,2024-12-29,8.0,0.79,False,53
WA,ai_in_production,202502,2024-12-30,2025-01-12,9.3,1.19,False,53
WA,ai_in_production,202503,2025-01-13,2025-01-26,7.4,1.02,False,53
WA,ai_in_production,202504,2025-01-27,2025-02-09,10.1,1.53,False,53
WA,ai_in_production,202505,2025-02-10,2025-02-23,8.5,1.12,False,53
WA,ai_in_production,202506,2025-02-24,2025-03-09,10.6,1.47,False,53
WA,ai_in_production,202507,2025-03-10,2025-03-23,8.6,1.2,False,53
WA,ai_in_production,202508,2025-03-24,2025-04-06,10.7,1.58,False,53
WA,ai_in_production,202509,2025-04-07,2025-04-20,10.3,1.19,False,53
WA,ai_in_production,202510,2025-04-21,2025-05-04,10.0,1.53,False,53
WA,ai_in_production,202511,2025-05-05,2025-05-18,11.1,1.62,False,53
WA,ai_in_production,202512,2025-05-19,2025-06-01,12.0,0.95,False,53
WA,ai_in_production,202513,2025-06-02,2025-06-15,11.9,1.29,False,53
WA,ai_in_production,202514,2025-06-16,2025-06-29,13.6,1.83,False,53
WA,ai_in_production,202515,2025-06-30,2025-07-13,11.5,1.49,False,53
WA,ai_in_production,202516,2025-07-14,2025-07-27,8.9,0.83,False,53
WA,ai_in_production,202517,2025-07-28,2025-08-10,10.6,0.95,False,53
WA,ai_in_production,202518,2025-08-11,2025-08-24,10.2,1.08,False,53
WA,ai_in_production,202519,2025-08-25,2025-09-07,14.6,1.82,False,53
WA,ai_in_production,202520,2025-09-08,2025-09-21,12.2,1.27,False,53
WI,ai_in_any_function,202524,2025-11-03,2025-11-16,14.2,1.86,False,55
WI,ai_in_production,202319,2023-08-28,2023-09-10,3.1,0.84,False,55
WI,ai_in_production,202320,2023-09-11,2023-09-24,2.3,0.5,False,55
WI,ai_in_production,202321,2023-09-25,2023-10-08,2.7,0.46,False,55
WI,ai_in_production,202322,2023-10-09,2023-10-22,2.0,0.49,False,55
WI,ai_in_production,202323,2023-10-23,2023-11-05,3.3,0.31,False,55
WI,ai_in_production,202324,2023-11-06,2023-11-19,3.1,0.75,False,55
WI,ai_in_production,202325,2023-11-20,2023-12-03,3.6,0.78,False,55
WI,ai_in_production,202326,2023-12-04,2023-12-17,3.9,1.45,False,55
WI,ai_in_production,202401,2023-12-18,2023-12-31,2.7,0.51,False,55
WI,ai_in_production,202402,2024-01-01,2024-01-14,4.9,0.95,False,55
WI,ai_in_production,202403,2024-01-15,2024-01-28,4.3,0.62,False,55
WI,ai_in_production,202404,2024-01-29,2024-02-11,5.2,1.3,False,55
WI,ai_in_production,202405,2024-02-12,2024-02-25,4.2,0.87,False,55
WI,ai_in_production,202406,2024-02-26,2024-03-10,2.6,0.79,False,55
WI,ai_in_production,202407,2024-03-11,2024-03-24,3.9,0.95,False,55
WI,ai_in_production,202408,2024-03-25,2024-04-07,3.1,0.79,False,55
WI,ai_in_production,202409,2024-04-08,2024-04-21,3.9,0.9,False,55
WI,ai_in_production,202410,2024-04-22,2024-05-05,3.2,0.87,False,55
WI,ai_in_production,202411,2024-05-06,2024-05-19,4.9,1.16,False,55
WI,ai_in_production,202412,2024-05-20,2024-06-02,3.5,0.88,False,55
WI,ai_in_production,202413,2024-06-03,2024-06-16,4.2,0.77,False,55
WI,ai_in_production,202414,2024-06-17,2024-06-30,3.2,0.89,False,55
WI,ai_in_production,202415,2024-07-01,2024-07-14,5.9,0.92,False,55
WI,ai_in_production,202416,2024-07-15,2024-07-28,3.8,0.78,False,55
WI,ai_in_production,202417,2024-07-29,2024-08-11,3.4,0.51,False,55
WI,ai_in_production,202418,2024-08-12,2024-08-25,3.9,0.96,False,55
WI,ai_in_production,202419,2024-08-26,2024-09-08,3.3,0.95,False,55
WI,ai_in_production,202420,2024-09-09,2024-09-22,3.6,0.48,False,55
WI,ai_in_production,202421,2024-09-23,2024-10-06,4.6,0.81,False,55
WI,ai_in_production,202422,2024-10-07,2024-10-20,3.9,1.0,False,55
WI,ai_in_production,202423,2024-10-21,2024-11-03,3.9,0.74,False,55
WI,ai_in_production,202424,2024-11-04,2024-11-17,6.3,0.98,False,55
WI,ai_in_production,202425,2024-11-18,2024-12-01,3.2,0.69,False,55
WI,ai_in_production,202426,2024-12-02,2024-12-15,4.1,0.62,False,55
WI,ai_in_production,202501,2024-12-16,2024-12-29,4.8,1.13,False,55
WI,ai_in_production,202502,2024-12-30,2025-01-12,4.8,0.85,False,55
WI,ai_in_production,202503,2025-01-13,2025-01-26,6.1,1.33,False,55
WI,ai_in_production,202504,2025-01-27,2025-02-09,6.4,1.33,False,55
WI,ai_in_production,202505,2025-02-10,2025-02-23,4.7,1.13,False,55
WI,ai_in_production,202506,2025-02-24,2025-03-09,5.1,0.87,False,55
WI,ai_in_production,202507,2025-03-10,2025-03-23,8.1,1.23,False,55
WI,ai_in_production,202508,2025-03-24,2025-04-06,7.8,1.65,False,55
WI,ai_in_production,202509,2025-04-07,2025-04-20,7.1,0.87,False,55
WI,ai_in_production,202510,2025-04-21,2025-05-04,8.0,1.46,False,55
WI,ai_in_production,202511,2025-05-05,2025-05-18,6.3,1.11,False,55
WI,ai_in_production,202512,2025-05-19,2025-06-01,5.2,0.73,False,55
WI,ai_in_production,202513,2025-06-02,2025-06-15,8.2,1.85,False,55
WI,ai_in_production,202514,2025-06-16,2025-06-29,6.6,1.15,False,55
WI,ai_in_production,202515,2025-06-30,2025-07-13,4.6,0.55,False,55
WI,ai_in_production,202516,2025-07-14,2025-07-27,5.2,0.88,False,55
WI,ai_in_production,202517,2025-07-28,2025-08-10,6.0,0.87,False,55
WI,ai_in_production,202518,2025-08-11,2025-08-24,7.5,1.29,False,55
WI,ai_in_production,202519,2025-08-25,2025-09-07,4.8,0.99,False,55
WI,ai_in_production,202520,2025-09-08,2025-09-21,7.3,0.75,False,55
WV,ai_in_production,202518,2025-08-11,2025-08-24,8.2,1.94,False,54
WV,ai_in_production,202519,2025-08-25,2025-09-07,7.1,2.37,False,54
WY,ai_in_any_function,202524,2025-11-03,2025-11-16,19.0,6.2,False,56
WY,ai_in_production,202507,2025-03-10,2025-03-23,16.1,3.98,False,56
WY,ai_in_production,202513,2025-06-02,2025-06-15,17.2,5.29,False,56
WY,ai_in_production,202517,2025-07-28,2025-08-10,12.9,2.48,False,56
