vintage,soc_code,employment,wage,bill,basis
2012,11-1011,258890.0,176050.25918343698,45577651600.0,sum of states
2012,11-1021,1907750.0,114686.48449744463,218793140800.0,sum of states
2012,11-1031,52230.0,38390.7620141681,2005149500.0,sum of states
2012,11-2011,28480.0,106731.04985955056,3039700300.0,sum of states
2012,11-2021,172230.0,129612.5988503745,22323177900.0,sum of states
2012,11-2022,346950.0,119683.97867127828,41524356400.0,sum of states
2012,11-2030,53760.0,108088.91369047618,5810860000.0,sum of states
2012,11-3021,310820.0,128939.85779550865,40077086600.0,sum of states
2012,11-3031,488650.0,122851.78696408472,60031525700.0,sum of states
2012,11-3051,161630.0,97450.54630947225,15750931800.0,sum of states
2012,11-3061,69820.0,105951.76167287311,7397552000.0,sum of states
2012,11-3071,98820.0,88627.51264926128,8758170800.0,sum of states
2012,11-3111,20000.0,105801.66,2116033200.0,sum of states
2012,11-3121,99050.0,109134.69863705199,10809791900.0,sum of states
2012,11-3131,27390.0,103698.54326396495,2840303100.0,sum of states
2012,11-9013,3100.0,74572.6129032258,231175100.0,sum of states
2012,11-9021,208370.0,90837.80774583673,18927874000.0,sum of states
2012,11-9031,47570.0,50678.74710952281,2410788000.0,sum of states
2012,11-9032,228220.0,90310.132328455,20610578400.0,sum of states
2012,11-9033,124150.0,98895.32501006847,12277854600.0,sum of states
2012,11-9039,29890.0,81954.69387755102,2449625800.0,sum of states
2012,11-9041,184400.0,133422.1068329718,24603036500.0,sum of states
2012,11-9051,187260.0,52254.15785538823,9785113600.0,sum of states
2012,11-9070,4300.0,71109.55813953489,305771100.0,sum of states
2012,11-9081,29850.0,54807.32998324958,1635998800.0,sum of states
2012,11-9111,294670.0,98333.95968371398,28976067900.0,sum of states
2012,11-9121,46520.0,132771.82072227,6176545100.0,sum of states
2012,11-9131,23870.0,62129.09090909091,1483021400.0,sum of states
2012,11-9141,159970.0,63522.93367506407,10161763700.0,sum of states
2012,11-9151,115830.0,64382.900802900804,7457471400.0,sum of states
2012,11-9171,8890.0,80174.20697412823,712748700.0,sum of states
2012,11-9199,345510.0,104754.14720268588,36193605400.0,sum of states
2012,13-1011,11280.0,88644.26418439717,999907300.0,sum of states
2012,13-1021,10150.0,60154.64039408867,610569600.0,sum of states
2012,13-1022,109700.0,57098.526891522335,6263708400.0,sum of states
2012,13-1023,283010.0,62114.29136779619,17578965600.0,sum of states
2012,13-1031,264680.0,61428.77474686414,16258968100.0,sum of states
2012,13-1032,11040.0,60195.561594202896,664559000.0,sum of states
2012,13-1041,231120.0,64675.77232606438,14947864500.0,sum of states
2012,13-1051,195660.0,63026.0860676684,12331684000.0,sum of states
2012,13-1071,397070.0,60489.39657994812,24018524700.0,sum of states
2012,13-1074,800.0,39245.375,31396300.0,sum of states
2012,13-1075,75540.0,56027.798517341806,4232339900.0,sum of states
2012,13-1111,541510.0,88005.80081623608,47656021200.0,sum of states
2012,13-1121,71290.0,49891.52475803058,3556766800.0,sum of states
2012,13-1131,48540.0,55220.33992583436,2680395300.0,sum of states
2012,13-1141,85870.0,62141.96576219867,5336130600.0,sum of states
2012,13-1151,210100.0,59544.15944788196,12510227900.0,sum of states
2012,13-1199,939680.0,70190.27051762302,65956393400.0,sum of states
2012,13-2011,1139250.0,70740.94948430985,80591626700.0,sum of states
2012,13-2020,59050.0,54900.06265876376,3241848700.0,sum of states
2012,13-2031,58890.0,71812.42995415181,4229034000.0,sum of states
2012,13-2041,58030.0,69438.53007065311,4029517900.0,sum of states
2012,13-2051,240920.0,89245.65581935912,21501063400.0,sum of states
2012,13-2052,162720.0,92775.68768436578,15096459900.0,sum of states
2012,13-2053,92390.0,68865.26788613487,6362462100.0,sum of states
2012,13-2061,28150.0,83920.89165186501,2362373100.0,sum of states
2012,13-2071,26510.0,43781.39569973595,1160644800.0,sum of states
2012,13-2072,288370.0,70146.94975205466,20228275900.0,sum of states
2012,13-2081,65980.0,55639.20885116702,3671075000.0,sum of states
2012,13-2082,61090.0,41581.41430676052,2540208600.0,sum of states
2012,13-2099,148380.0,66843.0630812778,9918173700.0,sum of states
2012,15-1211,483150.0,83726.92228086515,40452662500.0,sum of states
2012,15-1212,72820.0,89187.29195276024,6494618600.0,sum of states
2012,15-1221,23930.0,103155.45340576682,2468510000.0,sum of states
2012,15-1241,138290.0,93876.74379926242,12982214900.0,sum of states
2012,15-1244,351390.0,76238.8041776943,26789553400.0,sum of states
2012,15-1299,186280.0,81784.54369765944,15234824800.0,sum of states
2012,15-2011,20950.0,106715.45107398568,2235688700.0,sum of states
2012,15-2021,2620.0,101769.31297709924,266635600.0,sum of states
2012,15-2031,69130.0,79832.13076811803,5518795200.0,sum of states
2012,15-2041,25020.0,80015.00399680255,2001975400.0,sum of states
2012,15-2099,680.0,67384.11764705883,45821200.0,sum of states
2012,17-1011,83080.0,78557.76119402985,6526578800.0,sum of states
2012,17-1012,14340.0,68133.10320781032,977028700.0,sum of states
2012,17-1021,10540.0,60644.535104364324,639193400.0,sum of states
2012,17-1022,40350.0,59062.329615861214,2383165000.0,sum of states
2012,17-2011,74580.0,105371.24027889514,7858587100.0,sum of states
2012,17-2021,1680.0,72476.25,121760100.0,sum of states
2012,17-2031,18300.0,91694.18579234973,1678003600.0,sum of states
2012,17-2041,31220.0,101561.96989109545,3170764700.0,sum of states
2012,17-2051,259680.0,83887.62939001848,21783939600.0,sum of states
2012,17-2061,75250.0,103805.02857142857,7811328400.0,sum of states
2012,17-2071,160610.0,91726.07745470395,14732125300.0,sum of states
2012,17-2072,133240.0,95314.04232963074,12699643000.0,sum of states
2012,17-2081,50970.0,85108.0243280361,4337956000.0,sum of states
2012,17-2111,23570.0,79758.0441238863,1879897100.0,sum of states
2012,17-2112,222370.0,81959.35602824122,18225302000.0,sum of states
2012,17-2121,5420.0,92508.43173431735,501395700.0,sum of states
2012,17-2131,21100.0,86352.1279620853,1822029900.0,sum of states
2012,17-2141,253430.0,84673.82433018979,21458887300.0,sum of states
2012,17-2151,7420.0,91558.46361185984,679363800.0,sum of states
2012,17-2161,13600.0,103551.14705882352,1408295600.0,sum of states
2012,17-2171,34430.0,148309.7473133895,5106304600.0,sum of states
2012,17-2199,122580.0,93223.52993963126,11427340300.0,sum of states
2012,17-3011,83980.0,50408.45558466302,4233302100.0,sum of states
2012,17-3012,27630.0,58567.26384364821,1618213500.0,sum of states
2012,17-3013,63450.0,53185.681639085895,3374631500.0,sum of states
2012,17-3019,14080.0,48641.704545454544,684875200.0,sum of states
2012,17-3021,8670.0,62208.17762399077,539344900.0,sum of states
2012,17-3022,70910.0,49174.10661401777,3486935900.0,sum of states
2012,17-3023,145230.0,57795.614542449905,8393657100.0,sum of states
2012,17-3024,16350.0,53287.47400611621,871250200.0,sum of states
2012,17-3025,18590.0,49273.926842388384,916002300.0,sum of states
2012,17-3026,62470.0,52260.80038418441,3264732200.0,sum of states
2012,17-3027,46730.0,53770.54140808902,2512697400.0,sum of states
2012,17-3029,64720.0,60406.52657601978,3909510400.0,sum of states
2012,17-3031,47040.0,42633.692602040814,2005488900.0,sum of states
2012,19-1011,1800.0,74334.61111111111,133802300.0,sum of states
2012,19-1012,13090.0,64100.72574484339,839078500.0,sum of states
2012,19-1013,11980.0,63105.41736227045,756002900.0,sum of states
2012,19-1021,25110.0,90461.95141377937,2271499600.0,sum of states
2012,19-1022,17440.0,74443.15366972476,1298288600.0,sum of states
2012,19-1023,18530.0,62541.82946573124,1158900100.0,sum of states
2012,19-1029,30570.0,76298.02747791953,2332430700.0,sum of states
2012,19-1031,18250.0,63429.676712328765,1157591600.0,sum of states
2012,19-1032,9230.0,56937.25893824486,525530900.0,sum of states
2012,19-1041,4410.0,70199.7052154195,309580700.0,sum of states
2012,19-1042,93530.0,88093.64588901956,8239398700.0,sum of states
2012,19-1099,8580.0,73248.27505827506,628470200.0,sum of states
2012,19-2011,1620.0,107937.71604938271,174859100.0,sum of states
2012,19-2012,17590.0,114199.03922683343,2008761100.0,sum of states
2012,19-2021,9950.0,90227.61809045226,897764800.0,sum of states
2012,19-2031,86480.0,76483.38922294173,6614283500.0,sum of states
2012,19-2032,7700.0,90085.88311688312,693661300.0,sum of states
2012,19-2041,84870.0,68752.0796512313,5834989000.0,sum of states
2012,19-2042,34930.0,106936.54738047524,3735293600.0,sum of states
2012,19-2043,6570.0,78947.00152207002,518681800.0,sum of states
2012,19-2099,21610.0,89883.62332253586,1942385100.0,sum of states
2012,19-3011,15620.0,99481.96542893726,1553908300.0,sum of states
2012,19-3022,16680.0,51158.501199040766,853323800.0,sum of states
2012,19-3031,103820.0,72136.24542477365,7489185000.0,sum of states
2012,19-3032,590.0,84067.62711864407,49599900.0,sum of states
2012,19-3039,10000.0,85957.42,859574200.0,sum of states
2012,19-3041,2060.0,81112.8640776699,167092500.0,sum of states
2012,19-3051,37630.0,67929.66250332182,2556193200.0,sum of states
2012,19-3091,5780.0,60379.23875432526,348992000.0,sum of states
2012,19-3092,910.0,73910.65934065935,67258700.0,sum of states
2012,19-3093,2540.0,56322.28346456693,143058600.0,sum of states
2012,19-3094,5130.0,107075.94541910331,549299600.0,sum of states
2012,19-3099,29720.0,79409.89905787348,2360062200.0,sum of states
2012,19-4010,17900.0,36377.46368715084,651156600.0,sum of states
2012,19-4021,71640.0,42604.67895030709,3052199200.0,sum of states
2012,19-4031,62000.0,46011.47741935484,2852711600.0,sum of states
2012,19-4040,13960.0,60436.92693409742,843699500.0,sum of states
2012,19-4051,5360.0,71720.74626865672,384423200.0,sum of states
2012,19-4061,23270.0,41556.61366566394,967022400.0,sum of states
2012,19-4092,11460.0,56120.07853403141,643136100.0,sum of states
2012,19-4099,55420.0,45650.9003969686,2529972900.0,sum of states
2012,21-1012,239290.0,55997.328764260936,13399600800.0,sum of states
2012,21-1013,32840.0,49593.09683313033,1628637300.0,sum of states
2012,21-1015,104480.0,37295.06508422665,3896588400.0,sum of states
2012,21-1019,27030.0,46109.563448020715,1246341500.0,sum of states
2012,21-1021,278860.0,45046.89449903177,12561777000.0,sum of states
2012,21-1022,140710.0,51344.43607419515,7224675600.0,sum of states
2012,21-1023,110280.0,43296.00290170475,4774683200.0,sum of states
2012,21-1029,59040.0,54287.93868563686,3205159900.0,sum of states
2012,21-1091,55840.0,52866.72277936963,2952077800.0,sum of states
2012,21-1092,85370.0,52444.21342391941,4477162500.0,sum of states
2012,21-1093,357330.0,30755.032323062715,10989695700.0,sum of states
2012,21-1094,38080.0,37286.56775210084,1419872500.0,sum of states
2012,21-1099,101190.0,43417.37622294693,4393404300.0,sum of states
2012,21-2011,44110.0,47800.34232600317,2108473100.0,sum of states
2012,21-2021,17220.0,41732.42160278746,718632300.0,sum of states
2012,21-2099,7250.0,30782.110344827586,223170300.0,sum of states
2012,23-1011,585030.0,130544.73086850248,76372583900.0,sum of states
2012,23-1012,10370.0,52399.81677917069,543386100.0,sum of states
2012,23-1021,12420.0,88149.0499194847,1094811200.0,sum of states
2012,23-1022,5750.0,73098.66086956521,420317300.0,sum of states
2012,23-1023,22440.0,109080.02228163993,2447755700.0,sum of states
2012,23-2011,266750.0,50198.89372071228,13390554900.0,sum of states
2012,23-2093,48090.0,46470.29943855271,2234756700.0,sum of states
2012,23-2099,44230.0,60350.510965408095,2669303100.0,sum of states
2012,25-1011,82230.0,85591.21002067372,7038165200.0,sum of states
2012,25-1021,34500.0,79981.39130434782,2759358000.0,sum of states
2012,25-1022,53220.0,73083.00826756858,3889477700.0,sum of states
2012,25-1031,4870.0,80229.34291581108,390716900.0,sum of states
2012,25-1032,31340.0,100932.95469049139,3163238800.0,sum of states
2012,25-1041,7960.0,84541.93467336684,672953800.0,sum of states
2012,25-1042,49750.0,87004.4824120603,4328473000.0,sum of states
2012,25-1043,1740.0,80973.2183908046,140893400.0,sum of states
2012,25-1051,9850.0,92299.80710659898,909153100.0,sum of states
2012,25-1052,20060.0,81423.99800598205,1633365400.0,sum of states
2012,25-1053,4320.0,86616.22685185185,374182100.0,sum of states
2012,25-1054,13630.0,88577.83565663977,1207315900.0,sum of states
2012,25-1061,5290.0,83377.61814744801,441067600.0,sum of states
2012,25-1062,8940.0,78707.6062639821,703646000.0,sum of states
2012,25-1063,13110.0,97666.66666666667,1280410000.0,sum of states
2012,25-1064,4080.0,71655.83333333333,292355800.0,sum of states
2012,25-1065,16530.0,82192.18995765275,1358636900.0,sum of states
2012,25-1066,35360.0,73546.50452488688,2600604400.0,sum of states
2012,25-1067,16730.0,73032.07411835027,1221826600.0,sum of states
2012,25-1069,9610.0,83468.84495317377,802135600.0,sum of states
2012,25-1071,142400.0,99777.1558988764,14208267000.0,sum of states
2012,25-1072,54970.0,68186.56721848281,3748215600.0,sum of states
2012,25-1081,62820.0,64868.72015281757,4075053000.0,sum of states
2012,25-1082,3900.0,70831.8717948718,276244300.0,sum of states
2012,25-1111,13710.0,62419.81035740335,855775600.0,sum of states
2012,25-1112,12590.0,119572.7402700556,1505420800.0,sum of states
2012,25-1113,9200.0,70043.42391304347,644399500.0,sum of states
2012,25-1121,92130.0,73321.77140996417,6755134800.0,sum of states
2012,25-1122,29580.0,68524.67545638945,2026959900.0,sum of states
2012,25-1123,71990.0,67883.30740380609,4886919300.0,sum of states
2012,25-1124,29450.0,66633.52122241087,1962357200.0,sum of states
2012,25-1125,23330.0,73143.22331761681,1706431400.0,sum of states
2012,25-1126,22780.0,71175.48726953469,1621377600.0,sum of states
2012,25-1192,3520.0,68351.53409090909,240597400.0,sum of states
2012,25-1193,19310.0,64665.23045054376,1248685600.0,sum of states
2012,25-1194,123580.0,52393.93267519016,6474842200.0,sum of states
2012,25-1199,175380.0,73726.27779678412,12930114600.0,sum of states
2012,25-2011,343910.0,30664.724201099125,10545905300.0,sum of states
2012,25-2012,157170.0,52949.73340968378,8322109600.0,sum of states
2012,25-2021,1334200.0,56086.788337580576,74830993000.0,sum of states
2012,25-2022,622090.0,56225.01020752624,34977016600.0,sum of states
2012,25-2023,17500.0,55819.97714285714,976849600.0,sum of states
2012,25-2031,959760.0,57765.830311744605,55441333300.0,sum of states
2012,25-2032,89070.0,56689.69799034467,5049351400.0,sum of states
2012,25-2051,20790.0,58562.82828282828,1217521200.0,sum of states
2012,25-2052,194630.0,56691.10877048759,11033790500.0,sum of states
2012,25-2059,46430.0,51613.30389834159,2396405700.0,sum of states
2012,25-3011,66200.0,52087.14954682779,3448169300.0,sum of states
2012,25-3021,180050.0,40330.570397111915,7261519200.0,sum of states
2012,25-3099,280770.0,48753.4280727998,13688500000.0,sum of states
2012,25-4011,5320.0,51048.66541353383,271578900.0,sum of states
2012,25-4012,10340.0,54665.59961315281,565242300.0,sum of states
2012,25-4013,10410.0,42926.34005763689,446863200.0,sum of states
2012,25-4022,142660.0,56791.70194868919,8101904200.0,sum of states
2012,25-4031,101120.0,32232.723496835442,3259373000.0,sum of states
2012,25-9021,9490.0,48631.433087460486,461512300.0,sum of states
2012,25-9031,133940.0,62220.965357622816,8333876100.0,sum of states
2012,25-9040,1186120.0,25313.85003203723,30025263800.0,sum of states
2012,25-9099,101930.0,41225.11135092711,4202075600.0,sum of states
2012,27-1011,31640.0,94151.87737041719,2978965400.0,sum of states
2012,27-1012,4360.0,35154.5871559633,153274000.0,sum of states
2012,27-1013,11290.0,55495.29672276351,626541900.0,sum of states
2012,27-1014,27850.0,68535.43267504488,1908711800.0,sum of states
2012,27-1019,5790.0,62886.26943005181,364111500.0,sum of states
2012,27-1021,29020.0,62418.50103376981,1811384900.0,sum of states
2012,27-1022,15440.0,73015.74481865285,1127363100.0,sum of states
2012,27-1023,46970.0,25527.091760698317,1199007500.0,sum of states
2012,27-1024,192360.0,48635.66593886463,9355556700.0,sum of states
2012,27-1025,40450.0,52730.1804697157,2132935800.0,sum of states
2012,27-1026,73840.0,28820.76110509209,2128125000.0,sum of states
2012,27-1027,7950.0,54481.660377358494,433129200.0,sum of states
2012,27-1029,7300.0,51406.0,375263800.0,sum of states
2012,27-2012,87130.0,92321.3841386434,8043962200.0,sum of states
2012,27-2021,9760.0,74217.66393442624,724364400.0,sum of states
2012,27-2022,202000.0,36667.70841584158,7406877100.0,sum of states
2012,27-2023,14720.0,32227.438858695652,474387900.0,sum of states
2012,27-2032,5630.0,45119.2539964476,254021400.0,sum of states
2012,27-2041,24830.0,53431.735803463554,1326710000.0,sum of states
2012,27-3011,31250.0,41641.6032,1301300100.0,sum of states
2012,27-3031,202310.0,61859.79684642381,12514855500.0,sum of states
2012,27-3041,99320.0,62394.21365283931,6196993300.0,sum of states
2012,27-3042,46220.0,67855.62094331459,3136286800.0,sum of states
2012,27-3043,41680.0,68352.74712092131,2848942500.0,sum of states
2012,27-3091,47740.0,50896.943862589025,2429820100.0,sum of states
2012,27-3099,21700.0,52499.958525345624,1139249100.0,sum of states
2012,27-4011,54700.0,45864.18647166362,2508771000.0,sum of states
2012,27-4012,31010.0,43415.18219929055,1346304800.0,sum of states
2012,27-4014,14030.0,55585.381325730574,779862900.0,sum of states
2012,27-4021,56380.0,36298.23164242639,2046494300.0,sum of states
2012,27-4031,16430.0,48434.27875836884,795775200.0,sum of states
2012,27-4032,21150.0,64536.39243498818,1364944700.0,sum of states
2012,27-4099,13560.0,69207.47050147492,938453300.0,sum of states
2012,29-1011,27660.0,79570.66160520607,2200924500.0,sum of states
2012,29-1021,93600.0,163244.9636752137,15279728600.0,sum of states
2012,29-1022,2890.0,212810.10380622838,615021200.0,sum of states
2012,29-1023,4360.0,179158.37155963303,781130500.0,sum of states
2012,29-1029,4600.0,166453.65217391305,765686800.0,sum of states
2012,29-1031,58840.0,55916.286539768866,3290114300.0,sum of states
2012,29-1041,29210.0,109759.23313933585,3206067200.0,sum of states
2012,29-1051,283570.0,114688.35772472406,32522177600.0,sum of states
2012,29-1071,83680.0,92451.23446462715,7736319300.0,sum of states
2012,29-1081,8910.0,132866.3411896745,1183839100.0,sum of states
2012,29-1122,105800.0,76301.25330812855,8072672600.0,sum of states
2012,29-1123,192080.0,80990.54508538109,15556663900.0,sum of states
2012,29-1124,17960.0,80166.49220489978,1439790200.0,sum of states
2012,29-1125,19110.0,44265.21716378859,845908300.0,sum of states
2012,29-1126,117460.0,57043.031670355864,6700274500.0,sum of states
2012,29-1127,121770.0,72710.80397470642,8853994600.0,sum of states
2012,29-1128,5550.0,47721.18918918919,264852600.0,sum of states
2012,29-1129,12030.0,56548.84455527847,680282600.0,sum of states
2012,29-1131,56060.0,93241.91402069211,5227141700.0,sum of states
2012,29-1141,2652290.0,67692.44547164903,179539996200.0,sum of states
2012,29-1151,34100.0,153702.61583577713,5241259200.0,sum of states
2012,29-1161,5240.0,91816.64122137404,481119200.0,sum of states
2012,29-1171,106900.0,90733.67820392891,9699430200.0,sum of states
2012,29-1181,11850.0,72769.56962025317,862319400.0,sum of states
2012,29-1292,189880.0,70668.19570254898,13418477000.0,sum of states
2012,29-2031,50880.0,52876.12814465409,2690337400.0,sum of states
2012,29-2032,57920.0,66190.87189226519,3833775300.0,sum of states
2012,29-2033,20630.0,70527.8623364033,1454989800.0,sum of states
2012,29-2034,195610.0,56272.67879965237,11007498700.0,sum of states
2012,29-2035,29570.0,65263.82482245519,1929851300.0,sum of states
2012,29-2051,24400.0,28728.41393442623,700973300.0,sum of states
2012,29-2052,356930.0,30329.93640209565,10825664200.0,sum of states
2012,29-2053,64050.0,32931.56596409056,2109266800.0,sum of states
2012,29-2055,97920.0,43300.22467320262,4239958000.0,sum of states
2012,29-2056,83450.0,31469.207908927503,2626105400.0,sum of states
2012,29-2057,29410.0,35318.42910574634,1038715000.0,sum of states
2012,29-2061,723200.0,42276.7122511062,30574518300.0,sum of states
2012,29-2072,183750.0,36661.170612244896,6736490100.0,sum of states
2012,29-2081,65460.0,34943.07057745188,2287373400.0,sum of states
2012,29-2091,6790.0,70711.9440353461,480134100.0,sum of states
2012,29-2092,3650.0,45921.50684931507,167613500.0,sum of states
2012,29-2099,84790.0,44343.86484255219,3759916300.0,sum of states
2012,29-9091,20590.0,44080.704225352114,907621700.0,sum of states
2012,29-9092,1430.0,56596.22377622378,80932600.0,sum of states
2012,29-9099,47860.0,53632.27329711659,2566840600.0,sum of states
2012,31-1122,989640.0,20810.760983792086,20595161500.0,sum of states
2012,31-2011,29470.0,53093.444180522565,1564663800.0,sum of states
2012,31-2012,7140.0,30415.210084033613,217164600.0,sum of states
2012,31-2021,70250.0,52140.87259786477,3662896300.0,sum of states
2012,31-2022,48520.0,25415.824402308328,1233175800.0,sum of states
2012,31-9011,71140.0,40315.40764689345,2868038100.0,sum of states
2012,31-9091,302690.0,34939.79550034689,10575926700.0,sum of states
2012,31-9092,553950.0,30553.17664049102,16924932200.0,sum of states
2012,31-9093,50380.0,32224.452163556965,1623467900.0,sum of states
2012,31-9094,75010.0,34632.249033462205,2597765000.0,sum of states
2012,31-9095,44810.0,23220.91051104664,1040529000.0,sum of states
2012,31-9096,71690.0,24713.350537034454,1771700100.0,sum of states
2012,31-9097,100840.0,30872.235224117412,3113156200.0,sum of states
2012,31-9099,104060.0,33815.86872957909,3518879300.0,sum of states
2012,33-1011,44280.0,60998.32204155375,2701005700.0,sum of states
2012,33-1012,100410.0,80111.95299272981,8044041200.0,sum of states
2012,33-1021,59570.0,70866.87090817526,4221539500.0,sum of states
2012,33-2011,296570.0,47640.776207977884,14128825000.0,sum of states
2012,33-2021,11710.0,57431.13578138343,672518600.0,sum of states
2012,33-2022,1310.0,39833.35877862595,52181700.0,sum of states
2012,33-3011,16920.0,39021.666666666664,660246600.0,sum of states
2012,33-3012,437540.0,43249.14202130091,18923229600.0,sum of states
2012,33-3021,109610.0,77774.04160204361,8524812700.0,sum of states
2012,33-3031,5120.0,49036.23046875,251065500.0,sum of states
2012,33-3051,649220.0,56849.71365638766,36907971100.0,sum of states
2012,33-3052,2950.0,59203.83050847457,174651300.0,sum of states
2012,33-9011,13790.0,33461.60261058738,461435500.0,sum of states
2012,33-9021,22730.0,50906.31324241091,1157100500.0,sum of states
2012,33-9031,8850.0,31843.593220338982,281815800.0,sum of states
2012,33-9032,1077410.0,26968.574637324695,29056212000.0,sum of states
2012,33-9092,125990.0,20718.53242320819,2610327900.0,sum of states
2012,33-9093,47870.0,37098.606642991435,1775910300.0,sum of states
2012,33-9099,77690.0,33712.41343802291,2619117400.0,sum of states
2012,35-1011,98120.0,46473.1461475744,4559945100.0,sum of states
2012,35-1012,823900.0,31749.24784561233,26158205300.0,sum of states
2012,35-2011,508380.0,18759.94846374759,9537182600.0,sum of states
2012,35-2012,399010.0,24275.418661186435,9686134800.0,sum of states
2012,35-2013,140.0,34732.857142857145,4862600.0,sum of states
2012,35-2014,1007650.0,23261.582295439886,23439533400.0,sum of states
2012,35-2015,162720.0,21239.02900688299,3456014800.0,sum of states
2012,35-2019,20700.0,25365.328502415457,525062300.0,sum of states
2012,35-2021,801120.0,20855.092121030557,16707431400.0,sum of states
2012,35-3031,2343000.0,20692.237345283826,48481912100.0,sum of states
2012,35-3041,237800.0,22010.33221194281,5234057000.0,sum of states
2012,35-9011,396790.0,19686.339373472114,7811342600.0,sum of states
2012,35-9021,504540.0,18923.88690688548,9547857900.0,sum of states
2012,35-9031,343680.0,19560.455074487894,6722537200.0,sum of states
2012,35-9099,35390.0,23478.883865498727,830917700.0,sum of states
2012,37-1011,172380.0,37699.42626754844,6498627100.0,sum of states
2012,37-1012,99990.0,44936.30863086309,4493181500.0,sum of states
2012,37-2011,2130020.0,24739.890235772433,52696461000.0,sum of states
2012,37-2012,899430.0,21800.02412639116,19607595700.0,sum of states
2012,37-2019,10270.0,29433.63193768257,302283400.0,sum of states
2012,37-2021,61730.0,32121.15502996922,1982838900.0,sum of states
2012,37-3011,839180.0,25797.730880144903,21648939800.0,sum of states
2012,37-3012,23150.0,32022.16846652268,741313200.0,sum of states
2012,37-3013,38000.0,33645.80789473684,1278540700.0,sum of states
2012,37-3019,13820.0,30577.004341534008,422574200.0,sum of states
2012,39-2011,10550.0,30182.331753554503,318423600.0,sum of states
2012,39-2021,150300.0,22362.91417165669,3361146000.0,sum of states
2012,39-3011,81660.0,21888.790105314718,1787438600.0,sum of states
2012,39-3012,11400.0,24696.026315789473,281534700.0,sum of states
2012,39-3019,11350.0,26524.15859030837,301049200.0,sum of states
2012,39-3021,7700.0,21547.064935064936,165912400.0,sum of states
2012,39-3031,106860.0,20312.87946846341,2170634300.0,sum of states
2012,39-3091,256910.0,20018.16978708497,5142868000.0,sum of states
2012,39-3092,5250.0,45542.438095238096,239097800.0,sum of states
2012,39-3093,18320.0,21518.171397379912,394212900.0,sum of states
2012,39-3099,7740.0,25414.134366925064,196705400.0,sum of states
2012,39-4011,4310.0,43655.98607888631,188157300.0,sum of states
2012,39-4021,32270.0,24133.653548187172,778793000.0,sum of states
2012,39-4031,22860.0,52708.59142607174,1204918400.0,sum of states
2012,39-5011,7420.0,26964.79784366577,200078800.0,sum of states
2012,39-5012,356780.0,26777.236952743988,9553582600.0,sum of states
2012,39-5091,1380.0,76568.84057971014,105665000.0,sum of states
2012,39-5092,61190.0,21407.855858800456,1309946700.0,sum of states
2012,39-5093,11180.0,18737.83542039356,209489000.0,sum of states
2012,39-5094,31230.0,31433.893691962858,981680500.0,sum of states
2012,39-6011,40980.0,23108.135675939484,946971400.0,sum of states
2012,39-6012,25670.0,29313.86053759252,752486800.0,sum of states
2012,39-9011,625430.0,21295.072190333052,13318577000.0,sum of states
2012,39-9031,234150.0,36897.25005338458,8639491100.0,sum of states
2012,39-9032,306200.0,25283.01894186806,7741660400.0,sum of states
2012,39-9041,83820.0,26467.052016225243,2218468300.0,sum of states
2012,39-9099,64180.0,23354.387659707074,1498884600.0,sum of states
2012,41-1011,1227120.0,40779.50273811852,50041343400.0,sum of states
2012,41-1012,244860.0,82084.2269051703,20099143800.0,sum of states
2012,41-2011,3348400.0,20338.663570660614,68101981100.0,sum of states
2012,41-2012,18180.0,25421.358635863588,462160300.0,sum of states
2012,41-2021,435110.0,26858.08761002965,11686222500.0,sum of states
2012,41-2022,219680.0,32253.754552075745,7085504800.0,sum of states
2012,41-2031,4383410.0,25247.16198119729,110668662300.0,sum of states
2012,41-3011,146320.0,57174.90021869874,8365831400.0,sum of states
2012,41-3021,338660.0,63276.321088997815,21429158900.0,sum of states
2012,41-3031,328300.0,101016.44319220225,33163698300.0,sum of states
2012,41-3041,65070.0,36919.55278930382,2402355300.0,sum of states
2012,41-3091,674360.0,60673.63544694229,40915872800.0,sum of states
2012,41-4011,365190.0,85557.69079109504,31244813100.0,sum of states
2012,41-4012,1423720.0,64067.89755008007,91214747100.0,sum of states
2012,41-9011,70910.0,28209.100267945283,2000307300.0,sum of states
2012,41-9012,560.0,41161.607142857145,23050500.0,sum of states
2012,41-9021,34070.0,78509.11652480188,2674805600.0,sum of states
2012,41-9022,162900.0,51914.39656230817,8456855200.0,sum of states
2012,41-9031,64400.0,99364.9301242236,6399101500.0,sum of states
2012,41-9041,246180.0,25467.099683158664,6269490600.0,sum of states
2012,41-9091,3420.0,27989.824561403508,95725200.0,sum of states
2012,41-9099,125650.0,33272.282530839635,4180662300.0,sum of states
2012,43-1011,1374260.0,52643.121752797866,72345336500.0,sum of states
2012,43-2011,125320.0,26757.963613150336,3353308000.0,sum of states
2012,43-2021,8080.0,33358.44059405941,269536200.0,sum of states
2012,43-2099,2060.0,42165.388349514564,86860700.0,sum of states
2012,43-3011,389610.0,34202.253022253026,13325539800.0,sum of states
2012,43-3021,495820.0,34403.98572062442,17058184200.0,sum of states
2012,43-3031,1615680.0,36564.77953555159,59076983000.0,sum of states
2012,43-3041,16980.0,26133.610129564193,443748700.0,sum of states
2012,43-3051,174030.0,38784.369936217896,6749643900.0,sum of states
2012,43-3061,70320.0,38252.147326507395,2689891000.0,sum of states
2012,43-3071,545810.0,25741.297154687527,14049857400.0,sum of states
2012,43-3099,35990.0,39512.09502639622,1422040300.0,sum of states
2012,43-4011,59430.0,44469.12333838129,2642800000.0,sum of states
2012,43-4021,9780.0,36848.40490797546,360377400.0,sum of states
2012,43-4031,122690.0,36948.45871709186,4533206400.0,sum of states
2012,43-4041,45850.0,35689.23009814613,1636351200.0,sum of states
2012,43-4051,2314160.0,33049.25955854392,76481274500.0,sum of states
2012,43-4061,131430.0,41006.17515027011,5389441600.0,sum of states
2012,43-4071,159270.0,28000.39994977083,4459623700.0,sum of states
2012,43-4081,230260.0,21941.282029010683,5052199600.0,sum of states
2012,43-4111,197000.0,31237.23502538071,6153735300.0,sum of states
2012,43-4121,103610.0,25614.311359907344,2653898800.0,sum of states
2012,43-4131,193660.0,36054.2672725395,6982269400.0,sum of states
2012,43-4141,55580.0,32881.79740913998,1827570300.0,sum of states
2012,43-4151,209200.0,31260.152485659655,6539623900.0,sum of states
2012,43-4161,140240.0,38246.8375641757,5363736500.0,sum of states
2012,43-4171,970720.0,27010.12877039723,26219272200.0,sum of states
2012,43-4181,125680.0,33429.190006365374,4201380600.0,sum of states
2012,43-4199,179500.0,37718.50529247911,6770471700.0,sum of states
2012,43-5011,78130.0,41905.52156661973,3274078400.0,sum of states
2012,43-5021,77470.0,26890.10971989157,2083176800.0,sum of states
2012,43-5031,95490.0,37935.5492721751,3622465600.0,sum of states
2012,43-5032,186120.0,38367.85729636793,7141025600.0,sum of states
2012,43-5041,38660.0,38724.05845835489,1497072100.0,sum of states
2012,43-5051,70090.0,50464.83235839635,3537080100.0,sum of states
2012,43-5052,306590.0,52230.40379660133,16013319500.0,sum of states
2012,43-5053,134790.0,48753.51138808517,6571485800.0,sum of states
2012,43-5061,280700.0,45349.40505878162,12729578000.0,sum of states
2012,43-5071,694440.0,30654.413196244455,21287650700.0,sum of states
2012,43-5111,68050.0,29800.095518001468,2027896500.0,sum of states
2012,43-6011,813780.0,49968.220157782205,40663138200.0,sum of states
2012,43-6012,221150.0,43990.90300700882,9728588200.0,sum of states
2012,43-6013,516190.0,32511.25961370813,16781987100.0,sum of states
2012,43-6014,2111370.0,33408.575569417015,70537864200.0,sum of states
2012,43-9021,210360.0,29090.86423274387,6119554200.0,sum of states
2012,43-9022,101620.0,35527.91182838024,3610346400.0,sum of states
2012,43-9031,15760.0,39064.098984771575,615650200.0,sum of states
2012,43-9041,227320.0,37226.085694175614,8462233800.0,sum of states
2012,43-9051,102520.0,28140.38724151385,2884952500.0,sum of states
2012,43-9061,2832540.0,29195.163457532813,82696468300.0,sum of states
2012,43-9071,67060.0,29560.175961825233,1982305400.0,sum of states
2012,43-9081,10210.0,34536.346718903034,352616100.0,sum of states
2012,43-9111,14710.0,40337.056424201226,593358100.0,sum of states
2012,43-9199,226930.0,33006.29665535628,7490118900.0,sum of states
2012,45-1011,19310.0,46395.266701191096,895892600.0,sum of states
2012,45-2011,11780.0,42129.90662139219,496290300.0,sum of states
2012,45-2021,1080.0,38265.37037037037,41326600.0,sum of states
2012,45-2041,38120.0,20876.369359916054,795807200.0,sum of states
2012,45-2091,22210.0,27484.10625844214,610422000.0,sum of states
2012,45-2092,254310.0,19995.943533482758,5085168400.0,sum of states
2012,45-2093,29440.0,23965.509510869564,705544600.0,sum of states
2012,45-2099,5080.0,28397.854330708662,144261100.0,sum of states
2012,45-4011,7130.0,27697.854137447404,197485700.0,sum of states
2012,45-4021,4380.0,41604.15525114155,182226200.0,sum of states
2012,45-4022,23190.0,34119.15049590341,791223100.0,sum of states
2012,45-4023,2590.0,33547.52895752896,86888100.0,sum of states
2012,45-4029,1730.0,34004.739884393064,58828200.0,sum of states
2012,47-1011,460760.0,62952.824897994615,29006143600.0,sum of states
2012,47-2011,16970.0,55357.024160282854,939408700.0,sum of states
2012,47-2021,57620.0,50050.30892051371,2883898800.0,sum of states
2012,47-2022,10060.0,40602.51491053678,408461300.0,sum of states
2012,47-2031,573360.0,44301.72335007674,25400836100.0,sum of states
2012,47-2041,25090.0,40831.98485452372,1024474500.0,sum of states
2012,47-2042,9270.0,38507.961165048546,356968800.0,sum of states
2012,47-2043,3020.0,35926.887417218546,108499200.0,sum of states
2012,47-2044,26790.0,41859.749906681594,1121422700.0,sum of states
2012,47-2051,137150.0,39639.000364564345,5436488900.0,sum of states
2012,47-2053,2300.0,41740.0,96002000.0,sum of states
2012,47-2071,54480.0,40133.07268722467,2186449800.0,sum of states
2012,47-2072,3140.0,51892.92993630573,162943800.0,sum of states
2012,47-2073,337500.0,46113.04118518518,15563151400.0,sum of states
2012,47-2081,75790.0,42332.4369969653,3208375400.0,sum of states
2012,47-2082,14810.0,50267.94733288319,744468300.0,sum of states
2012,47-2111,523240.0,52861.47561348521,27659238500.0,sum of states
2012,47-2121,42030.0,42142.38876992624,1771244600.0,sum of states
2012,47-2131,21710.0,36232.56563795486,786609000.0,sum of states
2012,47-2132,25280.0,44349.818037974685,1121163400.0,sum of states
2012,47-2141,185450.0,38496.7468320302,7139221700.0,sum of states
2012,47-2142,2720.0,38837.794117647056,105638800.0,sum of states
2012,47-2151,43040.0,39433.22723048327,1697206100.0,sum of states
2012,47-2152,340130.0,52836.97027607091,17971438700.0,sum of states
2012,47-2161,19330.0,41564.640455250905,803444500.0,sum of states
2012,47-2171,15140.0,50201.26816380449,760047200.0,sum of states
2012,47-2181,97650.0,38761.52380952381,3785062800.0,sum of states
2012,47-2211,133390.0,46829.359022415476,6246568200.0,sum of states
2012,47-2221,57710.0,50255.11349852712,2900222600.0,sum of states
2012,47-2231,3030.0,40356.798679867985,122281100.0,sum of states
2012,47-3011,24210.0,30802.317224287486,745724100.0,sum of states
2012,47-3012,36970.0,26899.813362185556,994486100.0,sum of states
2012,47-3013,61390.0,28592.102948362925,1755269200.0,sum of states
2012,47-3014,9010.0,25926.02663706992,233593500.0,sum of states
2012,47-3015,47180.0,28277.797795676135,1334146500.0,sum of states
2012,47-3016,11630.0,24903.817712811695,289631400.0,sum of states
2012,47-3019,16430.0,27369.732197200243,449684700.0,sum of states
2012,47-4011,89750.0,55082.05905292479,4943614800.0,sum of states
2012,47-4021,18590.0,73613.80849919311,1368480700.0,sum of states
2012,47-4031,19720.0,32424.675456389454,639414600.0,sum of states
2012,47-4041,37160.0,41669.01506996771,1548420600.0,sum of states
2012,47-4051,145680.0,35631.56164195497,5190805900.0,sum of states
2012,47-4061,14630.0,45717.867395762136,668852400.0,sum of states
2012,47-4071,23980.0,35864.76647206005,860037100.0,sum of states
2012,47-5011,21390.0,48883.85226741468,1045625600.0,sum of states
2012,47-5012,24860.0,56464.11504424779,1403697900.0,sum of states
2012,47-5013,55800.0,47411.39605734767,2645555900.0,sum of states
2012,47-5023,17510.0,43761.159337521414,766257900.0,sum of states
2012,47-5041,12970.0,51297.05474171164,665322800.0,sum of states
2012,47-5049,1880.0,44800.0,84224000.0,sum of states
2012,47-5051,3540.0,32971.12994350283,116717800.0,sum of states
2012,47-5071,59050.0,35798.353937341235,2113892800.0,sum of states
2012,47-5081,24300.0,33753.32098765432,820205700.0,sum of states
2012,47-5099,5910.0,39514.73773265651,233532100.0,sum of states
2012,49-1011,424570.0,62400.67197399722,26493453300.0,sum of states
2012,49-2011,114040.0,38442.70168361978,4384005700.0,sum of states
2012,49-2021,14360.0,47308.697771587744,679352900.0,sum of states
2012,49-2022,208800.0,53670.627394636016,11206427000.0,sum of states
2012,49-2091,13980.0,55067.18168812589,769839200.0,sum of states
2012,49-2092,18900.0,38472.93121693122,727138400.0,sum of states
2012,49-2093,13530.0,53168.29268292683,719367000.0,sum of states
2012,49-2094,66620.0,52881.06424497148,3522936500.0,sum of states
2012,49-2095,19680.0,66922.43394308943,1317033500.0,sum of states
2012,49-2096,11400.0,33695.71929824561,384131200.0,sum of states
2012,49-2097,26310.0,36780.17103762828,967686300.0,sum of states
2012,49-2098,54000.0,43176.438888888886,2331527700.0,sum of states
2012,49-3011,116320.0,55940.72558459422,6507025200.0,sum of states
2012,49-3021,132410.0,41203.510308889054,5455756800.0,sum of states
2012,49-3022,13700.0,33384.60583941606,457369100.0,sum of states
2012,49-3023,600680.0,38947.6488313245,23395073700.0,sum of states
2012,49-3031,231590.0,43529.49609223196,10080996000.0,sum of states
2012,49-3041,34050.0,35666.59911894273,1214447700.0,sum of states
2012,49-3042,111070.0,47014.97974250473,5221953800.0,sum of states
2012,49-3043,16780.0,47075.66150178784,789929600.0,sum of states
2012,49-3051,18250.0,37162.61917808219,678217800.0,sum of states
2012,49-3052,14890.0,34875.460040295504,519295600.0,sum of states
2012,49-3053,27300.0,31809.410256410258,868396900.0,sum of states
2012,49-3091,9060.0,25169.492273730684,228035600.0,sum of states
2012,49-3092,9890.0,36054.256825075834,356576600.0,sum of states
2012,49-3093,97990.0,25351.84814777018,2484227600.0,sum of states
2012,49-9011,14220.0,39039.8452883263,555146600.0,sum of states
2012,49-9012,40300.0,51882.498759305214,2090864700.0,sum of states
2012,49-9021,241930.0,45708.95713636176,11058368000.0,sum of states
2012,49-9031,34580.0,37191.425679583575,1286079500.0,sum of states
2012,49-9041,304930.0,48517.820155445515,14794538900.0,sum of states
2012,49-9043,88800.0,42136.46171171171,3741717800.0,sum of states
2012,49-9044,37980.0,50718.557135334384,1926290800.0,sum of states
2012,49-9045,1420.0,42218.7323943662,59950600.0,sum of states
2012,49-9051,113800.0,62008.94024604569,7056617400.0,sum of states
2012,49-9052,135020.0,51731.601984891124,6984800900.0,sum of states
2012,49-9061,1820.0,43602.36263736264,79356300.0,sum of states
2012,49-9062,35880.0,46796.99554069119,1679076200.0,sum of states
2012,49-9063,5820.0,33928.058419243986,197461300.0,sum of states
2012,49-9064,1480.0,40006.82432432433,59210100.0,sum of states
2012,49-9069,11540.0,52808.526863084924,609410400.0,sum of states
2012,49-9071,1238730.0,37103.72558991871,45961498000.0,sum of states
2012,49-9081,2830.0,48335.90106007067,136790600.0,sum of states
2012,49-9091,36030.0,32698.49292256453,1178126700.0,sum of states
2012,49-9092,2880.0,56557.77777777778,162886400.0,sum of states
2012,49-9094,15980.0,39130.300375469335,625302200.0,sum of states
2012,49-9095,2300.0,30354.347826086956,69815000.0,sum of states
2012,49-9096,12750.0,43947.66274509804,560332700.0,sum of states
2012,49-9097,5450.0,53486.91743119266,291503700.0,sum of states
2012,49-9098,125940.0,26742.286009210737,3367923500.0,sum of states
2012,49-9099,129660.0,39353.82924571957,5102617500.0,sum of states
2012,51-1011,573150.0,57287.077030445784,32834088200.0,sum of states
2012,51-2011,36740.0,49242.3897659227,1809165400.0,sum of states
2012,51-2021,12480.0,31620.28846153846,394621200.0,sum of states
2012,51-2031,36570.0,37626.18266338529,1375989500.0,sum of states
2012,51-2041,78510.0,37217.300980766784,2921930300.0,sum of states
2012,51-3011,160150.0,24922.596315953793,3991353800.0,sum of states
2012,51-3021,136410.0,29824.976174767246,4068425000.0,sum of states
2012,51-3022,155230.0,23641.770276364106,3669912000.0,sum of states
2012,51-3023,77450.0,24936.89735313105,1931362700.0,sum of states
2012,51-3091,19690.0,29545.14474352463,581743900.0,sum of states
2012,51-3092,101250.0,28215.913086419754,2856861200.0,sum of states
2012,51-3093,32910.0,28076.274688544516,923990200.0,sum of states
2012,51-3099,36430.0,24926.115838594564,908058400.0,sum of states
2012,51-4021,73730.0,34081.44852841448,2512825200.0,sum of states
2012,51-4022,22030.0,34879.69133000454,768399600.0,sum of states
2012,51-4023,33700.0,38048.60830860534,1282238100.0,sum of states
2012,51-4031,183310.0,31036.515738366703,5689303700.0,sum of states
2012,51-4032,20440.0,36047.71037181996,736815200.0,sum of states
2012,51-4033,69480.0,33063.959412780656,2297283900.0,sum of states
2012,51-4034,37640.0,37621.625929861846,1416078000.0,sum of states
2012,51-4035,22650.0,37465.84105960265,848601300.0,sum of states
2012,51-4041,389170.0,40827.36284914048,15888784800.0,sum of states
2012,51-4051,19180.0,39943.57664233576,766117800.0,sum of states
2012,51-4052,10330.0,35695.56631171345,368735200.0,sum of states
2012,51-4061,5120.0,47135.3515625,241333000.0,sum of states
2012,51-4062,3690.0,43092.818428184284,159012500.0,sum of states
2012,51-4071,11550.0,31676.796536796537,365867000.0,sum of states
2012,51-4072,125540.0,30285.538473793215,3802046500.0,sum of states
2012,51-4081,84860.0,34660.98043836908,2941330800.0,sum of states
2012,51-4111,76870.0,48363.55405229609,3717706400.0,sum of states
2012,51-4121,331280.0,38348.22567012799,12704000200.0,sum of states
2012,51-4122,49280.0,36026.92775974026,1775407000.0,sum of states
2012,51-4191,21060.0,35110.00949667616,739416800.0,sum of states
2012,51-4192,7320.0,40512.44535519126,296551100.0,sum of states
2012,51-4193,31700.0,31651.1261829653,1003340700.0,sum of states
2012,51-4194,11720.0,35669.71843003413,418049100.0,sum of states
2012,51-4199,18960.0,34709.762658227846,658097100.0,sum of states
2012,51-5111,41510.0,38941.15152975186,1616447200.0,sum of states
2012,51-5112,174930.0,35972.86800434459,6292733800.0,sum of states
2012,51-5113,53040.0,31527.28129713424,1672207000.0,sum of states
2012,51-6011,200040.0,21514.01219756049,4303663000.0,sum of states
2012,51-6021,52840.0,20717.20476911431,1094697100.0,sum of states
2012,51-6041,4730.0,25256.236786469344,119462000.0,sum of states
2012,51-6042,1210.0,26580.743801652894,32162700.0,sum of states
2012,51-6051,4100.0,24112.024390243903,98859300.0,sum of states
2012,51-6052,23680.0,29279.61570945946,693341300.0,sum of states
2012,51-6061,10510.0,25069.010466222644,263475300.0,sum of states
2012,51-6062,15350.0,25334.110749185667,388878600.0,sum of states
2012,51-6063,20840.0,26877.979846449136,560137100.0,sum of states
2012,51-6064,26480.0,25871.695619335347,685082500.0,sum of states
2012,51-6091,16850.0,32771.080118694365,552192700.0,sum of states
2012,51-6092,6330.0,44592.843601895736,282272700.0,sum of states
2012,51-6093,27570.0,31609.18752266957,871465300.0,sum of states
2012,51-6099,11800.0,28562.84745762712,337041600.0,sum of states
2012,51-7011,78810.0,32803.90432686207,2585275700.0,sum of states
2012,51-7021,13540.0,29914.254062038406,405039000.0,sum of states
2012,51-7031,610.0,32989.50819672131,20123600.0,sum of states
2012,51-7032,450.0,41671.77777777778,18752300.0,sum of states
2012,51-7041,38000.0,27506.43157894737,1045244400.0,sum of states
2012,51-7042,60530.0,28106.28118288452,1701273200.0,sum of states
2012,51-7099,6000.0,29880.283333333333,179281700.0,sum of states
2012,51-8011,1380.0,77023.76811594203,106292800.0,sum of states
2012,51-8012,10200.0,75258.53921568628,767637100.0,sum of states
2012,51-8013,39790.0,65177.42397587334,2593409700.0,sum of states
2012,51-8021,36470.0,54793.56731560187,1998321400.0,sum of states
2012,51-8031,109850.0,44402.251251706875,4877587300.0,sum of states
2012,51-8091,37590.0,53975.924447991485,2028955000.0,sum of states
2012,51-8092,12080.0,61032.76490066225,737275800.0,sum of states
2012,51-8093,38900.0,60987.182519280206,2372401400.0,sum of states
2012,51-8099,11570.0,51948.00345721694,601038400.0,sum of states
2012,51-9011,54790.0,47845.86238364665,2621474800.0,sum of states
2012,51-9012,41270.0,40325.39132541798,1664228900.0,sum of states
2012,51-9021,29470.0,33277.34984730234,980683500.0,sum of states
2012,51-9022,30440.0,29238.570959264125,890022100.0,sum of states
2012,51-9023,118630.0,35082.63676978842,4161853200.0,sum of states
2012,51-9031,13680.0,26588.092105263157,363725100.0,sum of states
2012,51-9032,56690.0,32309.970012347858,1831652200.0,sum of states
2012,51-9041,68450.0,32800.166544923304,2245171400.0,sum of states
2012,51-9051,19980.0,37123.62362362362,741730000.0,sum of states
2012,51-9061,455830.0,37174.43761928789,16945223900.0,sum of states
2012,51-9071,21100.0,38602.72037914692,814517400.0,sum of states
2012,51-9081,36600.0,39270.37704918033,1437295800.0,sum of states
2012,51-9082,12020.0,38143.18635607321,458481100.0,sum of states
2012,51-9083,29430.0,29665.589534488616,873058300.0,sum of states
2012,51-9111,362890.0,28074.596158615557,10187990200.0,sum of states
2012,51-9123,16030.0,29185.926388022457,467850400.0,sum of states
2012,51-9141,18040.0,34961.81263858093,630711100.0,sum of states
2012,51-9151,45650.0,26143.81161007667,1193465000.0,sum of states
2012,51-9191,16610.0,31782.191450933173,527902200.0,sum of states
2012,51-9192,16070.0,28179.278158058492,452841000.0,sum of states
2012,51-9193,6200.0,28792.967741935485,178516400.0,sum of states
2012,51-9194,7850.0,30561.12101910828,239904800.0,sum of states
2012,51-9195,29940.0,30923.704074816298,925855700.0,sum of states
2012,51-9196,95540.0,35624.377224199285,3403553000.0,sum of states
2012,51-9197,13470.0,39661.98960653304,534247000.0,sum of states
2012,51-9198,422330.0,24598.959581370018,10388878600.0,sum of states
2012,51-9199,220440.0,30102.819361277445,6635865500.0,sum of states
2012,53-2011,49940.0,129409.71165398478,6462721000.0,sum of states
2012,53-2012,34860.0,80083.33907056799,2791705200.0,sum of states
2012,53-2021,17140.0,117516.57526254376,2014234100.0,sum of states
2012,53-2022,5580.0,48753.76344086022,272046000.0,sum of states
2012,53-2031,59380.0,41628.87841023914,2471922800.0,sum of states
2012,53-3011,16830.0,24925.21687462864,419491400.0,sum of states
2012,53-3031,397410.0,27696.37955763569,11006818200.0,sum of states
2012,53-3032,1565730.0,40234.88002401436,62996958700.0,sum of states
2012,53-3033,774690.0,33851.73437116782,26224600100.0,sum of states
2012,53-3099,57090.0,31463.836048344718,1796270400.0,sum of states
2012,53-4011,26590.0,53919.29672809327,1433714100.0,sum of states
2012,53-4013,3470.0,42911.21037463977,148901900.0,sum of states
2012,53-4031,35570.0,56569.637334832725,2012182000.0,sum of states
2012,53-4041,6930.0,60512.958152958156,419354800.0,sum of states
2012,53-4099,1700.0,58193.117647058825,98928300.0,sum of states
2012,53-5011,29040.0,39962.11432506887,1160499800.0,sum of states
2012,53-5021,30030.0,72747.83882783883,2184617600.0,sum of states
2012,53-5022,2530.0,39359.44664031621,99579400.0,sum of states
2012,53-5031,9890.0,76480.89989888777,756396100.0,sum of states
2012,53-6011,2810.0,44053.096085409255,123789200.0,sum of states
2012,53-6021,128300.0,21472.579111457522,2754931900.0,sum of states
2012,53-6030,109130.0,21564.308622743516,2353313000.0,sum of states
2012,53-6041,6050.0,42304.0,255939200.0,sum of states
2012,53-6051,22830.0,66467.69163381515,1517457400.0,sum of states
2012,53-6061,22380.0,23788.40035746202,532384400.0,sum of states
2012,53-6099,29240.0,35100.9952120383,1026353100.0,sum of states
2012,53-7011,39490.0,31306.634591035705,1236299000.0,sum of states
2012,53-7031,1320.0,41348.48484848485,54580000.0,sum of states
2012,53-7041,2580.0,47782.67441860465,123279300.0,sum of states
2012,53-7051,499600.0,32024.54223378703,15999461300.0,sum of states
2012,53-7061,304300.0,22598.360499507064,6876681100.0,sum of states
2012,53-7062,2160750.0,26365.751382621776,56969797300.0,sum of states
2012,53-7063,105670.0,28606.35374278414,3022833400.0,sum of states
2012,53-7064,664480.0,22437.62822056345,14909355200.0,sum of states
2012,53-7065,1823500.0,24389.289882094872,44473870100.0,sum of states
2012,53-7071,3370.0,52386.765578635015,176543400.0,sum of states
2012,53-7072,11460.0,47408.53403141361,543301800.0,sum of states
2012,53-7073,13390.0,45275.354742345036,606237000.0,sum of states
2012,53-7081,119290.0,34634.769888507,4131581700.0,sum of states
2012,53-7121,9550.0,44926.48167539267,429047900.0,sum of states
2012,53-7199,24730.0,40599.43388596846,1004024000.0,sum of states
2013,11-1011,251180.0,177474.8029301696,44578121000.0,sum of states
2013,11-1021,1982370.0,115898.32019249686,229753353000.0,sum of states
2013,11-1031,53500.0,39223.181308411215,2098440200.0,sum of states
2013,11-2011,28680.0,112609.37587168759,3229636900.0,sum of states
2013,11-2021,174220.0,133595.23016875214,23274961000.0,sum of states
2013,11-2022,354490.0,122837.96552794155,43544830400.0,sum of states
2013,11-2030,53950.0,111074.6061167748,5992475000.0,sum of states
2013,11-3021,320220.0,132366.57735306976,42386425400.0,sum of states
2013,11-3031,503120.0,126257.83332008269,63522841100.0,sum of states
2013,11-3051,166430.0,99356.73376194196,16535941200.0,sum of states
2013,11-3061,70020.0,109391.51099685804,7659593600.0,sum of states
2013,11-3071,103340.0,91049.2142442423,9409025800.0,sum of states
2013,11-3111,17570.0,111937.95674445077,1966749900.0,sum of states
2013,11-3121,111810.0,110717.62185850997,12379337300.0,sum of states
2013,11-3131,28350.0,107683.42504409171,3052825100.0,sum of states
2013,11-9013,3020.0,74215.82781456954,224131800.0,sum of states
2013,11-9021,214440.0,92592.18289498228,19855467700.0,sum of states
2013,11-9031,47770.0,51960.43123299142,2482149800.0,sum of states
2013,11-9032,228840.0,90260.0642370215,20655113100.0,sum of states
2013,11-9033,127720.0,100070.41575321015,12780993500.0,sum of states
2013,11-9039,30640.0,83678.0319843342,2563894900.0,sum of states
2013,11-9041,183670.0,136357.3261828279,25044750100.0,sum of states
2013,11-9051,192500.0,52988.74701298701,10200333800.0,sum of states
2013,11-9070,4250.0,72407.29411764706,307731000.0,sum of states
2013,11-9081,30720.0,55991.575520833336,1720061200.0,sum of states
2013,11-9111,301300.0,101229.06372386326,30500316900.0,sum of states
2013,11-9121,47240.0,133275.88272650295,6295952700.0,sum of states
2013,11-9131,18040.0,66373.77494456763,1197382900.0,sum of states
2013,11-9141,166330.0,64241.08098358684,10685219000.0,sum of states
2013,11-9151,115790.0,65674.98834096208,7604506900.0,sum of states
2013,11-9171,8600.0,80111.82558139534,688961700.0,sum of states
2013,11-9199,337240.0,107223.35013640138,36160002600.0,sum of states
2013,13-1011,11200.0,96458.5,1080335200.0,sum of states
2013,13-1021,11060.0,60642.50452079566,670706100.0,sum of states
2013,13-1022,109740.0,57388.12465828322,6297772800.0,sum of states
2013,13-1023,286710.0,63207.49014683827,18122219500.0,sum of states
2013,13-1031,277020.0,62216.15767814598,17235120000.0,sum of states
2013,13-1032,11910.0,62686.691855583544,746598500.0,sum of states
2013,13-1041,239850.0,66459.2491140296,15940250900.0,sum of states
2013,13-1051,202990.0,63619.599980294595,12914142600.0,sum of states
2013,13-1071,429390.0,61394.16381378234,26362040000.0,sum of states
2013,13-1074,400.0,51120.0,20448000.0,sum of states
2013,13-1075,76420.0,56532.15388641717,4320187200.0,sum of states
2013,13-1111,556510.0,90031.93024384108,50103669500.0,sum of states
2013,13-1121,74280.0,50216.97092084007,3730116600.0,sum of states
2013,13-1131,50590.0,56258.93654872505,2846139600.0,sum of states
2013,13-1141,81800.0,63237.278728606354,5172809400.0,sum of states
2013,13-1151,216040.0,60790.31105350861,13133138800.0,sum of states
2013,13-1199,916910.0,71567.72158663337,65621159600.0,sum of states
2013,13-2011,1178300.0,72192.39514554867,85064299200.0,sum of states
2013,13-2020,60480.0,56923.46560846561,3442731200.0,sum of states
2013,13-2031,59480.0,72262.08473436449,4298148800.0,sum of states
2013,13-2041,65020.0,72126.06582589973,4689636800.0,sum of states
2013,13-2051,251800.0,91452.08578236696,23027635200.0,sum of states
2013,13-2052,170730.0,101586.61043753295,17343882000.0,sum of states
2013,13-2053,93470.0,69824.0975714133,6526458400.0,sum of states
2013,13-2061,30930.0,86308.42547688329,2669519600.0,sum of states
2013,13-2071,26650.0,45150.99437148218,1203274000.0,sum of states
2013,13-2072,302660.0,71566.28890504196,21660253000.0,sum of states
2013,13-2081,65130.0,55724.77199447259,3629354400.0,sum of states
2013,13-2082,67630.0,43248.48883631524,2924895300.0,sum of states
2013,13-2099,145710.0,68069.23546770983,9918368300.0,sum of states
2013,15-1211,507770.0,85240.42598026665,43282531100.0,sum of states
2013,15-1212,78180.0,91108.5495011512,7122866400.0,sum of states
2013,15-1221,23220.0,109341.7054263566,2538914400.0,sum of states
2013,15-1241,141680.0,97566.29093732355,13823192100.0,sum of states
2013,15-1244,363090.0,77847.47142581729,28265638400.0,sum of states
2013,15-1299,196870.0,83169.86285365978,16373650900.0,sum of states
2013,15-2011,19800.0,107792.07070707071,2134283000.0,sum of states
2013,15-2021,2600.0,106110.73076923077,275887900.0,sum of states
2013,15-2031,72790.0,81627.96537985987,5941699600.0,sum of states
2013,15-2041,25170.0,82869.68216130314,2085829900.0,sum of states
2013,15-2099,650.0,73777.38461538461,47955300.0,sum of states
2013,17-1011,84590.0,79547.03511053316,6728883700.0,sum of states
2013,17-1012,15560.0,68668.99100257069,1068489500.0,sum of states
2013,17-1021,11110.0,62633.97839783978,695863500.0,sum of states
2013,17-1022,41490.0,59475.36032778983,2467632700.0,sum of states
2013,17-2011,67650.0,105401.9955654102,7130445000.0,sum of states
2013,17-2021,1720.0,74738.77906976744,128550700.0,sum of states
2013,17-2031,19410.0,94151.41679546626,1827479000.0,sum of states
2013,17-2041,32920.0,104011.21810449575,3424049300.0,sum of states
2013,17-2051,264680.0,85351.54261750038,22590846300.0,sum of states
2013,17-2061,72740.0,106664.33186692328,7758763500.0,sum of states
2013,17-2071,168890.0,93238.23080111315,15747004800.0,sum of states
2013,17-2072,133700.0,97876.99177262528,13086153800.0,sum of states
2013,17-2081,53170.0,85500.78803836751,4546076900.0,sum of states
2013,17-2111,23790.0,81224.49348465742,1932330700.0,sum of states
2013,17-2112,232050.0,83281.68368886015,19325514700.0,sum of states
2013,17-2121,5750.0,95894.3304347826,551392400.0,sum of states
2013,17-2131,22820.0,88874.51796669589,2028116500.0,sum of states
2013,17-2141,259570.0,85830.70886466079,22279077100.0,sum of states
2013,17-2151,7610.0,97048.47568988173,738538900.0,sum of states
2013,17-2161,14110.0,107211.21899362154,1512750300.0,sum of states
2013,17-2171,33580.0,149753.05836807625,5028707700.0,sum of states
2013,17-2199,121170.0,94198.99892712718,11414092700.0,sum of states
2013,17-3011,89490.0,51086.70465973852,4571749200.0,sum of states
2013,17-3012,29640.0,60257.62145748988,1786035900.0,sum of states
2013,17-3013,63480.0,54387.38185255198,3452511000.0,sum of states
2013,17-3019,14050.0,50650.747330960854,711643000.0,sum of states
2013,17-3021,9770.0,62370.40941658137,609358900.0,sum of states
2013,17-3022,70310.0,49223.58981652681,3460910600.0,sum of states
2013,17-3023,142220.0,58524.63647869498,8323373800.0,sum of states
2013,17-3024,15430.0,54174.56254050551,835913500.0,sum of states
2013,17-3025,17950.0,49017.06963788301,879856400.0,sum of states
2013,17-3026,64800.0,53841.87962962963,3488953800.0,sum of states
2013,17-3027,45760.0,54237.819055944055,2481922600.0,sum of states
2013,17-3029,64210.0,61736.706120541974,3964113900.0,sum of states
2013,17-3031,48080.0,43485.160149750416,2090766500.0,sum of states
2013,19-1011,1650.0,69113.75757575757,114037700.0,sum of states
2013,19-1012,14940.0,64876.03078982597,969247900.0,sum of states
2013,19-1013,12330.0,63682.3600973236,785203500.0,sum of states
2013,19-1021,28530.0,91712.24325271643,2616550300.0,sum of states
2013,19-1022,18620.0,77384.16756176154,1440893200.0,sum of states
2013,19-1023,18520.0,62586.57667386609,1159103400.0,sum of states
2013,19-1029,30610.0,75930.640313623,2324236900.0,sum of states
2013,19-1031,18380.0,63205.42981501632,1161715800.0,sum of states
2013,19-1032,9080.0,59016.24449339207,535867500.0,sum of states
2013,19-1041,4930.0,72498.78296146044,357419000.0,sum of states
2013,19-1042,103750.0,90401.50361445783,9379156000.0,sum of states
2013,19-1099,7880.0,76043.40101522843,599222000.0,sum of states
2013,19-2011,620.0,114301.93548387097,70867200.0,sum of states
2013,19-2012,17040.0,117086.9072769953,1995160900.0,sum of states
2013,19-2021,10100.0,87935.10891089108,888144600.0,sum of states
2013,19-2031,89110.0,77366.82414992705,6894157700.0,sum of states
2013,19-2032,6680.0,92215.55389221557,615999900.0,sum of states
2013,19-2041,87950.0,70563.27686185333,6206040200.0,sum of states
2013,19-2042,34300.0,108696.52478134111,3728290800.0,sum of states
2013,19-2043,6290.0,79274.41971383148,498636100.0,sum of states
2013,19-2099,20650.0,92124.22760290556,1902365300.0,sum of states
2013,19-3011,17180.0,100987.3282887078,1734962300.0,sum of states
2013,19-3022,16090.0,52654.81665630826,847216000.0,sum of states
2013,19-3031,104820.0,72606.66094256821,7610630200.0,sum of states
2013,19-3032,720.0,86388.61111111111,62199800.0,sum of states
2013,19-3039,10860.0,87865.23020257827,954216400.0,sum of states
2013,19-3041,2450.0,78514.24489795919,192359900.0,sum of states
2013,19-3051,35720.0,67828.81858902576,2422845400.0,sum of states
2013,19-3091,6050.0,60702.38016528926,367249400.0,sum of states
2013,19-3092,990.0,77728.48484848485,76951200.0,sum of states
2013,19-3093,2660.0,61078.23308270676,162468100.0,sum of states
2013,19-3094,5120.0,103540.25390625,530126100.0,sum of states
2013,19-3099,30470.0,80468.35904168033,2451870900.0,sum of states
2013,19-4010,18960.0,36963.101265822785,700820400.0,sum of states
2013,19-4021,71320.0,43708.90773976444,3117319300.0,sum of states
2013,19-4031,64650.0,46442.19953596288,3002488200.0,sum of states
2013,19-4040,14230.0,58840.19676739283,837296000.0,sum of states
2013,19-4051,4590.0,72635.83877995642,333398500.0,sum of states
2013,19-4061,25000.0,41461.656,1036541400.0,sum of states
2013,19-4092,12940.0,57673.114374034005,746290100.0,sum of states
2013,19-4099,62520.0,47004.32981445937,2938710700.0,sum of states
2013,21-1012,243380.0,56036.24537759882,13638101400.0,sum of states
2013,21-1013,28570.0,51904.749737486876,1482918700.0,sum of states
2013,21-1015,103560.0,37650.18926226342,3899053600.0,sum of states
2013,21-1019,27880.0,46115.025107604015,1285686900.0,sum of states
2013,21-1021,280840.0,45848.37131462755,12876056600.0,sum of states
2013,21-1022,142560.0,52396.56004489338,7469653600.0,sum of states
2013,21-1023,106500.0,44646.354929577465,4754836800.0,sum of states
2013,21-1029,63290.0,55624.66740401327,3520485200.0,sum of states
2013,21-1091,57270.0,53551.07735288982,3066870200.0,sum of states
2013,21-1092,85700.0,52872.59043173862,4531181000.0,sum of states
2013,21-1093,360400.0,31144.144006659266,11224349500.0,sum of states
2013,21-1094,46130.0,37586.90873618036,1733884100.0,sum of states
2013,21-1099,94170.0,42470.07114792397,3999406600.0,sum of states
2013,21-2011,45290.0,47441.6869066019,2148634000.0,sum of states
2013,21-2021,17530.0,43666.9766115231,765482100.0,sum of states
2013,21-2099,7060.0,33043.90934844193,233290000.0,sum of states
2013,23-1011,595820.0,131654.07807727167,78442132800.0,sum of states
2013,23-1012,10390.0,54132.656400384985,562438300.0,sum of states
2013,23-1021,13900.0,88700.5035971223,1232937000.0,sum of states
2013,23-1022,4310.0,65241.508120649654,281190900.0,sum of states
2013,23-1023,25670.0,106068.43007401636,2722776600.0,sum of states
2013,23-2011,272060.0,51138.13313239726,13912640500.0,sum of states
2013,23-2093,52090.0,47555.59608370128,2477171000.0,sum of states
2013,23-2099,44940.0,61817.89942145082,2778096400.0,sum of states
2013,25-1011,86130.0,88708.51735748288,7640464600.0,sum of states
2013,25-1021,35320.0,80809.79898074745,2854202100.0,sum of states
2013,25-1022,54110.0,74145.36314914064,4012005600.0,sum of states
2013,25-1031,5930.0,80605.16020236087,477988600.0,sum of states
2013,25-1032,34170.0,102721.15305823823,3509981800.0,sum of states
2013,25-1041,7630.0,87220.35386631716,665491300.0,sum of states
2013,25-1042,50160.0,87036.1961722488,4365735600.0,sum of states
2013,25-1043,1570.0,82281.71974522293,129182300.0,sum of states
2013,25-1051,9810.0,91157.7879714577,894257900.0,sum of states
2013,25-1052,20790.0,83227.4987974988,1730299700.0,sum of states
2013,25-1053,4340.0,86728.27188940092,376400700.0,sum of states
2013,25-1054,12340.0,89289.49756888169,1101832400.0,sum of states
2013,25-1061,5540.0,83717.58122743682,463795400.0,sum of states
2013,25-1062,8320.0,78601.98317307692,653968500.0,sum of states
2013,25-1063,13330.0,100603.00075018755,1341038000.0,sum of states
2013,25-1064,3970.0,73697.32997481109,292578400.0,sum of states
2013,25-1065,17550.0,84205.26495726495,1477802400.0,sum of states
2013,25-1066,37730.0,75562.42777630533,2850970400.0,sum of states
2013,25-1067,17260.0,74275.3012746234,1281991700.0,sum of states
2013,25-1069,10520.0,79655.86501901141,837979700.0,sum of states
2013,25-1071,144630.0,105687.92366728894,15285644400.0,sum of states
2013,25-1072,56980.0,70027.33415233415,3990157500.0,sum of states
2013,25-1081,63330.0,65434.04863413864,4143938300.0,sum of states
2013,25-1082,4150.0,73001.7108433735,302957100.0,sum of states
2013,25-1111,14520.0,61701.46694214876,895905300.0,sum of states
2013,25-1112,13360.0,118571.16017964072,1584110700.0,sum of states
2013,25-1113,10400.0,71218.35576923077,740670900.0,sum of states
2013,25-1121,92820.0,72540.20469726351,6733181800.0,sum of states
2013,25-1122,29700.0,69717.32323232324,2070604500.0,sum of states
2013,25-1123,75500.0,68312.13774834436,5157566400.0,sum of states
2013,25-1124,30150.0,66120.74626865672,1993540500.0,sum of states
2013,25-1125,23690.0,74065.96454200085,1754622700.0,sum of states
2013,25-1126,23130.0,72176.63640293991,1669445600.0,sum of states
2013,25-1192,3590.0,67122.39554317549,240969400.0,sum of states
2013,25-1193,18620.0,64063.96885069818,1192871100.0,sum of states
2013,25-1194,123740.0,52244.762405042835,6464766900.0,sum of states
2013,25-1199,143660.0,67537.67576221634,9702462500.0,sum of states
2013,25-2011,356460.0,31346.104471749986,11173632400.0,sum of states
2013,25-2012,157680.0,52819.906773211565,8328642900.0,sum of states
2013,25-2021,1338090.0,55893.070197071946,74789958300.0,sum of states
2013,25-2022,623430.0,56574.59666682707,35270300800.0,sum of states
2013,25-2023,17200.0,56511.348837209305,971995200.0,sum of states
2013,25-2031,960750.0,57883.42409575852,55611499700.0,sum of states
2013,25-2032,86100.0,56828.23577235772,4892911100.0,sum of states
2013,25-2051,23680.0,56531.32601351351,1338661800.0,sum of states
2013,25-2052,198360.0,56686.55575720911,11244345200.0,sum of states
2013,25-2059,41590.0,52747.76148112527,2193779400.0,sum of states
2013,25-3011,70100.0,53782.623395149785,3770161900.0,sum of states
2013,25-3021,187550.0,40656.34017595308,7625096600.0,sum of states
2013,25-3099,278400.0,48171.72880747126,13411009300.0,sum of states
2013,25-4011,5300.0,53059.22641509434,281213900.0,sum of states
2013,25-4012,10780.0,55698.35807050093,600428300.0,sum of states
2013,25-4013,9730.0,44446.844809866394,432467800.0,sum of states
2013,25-4022,138370.0,57238.34501698345,7920069800.0,sum of states
2013,25-4031,96810.0,32906.44664807354,3185673100.0,sum of states
2013,25-9021,8390.0,47657.46126340882,399846100.0,sum of states
2013,25-9031,135110.0,62810.71349270964,8486355500.0,sum of states
2013,25-9040,1198880.0,25526.554617643134,30603275800.0,sum of states
2013,25-9099,103360.0,41142.29005417957,4252467100.0,sum of states
2013,27-1011,31840.0,96877.50314070351,3084579700.0,sum of states
2013,27-1012,4340.0,36479.42396313364,158320700.0,sum of states
2013,27-1013,11040.0,51389.71920289855,567342500.0,sum of states
2013,27-1014,28820.0,71173.86190145732,2051230700.0,sum of states
2013,27-1019,6130.0,60081.0603588907,368296900.0,sum of states
2013,27-1021,28490.0,64537.83432783433,1838682900.0,sum of states
2013,27-1022,16130.0,74201.25852448853,1196866300.0,sum of states
2013,27-1023,46600.0,26081.871244635193,1215415200.0,sum of states
2013,27-1024,195220.0,49518.818256326194,9667063700.0,sum of states
2013,27-1025,43380.0,53968.76440756109,2341165000.0,sum of states
2013,27-1026,70270.0,29843.308666571793,2097089300.0,sum of states
2013,27-1027,9240.0,54178.07359307359,500605400.0,sum of states
2013,27-1029,6710.0,53442.72727272727,358600700.0,sum of states
2013,27-2012,91500.0,90500.59016393442,8280804000.0,sum of states
2013,27-2021,12070.0,70848.96437448218,855147000.0,sum of states
2013,27-2022,206360.0,37586.962589649156,7756445600.0,sum of states
2013,27-2023,14870.0,32949.2400806994,489955200.0,sum of states
2013,27-2032,4640.0,50910.06465517241,236222700.0,sum of states
2013,27-2041,22620.0,54129.544650751544,1224410300.0,sum of states
2013,27-3011,29660.0,41210.17869184086,1222293900.0,sum of states
2013,27-3031,202470.0,62811.9859732306,12717542800.0,sum of states
2013,27-3041,99130.0,62759.928376878845,6221391700.0,sum of states
2013,27-3042,47290.0,70277.05223091562,3323401800.0,sum of states
2013,27-3043,43350.0,69169.67243367936,2998505300.0,sum of states
2013,27-3091,47430.0,46722.38034998946,2216042500.0,sum of states
2013,27-3099,25800.0,52723.94573643411,1360277800.0,sum of states
2013,27-4011,56960.0,45642.89150280899,2599819100.0,sum of states
2013,27-4012,26540.0,42002.58477769405,1114748600.0,sum of states
2013,27-4014,13150.0,56875.467680608366,747912400.0,sum of states
2013,27-4021,55060.0,37168.09662186705,2046475400.0,sum of states
2013,27-4031,16840.0,52444.56057007126,883166400.0,sum of states
2013,27-4032,21270.0,69802.04983544898,1484689600.0,sum of states
2013,27-4099,15690.0,66880.15296367113,1049349600.0,sum of states
2013,29-1011,28720.0,78432.78551532033,2252589600.0,sum of states
2013,29-1021,95990.0,164574.94634857797,15797549100.0,sum of states
2013,29-1022,3600.0,210258.69444444444,756931300.0,sum of states
2013,29-1023,4610.0,192786.2255965293,888744500.0,sum of states
2013,29-1029,4440.0,171795.15765765766,762770500.0,sum of states
2013,29-1031,60200.0,56054.40697674418,3374475300.0,sum of states
2013,29-1041,32170.0,111336.24805719615,3581687100.0,sum of states
2013,29-1051,289530.0,116227.66656305046,33651396300.0,sum of states
2013,29-1071,88090.0,94350.653876717,8311349100.0,sum of states
2013,29-1081,8390.0,134329.42789034566,1127023900.0,sum of states
2013,29-1122,108670.0,77806.25563633017,8455205800.0,sum of states
2013,29-1123,196240.0,82053.73114553608,16102224200.0,sum of states
2013,29-1124,16540.0,81700.48367593712,1351326000.0,sum of states
2013,29-1125,18690.0,45440.775815944355,849288100.0,sum of states
2013,29-1126,119200.0,57714.88087248322,6879613800.0,sum of states
2013,29-1127,125140.0,73952.96068403388,9254473500.0,sum of states
2013,29-1128,5090.0,49106.30648330059,249951100.0,sum of states
2013,29-1129,10590.0,58712.62511803588,621766700.0,sum of states
2013,29-1131,59260.0,96132.10428619642,5696788500.0,sum of states
2013,29-1141,2681580.0,68650.6894815743,184092315900.0,sum of states
2013,29-1151,33640.0,156366.39417360286,5260165500.0,sum of states
2013,29-1161,5110.0,92921.87866927593,474830800.0,sum of states
2013,29-1171,114590.0,94280.50091631032,10803602600.0,sum of states
2013,29-1181,11420.0,74373.47635726795,849345100.0,sum of states
2013,29-1292,192460.0,71506.91676192456,13762221200.0,sum of states
2013,29-2031,51370.0,53800.239439361496,2763718300.0,sum of states
2013,29-2032,58520.0,66960.68523581681,3918539300.0,sum of states
2013,29-2033,20150.0,71672.66501240694,1444204200.0,sum of states
2013,29-2034,195310.0,56563.690543238954,11047454400.0,sum of states
2013,29-2035,32070.0,65768.51574680387,2109196300.0,sum of states
2013,29-2051,26480.0,28564.856495468277,756397400.0,sum of states
2013,29-2052,366410.0,30740.383450233345,11263583900.0,sum of states
2013,29-2053,63950.0,33019.39483971853,2111590300.0,sum of states
2013,29-2055,98750.0,44221.20607594937,4366844100.0,sum of states
2013,29-2056,87860.0,31759.58229000683,2790396900.0,sum of states
2013,29-2057,34160.0,36088.937353629975,1232798100.0,sum of states
2013,29-2061,709580.0,42784.820316243415,30359252800.0,sum of states
2013,29-2072,181570.0,37483.44825687063,6805869700.0,sum of states
2013,29-2081,68940.0,35605.90078328982,2454670800.0,sum of states
2013,29-2091,7910.0,70300.49304677623,556076900.0,sum of states
2013,29-2092,4310.0,46811.97215777262,201759600.0,sum of states
2013,29-2099,89370.0,44895.50744097572,4012311500.0,sum of states
2013,29-9091,22330.0,44725.741155396325,998725800.0,sum of states
2013,29-9092,1610.0,61764.72049689441,99441200.0,sum of states
2013,29-9099,44100.0,55206.4716553288,2434605400.0,sum of states
2013,31-1122,1116020.0,20942.76267450404,23372542000.0,sum of states
2013,31-2011,30440.0,55251.1629434954,1681845400.0,sum of states
2013,31-2012,7490.0,29454.659546061415,220615400.0,sum of states
2013,31-2021,73100.0,53108.60875512996,3882239300.0,sum of states
2013,31-2022,48680.0,25991.807723911257,1265281200.0,sum of states
2013,31-9011,73640.0,40334.231395980445,2970212800.0,sum of states
2013,31-9091,312150.0,35490.57952907256,11078384400.0,sum of states
2013,31-9092,572400.0,30781.99860237596,17619616000.0,sum of states
2013,31-9093,51480.0,33279.45221445221,1713226200.0,sum of states
2013,31-9094,68510.0,35235.42840461247,2413979200.0,sum of states
2013,31-9095,42540.0,24160.850963798777,1027802600.0,sum of states
2013,31-9096,71920.0,25075.175194660733,1803406600.0,sum of states
2013,31-9097,108710.0,31360.780057032473,3409230400.0,sum of states
2013,31-9099,99530.0,34889.108811413644,3472513000.0,sum of states
2013,33-1011,44620.0,61536.42536978933,2745755300.0,sum of states
2013,33-1012,99630.0,79398.88387032019,7910510800.0,sum of states
2013,33-1021,59740.0,72472.47740207566,4329505800.0,sum of states
2013,33-2011,302230.0,48051.71161036297,14522668800.0,sum of states
2013,33-2021,11320.0,58058.19787985866,657218800.0,sum of states
2013,33-2022,1040.0,40459.807692307695,42078200.0,sum of states
2013,33-3011,17060.0,39891.38335287222,680547000.0,sum of states
2013,33-3012,436250.0,44157.65776504298,19263778200.0,sum of states
2013,33-3021,110690.0,78942.81597253591,8738180300.0,sum of states
2013,33-3031,5440.0,51605.955882352944,280736400.0,sum of states
2013,33-3051,653540.0,57923.93212351195,37855606600.0,sum of states
2013,33-3052,2510.0,58800.95617529881,147590400.0,sum of states
2013,33-9011,13510.0,33892.67209474463,457890000.0,sum of states
2013,33-9021,20850.0,50988.570743405275,1063111700.0,sum of states
2013,33-9031,8980.0,31613.6859688196,283890900.0,sum of states
2013,33-9032,1098030.0,27262.75857672377,29935326800.0,sum of states
2013,33-9092,130820.0,20892.39795138358,2733143500.0,sum of states
2013,33-9093,40370.0,37481.354966559324,1513122300.0,sum of states
2013,33-9099,97020.0,33404.65161822305,3240919300.0,sum of states
2013,35-1011,108510.0,46495.85660307806,5045265400.0,sum of states
2013,35-1012,850160.0,31901.31234120636,27121219700.0,sum of states
2013,35-2011,494530.0,18877.157705295936,9335320800.0,sum of states
2013,35-2012,404390.0,24598.91243601474,9947554200.0,sum of states
2013,35-2013,120.0,25340.0,3040800.0,sum of states
2013,35-2014,1064750.0,23405.667715426156,24921184700.0,sum of states
2013,35-2015,165130.0,21188.95294616363,3498931800.0,sum of states
2013,35-2019,20560.0,26184.839494163425,538360300.0,sum of states
2013,35-2021,837410.0,21062.580098159804,17638015200.0,sum of states
2013,35-3031,2415210.0,20866.62816069824,50397289000.0,sum of states
2013,35-3041,241440.0,22474.435056328693,5426227600.0,sum of states
2013,35-9011,410290.0,19935.539740183773,8179352600.0,sum of states
2013,35-9021,501060.0,19175.686744102502,9608169600.0,sum of states
2013,35-9031,363270.0,19654.102182949322,7139745700.0,sum of states
2013,35-9099,37240.0,23334.970461868957,868994300.0,sum of states
2013,37-1011,171620.0,38238.684885211514,6562523100.0,sum of states
2013,37-1012,100630.0,45383.01202424724,4566892500.0,sum of states
2013,37-2011,2134840.0,25034.500618313315,53444653300.0,sum of states
2013,37-2012,922250.0,22106.87102195717,20388061800.0,sum of states
2013,37-2019,9550.0,29904.879581151832,285591600.0,sum of states
2013,37-2021,64870.0,32413.722830275936,2102678200.0,sum of states
2013,37-3011,848910.0,26218.311010590052,22256986400.0,sum of states
2013,37-3012,22650.0,32710.450331125827,740891700.0,sum of states
2013,37-3013,40080.0,34384.27145708583,1378121600.0,sum of states
2013,37-3019,17240.0,31549.089327146172,543906300.0,sum of states
2013,39-2011,10030.0,30988.52442671984,310814900.0,sum of states
2013,39-2021,154550.0,22508.49627952119,3478688100.0,sum of states
2013,39-3011,87030.0,20943.663104676547,1822727000.0,sum of states
2013,39-3012,11490.0,25371.488250652743,291518400.0,sum of states
2013,39-3019,11930.0,26866.848281642917,320521500.0,sum of states
2013,39-3021,7360.0,22496.290760869564,165572700.0,sum of states
2013,39-3031,104010.0,20427.53773675608,2124668200.0,sum of states
2013,39-3091,261300.0,20300.46230386529,5304510800.0,sum of states
2013,39-3092,5360.0,49573.30223880597,265712900.0,sum of states
2013,39-3093,17970.0,22554.479688369505,405304000.0,sum of states
2013,39-3099,8020.0,26792.443890274313,214875400.0,sum of states
2013,39-4011,3810.0,42344.8031496063,161333700.0,sum of states
2013,39-4021,33270.0,24142.38352870454,803217100.0,sum of states
2013,39-4031,24160.0,51684.375,1248694500.0,sum of states
2013,39-5011,8850.0,27125.344632768363,240059300.0,sum of states
2013,39-5012,353030.0,27511.741778319123,9712470200.0,sum of states
2013,39-5091,1680.0,77407.97619047618,130045400.0,sum of states
2013,39-5092,70130.0,21802.05760730073,1528978300.0,sum of states
2013,39-5093,14920.0,18913.806970509384,282194000.0,sum of states
2013,39-5094,30590.0,32573.546910755147,996424800.0,sum of states
2013,39-6011,44190.0,23620.570264765785,1043793000.0,sum of states
2013,39-6012,30430.0,29844.350969438055,908163600.0,sum of states
2013,39-9011,599060.0,21472.32848128735,12863213100.0,sum of states
2013,39-9031,238180.0,37789.63640943824,9000735600.0,sum of states
2013,39-9032,313610.0,25394.745065527248,7964046000.0,sum of states
2013,39-9041,83990.0,26890.595308965352,2258541100.0,sum of states
2013,39-9099,58540.0,23624.5490263068,1382981100.0,sum of states
2013,41-1011,1226890.0,41311.54936465372,50684726800.0,sum of states
2013,41-1012,247180.0,82668.61639291205,20434028600.0,sum of states
2013,41-2011,3376210.0,20393.24082329002,68851863600.0,sum of states
2013,41-2012,18410.0,25106.996197718632,462219800.0,sum of states
2013,41-2021,432610.0,27100.66780703174,11724019900.0,sum of states
2013,41-2022,222980.0,32199.333572517713,7179807400.0,sum of states
2013,41-2031,4531900.0,25309.737924490833,114701201300.0,sum of states
2013,41-3011,148890.0,57330.08462623413,8535876300.0,sum of states
2013,41-3021,344210.0,63505.58815839168,21859258500.0,sum of states
2013,41-3031,320600.0,102703.99688084841,32926901400.0,sum of states
2013,41-3041,63950.0,37257.446442533226,2382613700.0,sum of states
2013,41-3091,763340.0,61349.16668850054,46830272900.0,sum of states
2013,41-4011,350510.0,85545.9815697127,29984722000.0,sum of states
2013,41-4012,1411880.0,64480.92033317279,91039321800.0,sum of states
2013,41-9011,48640.0,28945.581825657893,1407913100.0,sum of states
2013,41-9012,1570.0,35173.50318471337,55222400.0,sum of states
2013,41-9021,33940.0,81686.11667648792,2772426800.0,sum of states
2013,41-9022,158770.0,53103.118977136735,8431182200.0,sum of states
2013,41-9031,65220.0,101700.16865992027,6632885000.0,sum of states
2013,41-9041,221610.0,25744.442489057354,5705225900.0,sum of states
2013,41-9091,2610.0,27548.16091954023,71900700.0,sum of states
2013,41-9099,104220.0,34575.76280944156,3603486000.0,sum of states
2013,43-1011,1382300.0,53477.81017145338,73922377000.0,sum of states
2013,43-2011,119430.0,27178.96089759692,3245983300.0,sum of states
2013,43-2021,9060.0,34677.71523178808,314180100.0,sum of states
2013,43-2099,1700.0,43287.294117647056,73588400.0,sum of states
2013,43-3011,370710.0,34532.3824552885,12801499500.0,sum of states
2013,43-3021,498210.0,34820.96224483651,17348151600.0,sum of states
2013,43-3031,1595780.0,37163.96633621176,59305514200.0,sum of states
2013,43-3041,16670.0,26201.541691661667,436779700.0,sum of states
2013,43-3051,171600.0,39748.79079254079,6820892500.0,sum of states
2013,43-3061,69240.0,38829.98844598498,2688588400.0,sum of states
2013,43-3071,531630.0,26201.82815115776,13929677900.0,sum of states
2013,43-3099,40240.0,40474.79373757455,1628705700.0,sum of states
2013,43-4011,57750.0,47920.95064935065,2767434900.0,sum of states
2013,43-4021,7430.0,35701.332436069984,265260900.0,sum of states
2013,43-4031,127120.0,36852.304122089365,4684664900.0,sum of states
2013,43-4041,43970.0,35342.89288151012,1554027000.0,sum of states
2013,43-4051,2404270.0,33301.984011779045,80066961100.0,sum of states
2013,43-4061,125070.0,41828.144239226036,5231446000.0,sum of states
2013,43-4071,153700.0,28641.61613532856,4402216400.0,sum of states
2013,43-4081,236110.0,21993.0015670662,5192767600.0,sum of states
2013,43-4111,193270.0,31615.756713406117,6110377300.0,sum of states
2013,43-4121,102120.0,25838.538973756364,2638631600.0,sum of states
2013,43-4131,214930.0,36832.49104359559,7916407300.0,sum of states
2013,43-4141,57540.0,33798.03093500174,1944738700.0,sum of states
2013,43-4151,200520.0,31863.669459405544,6389303000.0,sum of states
2013,43-4161,138090.0,38413.796075023536,5304561100.0,sum of states
2013,43-4171,978190.0,27405.717703104714,26807999000.0,sum of states
2013,43-4181,129580.0,34599.395740083346,4483389700.0,sum of states
2013,43-4199,181790.0,37465.602068320586,6810871800.0,sum of states
2013,43-5011,73390.0,43240.9592587546,3173454000.0,sum of states
2013,43-5021,76840.0,27510.704060385215,2113922500.0,sum of states
2013,43-5031,97150.0,38902.18116314977,3779346900.0,sum of states
2013,43-5032,186350.0,39030.5940434666,7273351200.0,sum of states
2013,43-5041,36040.0,39512.15593784684,1424018100.0,sum of states
2013,43-5051,72620.0,47599.45469567612,3456672400.0,sum of states
2013,43-5052,308640.0,50891.70619491965,15707216200.0,sum of states
2013,43-5053,122130.0,48033.69360517481,5866355000.0,sum of states
2013,43-5061,283720.0,46318.5549132948,13141500400.0,sum of states
2013,43-5071,680760.0,31018.726276514484,21116308100.0,sum of states
2013,43-5111,70230.0,30315.16588352556,2129034100.0,sum of states
2013,43-6011,766290.0,51568.76678542067,39516630300.0,sum of states
2013,43-6012,225070.0,44656.54329764073,10050848200.0,sum of states
2013,43-6013,519610.0,32976.316853024386,17134824000.0,sum of states
2013,43-6014,2184340.0,33858.62841865278,73958756400.0,sum of states
2013,43-9021,210850.0,29540.938107659473,6228706800.0,sum of states
2013,43-9022,93260.0,36079.28372292515,3364754000.0,sum of states
2013,43-9031,13350.0,40186.95880149813,536495900.0,sum of states
2013,43-9041,230310.0,37880.88489427294,8724346600.0,sum of states
2013,43-9051,99260.0,28756.589764255492,2854379100.0,sum of states
2013,43-9061,2857340.0,29910.7925203161,85465303900.0,sum of states
2013,43-9071,67020.0,29678.458669054013,1989050300.0,sum of states
2013,43-9081,10140.0,34858.76725838264,353467900.0,sum of states
2013,43-9111,15070.0,41865.620437956204,630914900.0,sum of states
2013,43-9199,237250.0,33732.45015806112,8003023800.0,sum of states
2013,45-1011,18390.0,45931.18542686242,844674500.0,sum of states
2013,45-2011,12630.0,43471.868566904195,549049700.0,sum of states
2013,45-2021,660.0,42783.48484848485,28237100.0,sum of states
2013,45-2041,37730.0,21002.55234561357,792426300.0,sum of states
2013,45-2091,22790.0,27593.304080737165,628851400.0,sum of states
2013,45-2092,262720.0,20070.27938489647,5272863800.0,sum of states
2013,45-2093,30850.0,24697.458670988653,761916600.0,sum of states
2013,45-2099,4340.0,29391.497695852533,127559100.0,sum of states
2013,45-4011,5900.0,27890.542372881355,164554200.0,sum of states
2013,45-4021,4360.0,40979.15137614679,178669100.0,sum of states
2013,45-4022,24420.0,34702.24406224406,847428800.0,sum of states
2013,45-4023,2610.0,34055.095785440615,88883800.0,sum of states
2013,45-4029,1930.0,35501.39896373057,68517700.0,sum of states
2013,47-1011,471240.0,63572.03250997369,29957684600.0,sum of states
2013,47-2011,14520.0,57615.20661157025,836572800.0,sum of states
2013,47-2021,59050.0,50560.59610499577,2985603200.0,sum of states
2013,47-2022,8360.0,40950.07177033493,342342600.0,sum of states
2013,47-2031,585660.0,44782.89707338729,26227551500.0,sum of states
2013,47-2041,22940.0,40183.8491717524,921817500.0,sum of states
2013,47-2042,8400.0,40123.57142857143,337038000.0,sum of states
2013,47-2043,2900.0,37584.89655172414,108996200.0,sum of states
2013,47-2044,28840.0,42686.20319001387,1231070100.0,sum of states
2013,47-2051,143490.0,40409.04174506934,5798293400.0,sum of states
2013,47-2053,2220.0,43485.72072072072,96538300.0,sum of states
2013,47-2071,55520.0,41637.12716138329,2311693300.0,sum of states
2013,47-2072,2490.0,52328.273092369476,130297400.0,sum of states
2013,47-2073,343250.0,46915.87472687545,16103874000.0,sum of states
2013,47-2081,79780.0,43084.42592128353,3437275500.0,sum of states
2013,47-2082,15290.0,49355.232177894046,754641500.0,sum of states
2013,47-2111,544950.0,53467.88696210662,29137325000.0,sum of states
2013,47-2121,43200.0,42719.63425925926,1845488200.0,sum of states
2013,47-2131,22970.0,36576.68262951676,840166400.0,sum of states
2013,47-2132,26240.0,47147.907774390245,1237161100.0,sum of states
2013,47-2141,193940.0,39198.326802103744,7602123500.0,sum of states
2013,47-2142,1780.0,40345.56179775281,71815100.0,sum of states
2013,47-2151,41320.0,40013.28412391094,1653348900.0,sum of states
2013,47-2152,351170.0,53706.859071105166,18860237700.0,sum of states
2013,47-2161,19340.0,41940.69803516029,811133100.0,sum of states
2013,47-2171,16560.0,53756.141304347824,890201700.0,sum of states
2013,47-2181,99350.0,38731.839959738296,3848008300.0,sum of states
2013,47-2211,134320.0,47414.6523228112,6368736100.0,sum of states
2013,47-2221,57940.0,51110.06040731791,2961316900.0,sum of states
2013,47-2231,2410.0,41501.41078838174,100018400.0,sum of states
2013,47-3011,24160.0,30764.201158940396,743263100.0,sum of states
2013,47-3012,38320.0,27203.457724425887,1042436500.0,sum of states
2013,47-3013,65500.0,28663.52824427481,1877461100.0,sum of states
2013,47-3014,10940.0,26492.84277879342,289831700.0,sum of states
2013,47-3015,47140.0,28131.69070852779,1326127900.0,sum of states
2013,47-3016,12060.0,25831.724709784412,311530600.0,sum of states
2013,47-3019,19240.0,27969.334719334718,538130000.0,sum of states
2013,47-4011,88150.0,56266.723766307434,4959911700.0,sum of states
2013,47-4021,20470.0,76060.4934049829,1556958300.0,sum of states
2013,47-4031,18740.0,33091.478121664884,620134300.0,sum of states
2013,47-4041,38620.0,41938.314344899016,1619657700.0,sum of states
2013,47-4051,144030.0,36288.9717419982,5226700600.0,sum of states
2013,47-4061,13610.0,46076.70830271859,627104000.0,sum of states
2013,47-4071,23760.0,36704.06986531986,872088700.0,sum of states
2013,47-5011,22240.0,48915.80485611511,1087887500.0,sum of states
2013,47-5012,26850.0,61113.77281191806,1640904800.0,sum of states
2013,47-5013,58690.0,48243.971715794854,2831438700.0,sum of states
2013,47-5023,17370.0,46122.86701208981,801154200.0,sum of states
2013,47-5041,11780.0,50180.09337860781,591121500.0,sum of states
2013,47-5049,1750.0,47840.22857142857,83720400.0,sum of states
2013,47-5051,3490.0,33755.214899713465,117805700.0,sum of states
2013,47-5071,67740.0,36191.17360496014,2451590100.0,sum of states
2013,47-5081,22860.0,35154.12073490814,803623200.0,sum of states
2013,47-5099,5990.0,41507.762938230386,248631500.0,sum of states
2013,49-1011,431320.0,63348.626773625154,27323529700.0,sum of states
2013,49-2011,111310.0,38215.039080046714,4253716000.0,sum of states
2013,49-2021,14170.0,48036.400846859564,680675800.0,sum of states
2013,49-2022,209880.0,53978.210882408996,11328946900.0,sum of states
2013,49-2091,14290.0,54959.30020993702,785368400.0,sum of states
2013,49-2092,17290.0,40419.17871602082,698847600.0,sum of states
2013,49-2093,13530.0,54189.43089430894,733183000.0,sum of states
2013,49-2094,67730.0,54126.9717997933,3666019800.0,sum of states
2013,49-2095,22510.0,68029.12483340738,1531335600.0,sum of states
2013,49-2096,9840.0,33348.53658536585,328149600.0,sum of states
2013,49-2097,25940.0,37178.03777949113,964398300.0,sum of states
2013,49-2098,55670.0,43810.58200107778,2438935100.0,sum of states
2013,49-3011,110630.0,57657.95082708126,6378699100.0,sum of states
2013,49-3021,135370.0,42507.77277092414,5754277200.0,sum of states
2013,49-3022,13950.0,32808.47311827957,457678200.0,sum of states
2013,49-3023,608710.0,39340.26515089287,23946812800.0,sum of states
2013,49-3031,239560.0,44011.44055768909,10543380700.0,sum of states
2013,49-3041,34770.0,36377.342536669545,1264840200.0,sum of states
2013,49-3042,117250.0,47734.144136460556,5596828400.0,sum of states
2013,49-3043,17120.0,49583.31775700935,848866400.0,sum of states
2013,49-3051,18700.0,37785.33155080214,706585700.0,sum of states
2013,49-3052,14540.0,35358.576341127926,514113700.0,sum of states
2013,49-3053,28310.0,32146.054397739314,910054800.0,sum of states
2013,49-3091,8930.0,26385.442329227324,235622000.0,sum of states
2013,49-3092,10440.0,36886.791187739465,385098100.0,sum of states
2013,49-3093,100390.0,25482.75724673772,2558214000.0,sum of states
2013,49-9011,15590.0,38943.553559974345,607130000.0,sum of states
2013,49-9012,40930.0,53921.21671145859,2206995400.0,sum of states
2013,49-9021,253160.0,45981.33709906779,11640635300.0,sum of states
2013,49-9031,32780.0,37181.34533251983,1218804500.0,sum of states
2013,49-9041,310240.0,49377.62248581743,15318913600.0,sum of states
2013,49-9043,89570.0,42962.84581891258,3848182100.0,sum of states
2013,49-9044,38190.0,51049.30086410055,1949572800.0,sum of states
2013,49-9045,1370.0,42892.48175182482,58762700.0,sum of states
2013,49-9051,112310.0,63138.968034903395,7091137500.0,sum of states
2013,49-9052,122000.0,52479.07540983606,6402447200.0,sum of states
2013,49-9061,2280.0,40846.18421052631,93129300.0,sum of states
2013,49-9062,40260.0,47013.181818181816,1892750700.0,sum of states
2013,49-9063,5790.0,34718.13471502591,201018000.0,sum of states
2013,49-9064,1980.0,40123.38383838384,79444300.0,sum of states
2013,49-9069,10640.0,51604.38909774436,549070700.0,sum of states
2013,49-9071,1257260.0,37614.73863799055,47291506300.0,sum of states
2013,49-9081,2830.0,51492.29681978799,145723200.0,sum of states
2013,49-9091,33000.0,32843.17272727273,1083824700.0,sum of states
2013,49-9092,2680.0,54006.977611940296,144738700.0,sum of states
2013,49-9094,17170.0,39838.08969132207,684020000.0,sum of states
2013,49-9095,1840.0,29685.217391304348,54620800.0,sum of states
2013,49-9096,15850.0,44070.176656151416,698512300.0,sum of states
2013,49-9097,4730.0,52837.37843551797,249920800.0,sum of states
2013,49-9098,129470.0,27069.860199273964,3504734800.0,sum of states
2013,49-9099,136800.0,39634.64400584796,5422019300.0,sum of states
2013,51-1011,584940.0,58016.09669367798,33935935600.0,sum of states
2013,51-2011,36630.0,49875.62107562108,1826944000.0,sum of states
2013,51-2021,14270.0,32387.79957953749,462173900.0,sum of states
2013,51-2031,35670.0,38705.16961031679,1380613400.0,sum of states
2013,51-2041,77450.0,37723.947062621046,2921719700.0,sum of states
2013,51-3011,167550.0,25019.8304983587,4192072600.0,sum of states
2013,51-3021,141110.0,29787.805966976117,4203357300.0,sum of states
2013,51-3022,159320.0,23789.561260356517,3790152900.0,sum of states
2013,51-3023,79240.0,25449.175921251892,2016592700.0,sum of states
2013,51-3091,17280.0,29708.292824074073,513359300.0,sum of states
2013,51-3092,107120.0,28295.675877520538,3031032800.0,sum of states
2013,51-3093,33260.0,28348.364401683702,942866600.0,sum of states
2013,51-3099,41200.0,25145.308252427185,1035986700.0,sum of states
2013,51-4021,72740.0,33163.5771240033,2412318600.0,sum of states
2013,51-4022,22460.0,35105.97951914515,788480300.0,sum of states
2013,51-4023,31930.0,37714.92953335421,1204237700.0,sum of states
2013,51-4031,187920.0,31463.366858237547,5912595900.0,sum of states
2013,51-4032,19590.0,36471.06176620725,714468100.0,sum of states
2013,51-4033,70830.0,33852.10504023719,2397744600.0,sum of states
2013,51-4034,41560.0,36877.50721847931,1532629200.0,sum of states
2013,51-4035,23070.0,37024.76376246207,854161300.0,sum of states
2013,51-4041,392240.0,40963.11824393229,16067373500.0,sum of states
2013,51-4051,19770.0,40426.155791603436,799225100.0,sum of states
2013,51-4052,9620.0,35776.112266112264,344166200.0,sum of states
2013,51-4061,5740.0,48135.94076655052,276300300.0,sum of states
2013,51-4062,3620.0,41841.62983425414,151466700.0,sum of states
2013,51-4071,11850.0,31305.772151898735,370973400.0,sum of states
2013,51-4072,126040.0,30232.389717549984,3810490400.0,sum of states
2013,51-4081,92780.0,35016.647984479416,3248844600.0,sum of states
2013,51-4111,77340.0,49223.72510990432,3806962900.0,sum of states
2013,51-4121,353790.0,39052.89437236779,13816523500.0,sum of states
2013,51-4122,50800.0,35788.694881889765,1818065700.0,sum of states
2013,51-4191,21270.0,35808.62247296662,761649400.0,sum of states
2013,51-4192,10970.0,43759.781221513214,480044800.0,sum of states
2013,51-4193,35320.0,32107.327293318234,1134030800.0,sum of states
2013,51-4194,11170.0,36086.347358997315,403084500.0,sum of states
2013,51-4199,18940.0,35408.74340021119,670641600.0,sum of states
2013,51-5111,38170.0,39069.71181556196,1491290900.0,sum of states
2013,51-5112,167660.0,36301.53286412979,6086315000.0,sum of states
2013,51-5113,51740.0,31272.771550057983,1618053200.0,sum of states
2013,51-6011,198850.0,21729.390495348252,4320889300.0,sum of states
2013,51-6021,50900.0,20861.102161100196,1061830100.0,sum of states
2013,51-6041,4900.0,26064.632653061224,127716700.0,sum of states
2013,51-6042,1920.0,23156.40625,44460300.0,sum of states
2013,51-6051,4420.0,24723.846153846152,109279400.0,sum of states
2013,51-6052,20480.0,29458.3056640625,603306100.0,sum of states
2013,51-6061,10860.0,25673.15837937385,278810500.0,sum of states
2013,51-6062,14290.0,26159.27921623513,373816100.0,sum of states
2013,51-6063,21580.0,27428.63299351251,591909900.0,sum of states
2013,51-6064,25050.0,25936.99001996008,649721600.0,sum of states
2013,51-6091,15300.0,32959.52287581699,504280700.0,sum of states
2013,51-6092,5530.0,46660.66907775769,258033500.0,sum of states
2013,51-6093,28570.0,32020.122506125306,914814900.0,sum of states
2013,51-6099,12770.0,28278.057948316367,361110800.0,sum of states
2013,51-7011,83270.0,32845.96253152396,2735083300.0,sum of states
2013,51-7021,14060.0,30116.465149359887,423437500.0,sum of states
2013,51-7031,580.0,34595.862068965514,20065600.0,sum of states
2013,51-7032,550.0,39303.09090909091,21616700.0,sum of states
2013,51-7041,42190.0,27995.795212135577,1181142600.0,sum of states
2013,51-7042,65950.0,28352.297194844577,1869834000.0,sum of states
2013,51-7099,5440.0,29685.091911764706,161486900.0,sum of states
2013,51-8011,2980.0,79414.4966442953,236655200.0,sum of states
2013,51-8012,9740.0,77058.29568788501,750547800.0,sum of states
2013,51-8013,38820.0,67317.25656877898,2613255900.0,sum of states
2013,51-8021,35450.0,56176.75881523272,1991466100.0,sum of states
2013,51-8031,109850.0,44985.25261720528,4941630000.0,sum of states
2013,51-8091,34070.0,54526.196066921046,1857707500.0,sum of states
2013,51-8092,13160.0,62949.14133738602,828410700.0,sum of states
2013,51-8093,38050.0,61580.44152431012,2343135800.0,sum of states
2013,51-8099,10800.0,53074.57407407407,573205400.0,sum of states
2013,51-9011,60530.0,48334.08557739964,2925662200.0,sum of states
2013,51-9012,40990.0,40559.914613320325,1662550900.0,sum of states
2013,51-9021,30000.0,33760.10333333333,1012803100.0,sum of states
2013,51-9022,31280.0,29330.856777493605,917469200.0,sum of states
2013,51-9023,119110.0,35435.2690790026,4220694900.0,sum of states
2013,51-9031,13570.0,27502.299189388355,373206200.0,sum of states
2013,51-9032,59110.0,32519.539840974456,1922230000.0,sum of states
2013,51-9041,69490.0,33323.82213268096,2315672400.0,sum of states
2013,51-9051,19710.0,37355.52004058853,736277300.0,sum of states
2013,51-9061,474390.0,37751.54261261831,17908954300.0,sum of states
2013,51-9071,22680.0,39977.26190476191,906684300.0,sum of states
2013,51-9081,36620.0,39708.577280174766,1454128100.0,sum of states
2013,51-9082,12210.0,38421.69533169533,469128900.0,sum of states
2013,51-9083,28790.0,30259.593608891977,871173700.0,sum of states
2013,51-9111,376610.0,28629.8693608773,10782295100.0,sum of states
2013,51-9123,15670.0,29937.677089980854,469123400.0,sum of states
2013,51-9141,18330.0,35893.46426623022,657927200.0,sum of states
2013,51-9151,36990.0,27375.22844011895,1012609700.0,sum of states
2013,51-9191,15870.0,31518.853182104598,500204200.0,sum of states
2013,51-9192,16310.0,28020.723482526057,457018000.0,sum of states
2013,51-9193,6750.0,29100.266666666666,196426800.0,sum of states
2013,51-9194,7970.0,30423.638644918443,242476400.0,sum of states
2013,51-9195,31810.0,31337.481923923293,996845300.0,sum of states
2013,51-9196,94130.0,35781.43631148412,3368106600.0,sum of states
2013,51-9197,13240.0,39173.33081570997,518654900.0,sum of states
2013,51-9198,428150.0,25049.69473315427,10725026800.0,sum of states
2013,51-9199,210440.0,30803.944117088005,6482382000.0,sum of states
2013,53-2011,51620.0,130075.88919023634,6714517400.0,sum of states
2013,53-2012,37170.0,80738.41000807102,3001046700.0,sum of states
2013,53-2021,21530.0,119290.89642359498,2568333000.0,sum of states
2013,53-2022,5750.0,51398.382608695654,295540700.0,sum of states
2013,53-2031,69800.0,44256.94699140401,3089134900.0,sum of states
2013,53-3011,17400.0,24847.735632183907,432350600.0,sum of states
2013,53-3031,399690.0,27853.04561034802,11132583800.0,sum of states
2013,53-3032,1594180.0,40819.86921175777,65074219100.0,sum of states
2013,53-3033,782890.0,33392.92659249703,26142988300.0,sum of states
2013,53-3099,62890.0,32071.373827317537,2016968700.0,sum of states
2013,53-4011,28200.0,54780.563829787236,1544811900.0,sum of states
2013,53-4013,2970.0,43404.84848484849,128912400.0,sum of states
2013,53-4031,34440.0,57734.57317073171,1988378700.0,sum of states
2013,53-4041,4280.0,54633.43457943925,233831100.0,sum of states
2013,53-4099,2380.0,63047.52100840336,150053100.0,sum of states
2013,53-5011,27250.0,40883.81651376147,1114084000.0,sum of states
2013,53-5021,29340.0,75029.26721199727,2201358700.0,sum of states
2013,53-5022,2530.0,34089.20948616601,86245700.0,sum of states
2013,53-5031,8970.0,76064.49275362318,682298500.0,sum of states
2013,53-6011,2830.0,44317.455830388695,125418400.0,sum of states
2013,53-6021,132040.0,21275.742956679795,2809249100.0,sum of states
2013,53-6030,113790.0,21930.827840759295,2495508900.0,sum of states
2013,53-6041,5640.0,44172.7304964539,249134200.0,sum of states
2013,53-6051,19210.0,68253.06090577824,1311141300.0,sum of states
2013,53-6061,19210.0,25720.59344091619,494092600.0,sum of states
2013,53-6099,29780.0,34438.31430490262,1025573000.0,sum of states
2013,53-7011,40530.0,33079.81495188749,1340724900.0,sum of states
2013,53-7031,1220.0,43017.86885245902,52481800.0,sum of states
2013,53-7041,2270.0,46289.603524229075,105077400.0,sum of states
2013,53-7051,507610.0,32591.561828963182,16543802700.0,sum of states
2013,53-7061,313100.0,22963.11370169275,7189750900.0,sum of states
2013,53-7062,2299480.0,26649.38120792527,61279719100.0,sum of states
2013,53-7063,105960.0,29451.677991694978,3120699800.0,sum of states
2013,53-7064,676030.0,22638.449181249354,15304270800.0,sum of states
2013,53-7065,1818150.0,24878.608530649286,45233042100.0,sum of states
2013,53-7071,3600.0,54867.02777777778,197521300.0,sum of states
2013,53-7072,12400.0,45545.16129032258,564760000.0,sum of states
2013,53-7073,12450.0,46256.208835341364,575889800.0,sum of states
2013,53-7081,118900.0,34906.89823380992,4150430200.0,sum of states
2013,53-7121,11160.0,45623.11827956989,509154000.0,sum of states
2013,53-7199,22270.0,38408.4059272564,855355200.0,sum of states
2014,11-1011,245520.0,180326.3436787227,44273723900.0,sum of states
2014,11-1021,2024670.0,116958.22929168704,236801818100.0,sum of states
2014,11-1031,51320.0,39672.80202650039,2036008200.0,sum of states
2014,11-2011,28670.0,115473.8855946983,3310636300.0,sum of states
2014,11-2021,185340.0,137131.62943779002,25415976200.0,sum of states
2014,11-2022,360840.0,125751.51867863873,45376178000.0,sum of states
2014,11-2030,57160.0,115228.04408677397,6586435000.0,sum of states
2014,11-3021,331410.0,136089.2435351981,45101336200.0,sum of states
2014,11-3031,521900.0,129818.4799770071,67752264700.0,sum of states
2014,11-3051,168260.0,101612.65065969333,17097344600.0,sum of states
2014,11-3061,69900.0,111992.2703862661,7828259700.0,sum of states
2014,11-3071,106800.0,93010.14419475655,9933483400.0,sum of states
2014,11-3111,16380.0,118619.31013431013,1942984300.0,sum of states
2014,11-3121,117750.0,113692.63864118895,13387308200.0,sum of states
2014,11-3131,29910.0,110949.59210966232,3318502300.0,sum of states
2014,11-9013,3670.0,72081.63487738419,264539600.0,sum of states
2014,11-9021,228440.0,94496.78296270355,21586845100.0,sum of states
2014,11-9031,47300.0,52150.437632135305,2466715700.0,sum of states
2014,11-9032,234070.0,91340.75703849275,21380131000.0,sum of states
2014,11-9033,132460.0,101399.7871055413,13431415800.0,sum of states
2014,11-9039,29530.0,85422.64815441924,2522530800.0,sum of states
2014,11-9041,175150.0,138430.35512417927,24246076700.0,sum of states
2014,11-9051,196740.0,53499.5176374911,10525495100.0,sum of states
2014,11-9070,3590.0,74410.38997214484,267133300.0,sum of states
2014,11-9081,30500.0,56640.33114754099,1727530100.0,sum of states
2014,11-9111,311370.0,103576.7569129974,32250694800.0,sum of states
2014,11-9121,50380.0,134701.9412465264,6786283800.0,sum of states
2014,11-9131,18040.0,67037.55543237251,1209357500.0,sum of states
2014,11-9141,171380.0,65859.3616524682,11286977400.0,sum of states
2014,11-9151,115280.0,67824.93754337265,7818858800.0,sum of states
2014,11-9171,8010.0,80465.49313358302,644528600.0,sum of states
2014,11-9199,348830.0,109511.57153914514,38200921500.0,sum of states
2014,13-1011,11250.0,97973.27111111111,1102199300.0,sum of states
2014,13-1021,10360.0,60853.44594594595,630441700.0,sum of states
2014,13-1022,108600.0,57666.67127071823,6262600500.0,sum of states
2014,13-1023,290760.0,64514.51334433897,18758239900.0,sum of states
2014,13-1031,268210.0,63323.36639200626,16983960100.0,sum of states
2014,13-1032,12290.0,64189.86981285598,788893500.0,sum of states
2014,13-1041,243460.0,67652.55935266573,16470692100.0,sum of states
2014,13-1051,209510.0,64286.31903011789,13468626700.0,sum of states
2014,13-1071,458840.0,62444.4638653997,28652017800.0,sum of states
2014,13-1074,560.0,59845.357142857145,33513400.0,sum of states
2014,13-1075,79950.0,59362.37398373984,4746021800.0,sum of states
2014,13-1111,588530.0,90785.52886004111,53430007300.0,sum of states
2014,13-1121,78430.0,50782.78209868673,3982893600.0,sum of states
2014,13-1131,55270.0,56830.3781436584,3141015000.0,sum of states
2014,13-1141,80050.0,64571.17676452218,5168922700.0,sum of states
2014,13-1151,231600.0,61529.727547495684,14250284900.0,sum of states
2014,13-1199,938670.0,72769.5474447889,68306591100.0,sum of states
2014,13-2011,1197720.0,73355.2139064222,87859006800.0,sum of states
2014,13-2020,60420.0,57037.06388613042,3446179400.0,sum of states
2014,13-2031,57130.0,73714.03990897952,4211283100.0,sum of states
2014,13-2041,65530.0,75144.32321074317,4924207500.0,sum of states
2014,13-2051,252690.0,92872.82322212988,23468033700.0,sum of states
2014,13-2052,183610.0,109700.4956157072,20142108000.0,sum of states
2014,13-2053,92440.0,70393.78299437473,6507201300.0,sum of states
2014,13-2061,34960.0,86690.93249427917,3030715000.0,sum of states
2014,13-2071,25320.0,47844.88941548183,1211432600.0,sum of states
2014,13-2072,302090.0,73479.19295574167,22197329400.0,sum of states
2014,13-2081,61320.0,56762.04337899543,3480648500.0,sum of states
2014,13-2082,68440.0,43754.87872589129,2994583900.0,sum of states
2014,13-2099,131570.0,71454.41362012617,9401257200.0,sum of states
2014,15-1211,529440.0,87242.18060592323,46189500100.0,sum of states
2014,15-1212,80400.0,91474.31094527364,7354534600.0,sum of states
2014,15-1221,21770.0,112605.68672485072,2451425800.0,sum of states
2014,15-1241,140390.0,100590.362561436,14121881000.0,sum of states
2014,15-1244,366290.0,79693.09208550602,29190782700.0,sum of states
2014,15-1299,212900.0,85471.62376702677,18196908700.0,sum of states
2014,15-2011,19280.0,109366.61307053942,2108588300.0,sum of states
2014,15-2021,2410.0,106624.73029045643,256965600.0,sum of states
2014,15-2031,87000.0,82926.95747126437,7214645300.0,sum of states
2014,15-2041,26630.0,83292.28313931655,2218073500.0,sum of states
2014,15-2099,670.0,78658.20895522388,52701000.0,sum of states
2014,17-1011,87090.0,80134.96383052015,6978954000.0,sum of states
2014,17-1012,16930.0,68956.91080921442,1167440500.0,sum of states
2014,17-1021,11350.0,64743.01321585903,734833200.0,sum of states
2014,17-1022,42010.0,60193.08021899548,2528711300.0,sum of states
2014,17-2011,64510.0,107973.91102154704,6965397000.0,sum of states
2014,17-2021,1630.0,74146.25766871165,120858400.0,sum of states
2014,17-2031,19600.0,91970.23469387754,1802616600.0,sum of states
2014,17-2041,33210.0,103425.81150255947,3434771200.0,sum of states
2014,17-2051,265580.0,86898.9163340613,23078614200.0,sum of states
2014,17-2061,72010.0,110355.78947368421,7946720400.0,sum of states
2014,17-2071,175440.0,95629.78682170542,16777289800.0,sum of states
2014,17-2072,132460.0,99643.73773214556,13198809500.0,sum of states
2014,17-2081,53470.0,86253.52908172808,4611976200.0,sum of states
2014,17-2111,24540.0,84816.96006519967,2081408200.0,sum of states
2014,17-2112,238440.0,84991.64024492535,20265406700.0,sum of states
2014,17-2121,6520.0,100912.96012269938,657952500.0,sum of states
2014,17-2131,22790.0,89386.30539710399,2037113900.0,sum of states
2014,17-2141,271690.0,87023.69097132761,23643466600.0,sum of states
2014,17-2151,7590.0,100519.18313570488,762940600.0,sum of states
2014,17-2161,13170.0,103950.79726651481,1369032000.0,sum of states
2014,17-2171,33290.0,147833.63172123762,4921381600.0,sum of states
2014,17-2199,124850.0,96250.60072086504,12016887500.0,sum of states
2014,17-3011,91940.0,52377.17424407222,4815557400.0,sum of states
2014,17-3012,29350.0,62070.29642248723,1821763200.0,sum of states
2014,17-3013,64290.0,55154.20127547052,3545863600.0,sum of states
2014,17-3019,13860.0,53268.48484848485,738301200.0,sum of states
2014,17-3021,7000.0,64743.171428571426,453202200.0,sum of states
2014,17-3022,71000.0,49995.91690140845,3549710100.0,sum of states
2014,17-3023,138360.0,60112.32292570107,8317141000.0,sum of states
2014,17-3024,13410.0,55185.37658463833,740035900.0,sum of states
2014,17-3025,18120.0,50964.65231788079,923479500.0,sum of states
2014,17-3026,59090.0,54400.27246573024,3214512100.0,sum of states
2014,17-3027,47410.0,55288.88631090487,2621246100.0,sum of states
2014,17-3029,66180.0,63214.05258386219,4183506000.0,sum of states
2014,17-3031,48640.0,43711.86060855263,2126144900.0,sum of states
2014,19-1011,1490.0,66994.09395973154,99821200.0,sum of states
2014,19-1012,13910.0,66658.33932422717,927217500.0,sum of states
2014,19-1013,15090.0,63997.51491053678,965722500.0,sum of states
2014,19-1021,23710.0,92290.2699283003,2188202300.0,sum of states
2014,19-1022,19410.0,78580.14425553838,1525240600.0,sum of states
2014,19-1023,18960.0,63198.18037974684,1198237500.0,sum of states
2014,19-1029,31220.0,78279.48110185779,2443885400.0,sum of states
2014,19-1031,19200.0,64423.015625,1236921900.0,sum of states
2014,19-1032,9040.0,59974.845132743365,542172600.0,sum of states
2014,19-1041,4980.0,74377.89156626505,370401900.0,sum of states
2014,19-1042,99210.0,90510.36992238686,8979533800.0,sum of states
2014,19-1099,8470.0,79153.90791027155,670433600.0,sum of states
2014,19-2011,850.0,118813.29411764706,100991300.0,sum of states
2014,19-2012,16130.0,116639.44823310601,1881394300.0,sum of states
2014,19-2021,10020.0,87723.24351297405,878986900.0,sum of states
2014,19-2031,87150.0,78854.66207687894,6872183800.0,sum of states
2014,19-2032,6260.0,95297.25239616614,596560800.0,sum of states
2014,19-2041,88420.0,71839.99660710247,6352092500.0,sum of states
2014,19-2042,33820.0,105474.75458308693,3567156200.0,sum of states
2014,19-2043,6160.0,81952.3538961039,504826500.0,sum of states
2014,19-2099,19590.0,92309.76518631955,1808348300.0,sum of states
2014,19-3011,18670.0,104796.50776647027,1956550800.0,sum of states
2014,19-3022,14930.0,55203.20160750167,824183800.0,sum of states
2014,19-3031,105020.0,73937.87945153304,7764956100.0,sum of states
2014,19-3032,730.0,89228.49315068492,65136800.0,sum of states
2014,19-3039,11640.0,89363.66838487973,1040193100.0,sum of states
2014,19-3041,2000.0,79596.45,159192900.0,sum of states
2014,19-3051,35570.0,68908.56620747822,2451077700.0,sum of states
2014,19-3091,6650.0,61698.857142857145,410297400.0,sum of states
2014,19-3092,770.0,77175.1948051948,59424900.0,sum of states
2014,19-3093,2850.0,61667.36842105263,175752000.0,sum of states
2014,19-3094,5240.0,106124.46564885497,556092200.0,sum of states
2014,19-3099,31320.0,80195.83333333333,2511733500.0,sum of states
2014,19-4010,20590.0,37085.08499271491,763581900.0,sum of states
2014,19-4021,72350.0,44637.456807187285,3229520000.0,sum of states
2014,19-4031,64640.0,47123.12035891089,3046038500.0,sum of states
2014,19-4040,15230.0,58974.88509520683,898187500.0,sum of states
2014,19-4051,4690.0,75890.04264392324,355924300.0,sum of states
2014,19-4061,26220.0,43482.356979405035,1140107400.0,sum of states
2014,19-4092,13480.0,58605.01483679525,789995600.0,sum of states
2014,19-4099,67510.0,47707.33817212265,3220722400.0,sum of states
2014,21-1012,247780.0,55930.389054806685,13858431800.0,sum of states
2014,21-1013,29950.0,51666.16026711185,1547401500.0,sum of states
2014,21-1015,102850.0,37849.843461351484,3892856400.0,sum of states
2014,21-1019,28400.0,47096.34507042253,1337536200.0,sum of states
2014,21-1021,290170.0,45994.67760278458,13346275600.0,sum of states
2014,21-1022,146160.0,53507.08264915161,7820595200.0,sum of states
2014,21-1023,106020.0,46016.273344651956,4878645300.0,sum of states
2014,21-1029,62170.0,57975.98520186585,3604367000.0,sum of states
2014,21-1091,57650.0,55014.104076322634,3171563100.0,sum of states
2014,21-1092,86520.0,53163.77484974572,4599729800.0,sum of states
2014,21-1093,360350.0,31726.612460108227,11432684800.0,sum of states
2014,21-1094,48150.0,38127.43925233645,1835836200.0,sum of states
2014,21-1099,94930.0,43531.756030759505,4132469600.0,sum of states
2014,21-2011,46670.0,47668.18941504178,2224674400.0,sum of states
2014,21-2021,17860.0,44237.40761478164,790080100.0,sum of states
2014,21-2099,7310.0,33959.17920656635,248241600.0,sum of states
2014,23-1011,605780.0,133185.74498993033,80681260600.0,sum of states
2014,23-1012,10250.0,54341.453658536586,556999900.0,sum of states
2014,23-1021,13800.0,90565.73188405797,1249807100.0,sum of states
2014,23-1022,5630.0,64737.21136767318,364470500.0,sum of states
2014,23-1023,22700.0,103913.95594713656,2358846800.0,sum of states
2014,23-2011,273260.0,51812.681329137085,14158333300.0,sum of states
2014,23-2093,51400.0,48377.686770428016,2486613100.0,sum of states
2014,23-2099,44450.0,63378.7266591676,2817184400.0,sum of states
2014,25-1011,86180.0,88295.62311441169,7609316800.0,sum of states
2014,25-1021,35900.0,80856.63509749304,2902753200.0,sum of states
2014,25-1022,54160.0,74155.91395864106,4016284300.0,sum of states
2014,25-1031,5320.0,83280.52631578948,443052400.0,sum of states
2014,25-1032,35790.0,101636.39843531713,3637566700.0,sum of states
2014,25-1041,7660.0,90186.34464751958,690827400.0,sum of states
2014,25-1042,51000.0,84806.86078431373,4325149900.0,sum of states
2014,25-1043,1350.0,83231.85185185185,112363000.0,sum of states
2014,25-1051,9970.0,90822.67803410231,905502100.0,sum of states
2014,25-1052,21550.0,83223.74477958237,1793471700.0,sum of states
2014,25-1053,4970.0,86032.55533199196,427581800.0,sum of states
2014,25-1054,13840.0,90793.48988439306,1256581900.0,sum of states
2014,25-1061,5720.0,81818.65384615384,468002700.0,sum of states
2014,25-1062,8160.0,78975.80882352941,644442600.0,sum of states
2014,25-1063,13300.0,102300.45112781954,1360596000.0,sum of states
2014,25-1064,3910.0,74407.74936061382,290934300.0,sum of states
2014,25-1065,16810.0,82873.46222486615,1393102900.0,sum of states
2014,25-1066,38170.0,76248.42808488342,2910402500.0,sum of states
2014,25-1067,17040.0,74665.28169014085,1272296400.0,sum of states
2014,25-1069,9240.0,80903.90692640693,747552100.0,sum of states
2014,25-1071,151680.0,109758.03665611814,16648099000.0,sum of states
2014,25-1072,57740.0,70581.00103914097,4075347000.0,sum of states
2014,25-1081,60210.0,65065.4110612855,3917588400.0,sum of states
2014,25-1082,4020.0,72494.30348258707,291427100.0,sum of states
2014,25-1111,14810.0,61738.487508440245,914347000.0,sum of states
2014,25-1112,14100.0,122353.8865248227,1725189800.0,sum of states
2014,25-1113,10770.0,67433.92757660167,726263400.0,sum of states
2014,25-1121,97650.0,75280.36559139784,7351127700.0,sum of states
2014,25-1122,29470.0,69211.04173736002,2039649400.0,sum of states
2014,25-1123,76510.0,68356.94941837668,5229990200.0,sum of states
2014,25-1124,30340.0,67831.50955833883,2058008000.0,sum of states
2014,25-1125,22920.0,73461.60994764398,1683740100.0,sum of states
2014,25-1126,23110.0,71351.73085244483,1648938500.0,sum of states
2014,25-1192,3100.0,67887.41935483871,210451000.0,sum of states
2014,25-1193,18400.0,65612.80434782608,1207275600.0,sum of states
2014,25-1194,123090.0,52755.591030952965,6493685700.0,sum of states
2014,25-1199,79950.0,68360.56035021889,5465426800.0,sum of states
2014,25-2011,355600.0,31974.91085489314,11370278300.0,sum of states
2014,25-2012,158440.0,53445.61221913658,8467922800.0,sum of states
2014,25-2021,1369600.0,56562.43815712617,77467915300.0,sum of states
2014,25-2022,632120.0,57558.30870720749,36383758100.0,sum of states
2014,25-2023,13160.0,57425.08358662614,755714100.0,sum of states
2014,25-2031,971330.0,59050.74063397609,57357755900.0,sum of states
2014,25-2032,82600.0,56938.03147699758,4703081400.0,sum of states
2014,25-2051,22360.0,57744.90161001789,1291176000.0,sum of states
2014,25-2052,202420.0,56962.025985574546,11530253300.0,sum of states
2014,25-2059,40040.0,57080.02247752248,2285484100.0,sum of states
2014,25-3011,64160.0,52845.03896508728,3390537700.0,sum of states
2014,25-3021,202880.0,40981.87746451104,8314403300.0,sum of states
2014,25-3097,273760.0,47315.57897428404,12953112900.0,sum of states
2014,25-4011,5090.0,53121.63064833006,270389100.0,sum of states
2014,25-4012,11110.0,56767.93879387939,630691800.0,sum of states
2014,25-4013,9880.0,44309.18016194332,437774700.0,sum of states
2014,25-4022,134840.0,57840.52654998517,7799216600.0,sum of states
2014,25-4031,94990.0,33409.06727023897,3173527300.0,sum of states
2014,25-9021,8040.0,47973.89303482587,385710100.0,sum of states
2014,25-9031,135020.0,63753.68537994371,8608022600.0,sum of states
2014,25-9040,1200620.0,25956.458912895003,31163843700.0,sum of states
2014,25-9099,105070.0,42713.68992100505,4487927400.0,sum of states
2014,27-1011,33200.0,97757.94277108433,3245563700.0,sum of states
2014,27-1012,4150.0,36096.98795180723,149802500.0,sum of states
2014,27-1013,11210.0,51641.47190008921,578900900.0,sum of states
2014,27-1014,28290.0,69275.07599858608,1959791900.0,sum of states
2014,27-1019,5180.0,64118.80308880309,332135400.0,sum of states
2014,27-1021,29000.0,67031.8448275862,1943923500.0,sum of states
2014,27-1022,16130.0,74009.72721636701,1193776900.0,sum of states
2014,27-1023,45160.0,26494.061116031888,1196471800.0,sum of states
2014,27-1024,198430.0,50567.15466411329,10034040500.0,sum of states
2014,27-1025,43710.0,54832.903225806454,2396746200.0,sum of states
2014,27-1026,92510.0,29541.616041509027,2732894900.0,sum of states
2014,27-1027,7920.0,51509.02777777778,407951500.0,sum of states
2014,27-1029,6660.0,55746.861861861864,371274100.0,sum of states
2014,27-2012,95460.0,90685.14037293107,8656803500.0,sum of states
2014,27-2021,8750.0,72795.52,636960800.0,sum of states
2014,27-2022,206240.0,38995.081458494955,8042345600.0,sum of states
2014,27-2023,14760.0,29328.88888888889,432894400.0,sum of states
2014,27-2032,4160.0,54246.85096153846,225666900.0,sum of states
2014,27-2041,21360.0,55060.58520599251,1176094100.0,sum of states
2014,27-3011,26820.0,41415.21998508576,1110756200.0,sum of states
2014,27-3031,208070.0,63870.239342528956,13289480700.0,sum of states
2014,27-3041,97660.0,64086.349580176124,6258672900.0,sum of states
2014,27-3042,46420.0,71630.64411891426,3325094500.0,sum of states
2014,27-3043,42980.0,67842.26617031178,2915860600.0,sum of states
2014,27-3091,46740.0,48505.38083012409,2267141500.0,sum of states
2014,27-3099,25390.0,51446.880661677824,1306236300.0,sum of states
2014,27-4011,60840.0,45820.624589086125,2787726800.0,sum of states
2014,27-4012,25940.0,42369.54895913647,1099066100.0,sum of states
2014,27-4014,13260.0,58864.027149321264,780537000.0,sum of states
2014,27-4021,52440.0,38322.84706331045,2009650100.0,sum of states
2014,27-4031,17850.0,55362.97478991596,988229100.0,sum of states
2014,27-4032,23820.0,75352.74979009236,1794902500.0,sum of states
2014,27-4099,17090.0,68219.80105324752,1165876400.0,sum of states
2014,29-1011,29670.0,79588.2237950792,2361382600.0,sum of states
2014,29-1021,98040.0,166632.88045695634,16336687600.0,sum of states
2014,29-1022,3190.0,212999.6551724138,679468900.0,sum of states
2014,29-1023,4930.0,201947.60649087222,995601700.0,sum of states
2014,29-1029,4450.0,173336.80898876404,771348800.0,sum of states
2014,29-1031,60140.0,57191.29364815431,3439484400.0,sum of states
2014,29-1041,33380.0,113001.85140802876,3772001800.0,sum of states
2014,29-1051,292990.0,118192.23147547698,34629141900.0,sum of states
2014,29-1071,91660.0,97281.65939341043,8916836900.0,sum of states
2014,29-1081,8580.0,138462.41258741257,1188007500.0,sum of states
2014,29-1122,110750.0,79920.82979683972,8851231900.0,sum of states
2014,29-1123,201230.0,83818.30393082542,16866757300.0,sum of states
2014,29-1124,16100.0,83701.72049689441,1347597700.0,sum of states
2014,29-1125,17990.0,46006.7481934408,827661400.0,sum of states
2014,29-1126,119820.0,58365.98814889,6993412700.0,sum of states
2014,29-1127,126630.0,74879.21187712232,9481954600.0,sum of states
2014,29-1128,6270.0,49079.6331738437,307729300.0,sum of states
2014,29-1129,11260.0,58876.1811722913,662945800.0,sum of states
2014,29-1131,62570.0,98175.50743167652,6142841500.0,sum of states
2014,29-1141,2705890.0,69544.43384616522,188179588100.0,sum of states
2014,29-1151,36190.0,157307.1511467256,5692945800.0,sum of states
2014,29-1161,4720.0,98620.80508474576,465490200.0,sum of states
2014,29-1171,123620.0,97037.92832874939,11995828700.0,sum of states
2014,29-1181,11850.0,77037.62025316455,912895800.0,sum of states
2014,29-1292,196580.0,71948.97039373283,14143728600.0,sum of states
2014,29-2031,51480.0,54991.98912198912,2830987600.0,sum of states
2014,29-2032,60020.0,68179.09196934356,4092109100.0,sum of states
2014,29-2033,20410.0,72975.9872611465,1489439900.0,sum of states
2014,29-2034,194860.0,57286.36456943447,11162821000.0,sum of states
2014,29-2035,33280.0,67064.89483173077,2231919700.0,sum of states
2014,29-2051,28650.0,28553.095986038395,818046200.0,sum of states
2014,29-2052,373020.0,30989.181009061176,11559584300.0,sum of states
2014,29-2053,62360.0,34748.01154586273,2166886000.0,sum of states
2014,29-2055,99310.0,44795.49793575672,4448640900.0,sum of states
2014,29-2056,93480.0,32348.07873341891,3023898400.0,sum of states
2014,29-2057,36110.0,36527.03406258654,1318991200.0,sum of states
2014,29-2061,700560.0,43268.199154961745,30311969600.0,sum of states
2014,29-2072,186250.0,38732.71409395973,7213968000.0,sum of states
2014,29-2081,73880.0,36092.86545749864,2666540900.0,sum of states
2014,29-2091,7480.0,71035.13368983957,531342800.0,sum of states
2014,29-2092,5010.0,46469.08183632734,232810100.0,sum of states
2014,29-2099,96550.0,45557.872604867945,4398612600.0,sum of states
2014,29-9091,22360.0,45733.1976744186,1022594300.0,sum of states
2014,29-9092,1660.0,68854.3373493976,114298200.0,sum of states
2014,29-9099,40300.0,56273.37717121588,2267817100.0,sum of states
2014,31-1122,1043740.0,21840.160672198057,22795449300.0,sum of states
2014,31-2011,32180.0,57261.9422001243,1842689300.0,sum of states
2014,31-2012,7730.0,29595.239327296247,228771200.0,sum of states
2014,31-2021,77480.0,54093.71063500258,4191180700.0,sum of states
2014,31-2022,48760.0,26660.894175553734,1299985200.0,sum of states
2014,31-9011,87980.0,41715.504660150036,3670130100.0,sum of states
2014,31-9091,316680.0,36124.892951875714,11440031100.0,sum of states
2014,31-9092,585400.0,31217.4046805603,18274668700.0,sum of states
2014,31-9093,50560.0,33823.71439873418,1710127000.0,sum of states
2014,31-9094,61380.0,35547.58390355165,2181910700.0,sum of states
2014,31-9095,43080.0,25211.30687093779,1086103100.0,sum of states
2014,31-9096,71220.0,25351.30440887391,1805519900.0,sum of states
2014,31-9097,112310.0,31862.849256522128,3578516600.0,sum of states
2014,31-9099,98000.0,35386.17244897959,3467844900.0,sum of states
2014,33-1011,42910.0,62802.42600792356,2694852100.0,sum of states
2014,33-1012,104330.0,82509.62426914598,8608229100.0,sum of states
2014,33-1021,59850.0,73387.93483709273,4392267900.0,sum of states
2014,33-2011,309770.0,48591.57729928657,15052212900.0,sum of states
2014,33-2021,11100.0,58988.666666666664,654774200.0,sum of states
2014,33-2022,1180.0,41970.254237288136,49524900.0,sum of states
2014,33-3011,16900.0,41521.42603550296,701712100.0,sum of states
2014,33-3012,434150.0,44824.28400322469,19460462900.0,sum of states
2014,33-3021,109370.0,80460.33830117948,8799947200.0,sum of states
2014,33-3031,5410.0,53556.30314232902,289739600.0,sum of states
2014,33-3051,655120.0,58533.447765294906,38346432300.0,sum of states
2014,33-3052,2150.0,52381.023255813954,112619200.0,sum of states
2014,33-9011,13270.0,34246.11152976639,454445900.0,sum of states
2014,33-9021,20680.0,49599.26499032882,1025712800.0,sum of states
2014,33-9031,9200.0,31830.33695652174,292839100.0,sum of states
2014,33-9032,1106910.0,27768.610275451483,30737352400.0,sum of states
2014,33-9092,135340.0,21022.179695581497,2845141800.0,sum of states
2014,33-9093,35670.0,38351.64844407065,1368003300.0,sum of states
2014,33-9099,114310.0,32291.27023007611,3691215100.0,sum of states
2014,35-1011,114940.0,46130.39846876631,5302228000.0,sum of states
2014,35-1012,875730.0,32319.263814189304,28302948900.0,sum of states
2014,35-2011,512380.0,19020.650103438853,9745800700.0,sum of states
2014,35-2012,407300.0,24889.417873803093,10137459900.0,sum of states
2014,35-2014,1093810.0,23583.21573216555,25795557200.0,sum of states
2014,35-2015,176700.0,21461.049801924164,3792167500.0,sum of states
2014,35-2019,17410.0,27010.48248133257,470252500.0,sum of states
2014,35-2021,863560.0,21290.407962388254,18385544700.0,sum of states
2014,35-3031,2457660.0,21615.40217117095,53123309300.0,sum of states
2014,35-3041,240170.0,22575.713452970813,5422009100.0,sum of states
2014,35-9011,410940.0,20503.682289385313,8425783200.0,sum of states
2014,35-9021,505140.0,19532.917013105278,9866857700.0,sum of states
2014,35-9031,374430.0,19927.037096386506,7461280500.0,sum of states
2014,35-9099,43010.0,23134.71983259707,995024300.0,sum of states
2014,37-1011,169950.0,38950.18652544866,6619584200.0,sum of states
2014,37-1012,101960.0,45900.705178501375,4680035900.0,sum of states
2014,37-2011,2169380.0,25348.632420322858,54990816200.0,sum of states
2014,37-2012,934580.0,22475.55672066597,21005205800.0,sum of states
2014,37-2019,9910.0,29253.743693239154,289904600.0,sum of states
2014,37-2021,67950.0,32800.52832965416,2228795900.0,sum of states
2014,37-3011,877510.0,26640.7433533521,23377518700.0,sum of states
2014,37-3012,22740.0,33160.21547933157,754063300.0,sum of states
2014,37-3013,38560.0,35121.428941908714,1354282300.0,sum of states
2014,37-3019,17270.0,32197.203242617255,556045700.0,sum of states
2014,39-2011,9410.0,31231.37088204038,293887200.0,sum of states
2014,39-2021,162070.0,22959.218856049854,3721000600.0,sum of states
2014,39-3011,84080.0,21083.27783063749,1772682000.0,sum of states
2014,39-3012,10590.0,25070.07554296506,265492100.0,sum of states
2014,39-3019,7840.0,25615.841836734693,200828200.0,sum of states
2014,39-3021,5570.0,23401.472172351885,130346200.0,sum of states
2014,39-3031,107850.0,20388.518312471024,2198901700.0,sum of states
2014,39-3091,275390.0,20579.174988198556,5667299000.0,sum of states
2014,39-3092,5810.0,50883.82099827883,295635000.0,sum of states
2014,39-3093,16780.0,23151.275327771156,388478400.0,sum of states
2014,39-3099,12900.0,24147.906976744187,311508000.0,sum of states
2014,39-4011,2910.0,42299.037800687285,123090200.0,sum of states
2014,39-4021,35070.0,24764.305674365554,868484200.0,sum of states
2014,39-4031,24750.0,52026.33535353535,1287651800.0,sum of states
2014,39-5011,8780.0,27925.02277904328,245181700.0,sum of states
2014,39-5012,343950.0,27906.78877743858,9598540000.0,sum of states
2014,39-5091,1930.0,67676.83937823834,130616300.0,sum of states
2014,39-5092,77460.0,22484.007229537827,1741611200.0,sum of states
2014,39-5093,13500.0,19533.11111111111,263697000.0,sum of states
2014,39-5094,37060.0,33837.185644900164,1254006100.0,sum of states
2014,39-6011,42410.0,24042.8578165527,1019657600.0,sum of states
2014,39-6012,30380.0,30464.888084265964,925523300.0,sum of states
2014,39-9011,582850.0,21684.323067684654,12638707700.0,sum of states
2014,39-9031,241310.0,39402.04591604161,9508107700.0,sum of states
2014,39-9032,316780.0,25633.059536586905,8120040600.0,sum of states
2014,39-9041,90030.0,26991.64056425636,2430057400.0,sum of states
2014,39-9099,31740.0,25244.297416509136,801254000.0,sum of states
2014,41-1011,1212850.0,42045.91136579132,50995383600.0,sum of states
2014,41-1012,250270.0,83753.7751228673,20961057300.0,sum of states
2014,41-2011,3432230.0,20612.41531016278,70746550200.0,sum of states
2014,41-2012,16740.0,24113.195937873355,403654900.0,sum of states
2014,41-2021,434740.0,27543.151308828266,11974109600.0,sum of states
2014,41-2022,233280.0,32361.887431412895,7549381100.0,sum of states
2014,41-2031,4608150.0,25689.321918774345,118380248800.0,sum of states
2014,41-3011,154460.0,60814.09685355432,9393345400.0,sum of states
2014,41-3021,358560.0,63920.072512271305,22919181200.0,sum of states
2014,41-3031,312230.0,103098.86205681709,32190557700.0,sum of states
2014,41-3041,63310.0,37650.34117832886,2383643100.0,sum of states
2014,41-3091,829410.0,61848.532450778264,51297791300.0,sum of states
2014,41-4011,335090.0,86614.06040168313,29023505500.0,sum of states
2014,41-4012,1402380.0,65595.40588143014,91989685300.0,sum of states
2014,41-9011,44760.0,28601.432082216266,1280200100.0,sum of states
2014,41-9012,2670.0,29754.756554307118,79445200.0,sum of states
2014,41-9021,34670.0,83363.8765503317,2890225600.0,sum of states
2014,41-9022,141830.0,53093.5225269689,7530254300.0,sum of states
2014,41-9031,67680.0,104569.55673758865,7077267600.0,sum of states
2014,41-9041,223900.0,25812.432782492186,5779403700.0,sum of states
2014,41-9091,4110.0,25855.59610705596,106266500.0,sum of states
2014,41-9099,82880.0,38226.8569015444,3168241900.0,sum of states
2014,43-1011,1420160.0,54184.16157334385,76950178900.0,sum of states
2014,43-2011,110020.0,27920.68442101436,3071833700.0,sum of states
2014,43-2021,8610.0,35446.155632984905,305191400.0,sum of states
2014,43-2099,1710.0,42188.88888888889,72143000.0,sum of states
2014,43-3011,348470.0,35445.81771745057,12351804100.0,sum of states
2014,43-3021,495420.0,35430.9252755238,17553189000.0,sum of states
2014,43-3031,1583560.0,37995.18925711688,60167661900.0,sum of states
2014,43-3041,15890.0,27519.106356198867,437278600.0,sum of states
2014,43-3051,167540.0,40812.17679360153,6837672100.0,sum of states
2014,43-3061,70840.0,40119.20666290232,2842044600.0,sum of states
2014,43-3071,517810.0,26598.031324230895,13772726600.0,sum of states
2014,43-3099,35540.0,41035.70061902082,1458408800.0,sum of states
2014,43-4011,56410.0,50104.516929622405,2826395800.0,sum of states
2014,43-4021,7350.0,36195.401360544216,266036200.0,sum of states
2014,43-4031,127950.0,37300.02188354826,4772537800.0,sum of states
2014,43-4041,44210.0,36546.88532006333,1615737800.0,sum of states
2014,43-4051,2526980.0,33821.735906101356,85466850200.0,sum of states
2014,43-4061,123390.0,42393.10154793743,5230884800.0,sum of states
2014,43-4071,149010.0,29471.63076303604,4391567700.0,sum of states
2014,43-4081,242430.0,22166.124242049253,5373733500.0,sum of states
2014,43-4111,184850.0,32074.734649715985,5929014700.0,sum of states
2014,43-4121,100920.0,26001.02853745541,2624023800.0,sum of states
2014,43-4131,214510.0,37975.63190527248,8146152800.0,sum of states
2014,43-4141,52980.0,34705.254813137035,1838684400.0,sum of states
2014,43-4151,190670.0,33099.40420622017,6311063400.0,sum of states
2014,43-4161,136590.0,38837.45296141738,5304807700.0,sum of states
2014,43-4171,985530.0,27795.805708603493,27393600400.0,sum of states
2014,43-4181,127090.0,34580.146352978205,4394790800.0,sum of states
2014,43-4199,177040.0,38292.11929507456,6779236800.0,sum of states
2014,43-5011,76480.0,43198.32635983264,3303808000.0,sum of states
2014,43-5021,74140.0,28061.849204208254,2080505500.0,sum of states
2014,43-5031,96650.0,39354.08898085877,3803572700.0,sum of states
2014,43-5032,191460.0,39631.94087537867,7587931400.0,sum of states
2014,43-5041,34660.0,39968.779572994805,1385317900.0,sum of states
2014,43-5051,72620.0,49076.48030845497,3563934000.0,sum of states
2014,43-5052,308640.0,51793.108475894245,15985425000.0,sum of states
2014,43-5053,122140.0,48706.21581791387,5948977200.0,sum of states
2014,43-5061,298770.0,47513.359440372195,14195566400.0,sum of states
2014,43-5071,665180.0,31705.767762109503,21090042600.0,sum of states
2014,43-5111,70190.0,30628.32739706511,2149802300.0,sum of states
2014,43-6011,724780.0,53239.6098126328,38587004400.0,sum of states
2014,43-6012,216760.0,45326.10583133419,9824886700.0,sum of states
2014,43-6013,520540.0,33436.227571368196,17404893900.0,sum of states
2014,43-6014,2233130.0,34345.26489725184,76697441400.0,sum of states
2014,43-9021,207980.0,30014.9519184537,6242509700.0,sum of states
2014,43-9022,85410.0,36798.5786207704,3142966600.0,sum of states
2014,43-9031,12000.0,40896.38333333333,490756600.0,sum of states
2014,43-9041,252690.0,38668.811191578614,9771221900.0,sum of states
2014,43-9051,99370.0,29160.654120962063,2897694200.0,sum of states
2014,43-9061,2915050.0,30739.556714293067,89607344800.0,sum of states
2014,43-9071,66080.0,30141.93553268765,1991779100.0,sum of states
2014,43-9081,9190.0,37102.75299238302,340974300.0,sum of states
2014,43-9111,13030.0,41899.54719877207,545951100.0,sum of states
2014,43-9199,230080.0,34168.17411335188,7861413500.0,sum of states
2014,45-1011,18510.0,47466.385737439225,878602800.0,sum of states
2014,45-2011,12950.0,44129.74517374517,571480200.0,sum of states
2014,45-2021,590.0,43634.745762711864,25744500.0,sum of states
2014,45-2041,35320.0,22196.460928652323,783979000.0,sum of states
2014,45-2091,26050.0,28350.32629558541,738526000.0,sum of states
2014,45-2092,270530.0,20812.89099175692,5630511400.0,sum of states
2014,45-2093,31310.0,25095.3177898435,785734400.0,sum of states
2014,45-2099,4660.0,30955.6008583691,144253100.0,sum of states
2014,45-4011,5800.0,29404.96551724138,170548800.0,sum of states
2014,45-4021,5210.0,38736.10364683301,201815100.0,sum of states
2014,45-4022,25740.0,35785.24864024864,921112300.0,sum of states
2014,45-4023,2500.0,36430.32,91075800.0,sum of states
2014,45-4029,1990.0,37375.57788944724,74377400.0,sum of states
2014,47-1011,500220.0,64897.852145056175,32463203600.0,sum of states
2014,47-2011,15150.0,59553.696369636964,902238500.0,sum of states
2014,47-2021,59520.0,51380.687163978495,3058178500.0,sum of states
2014,47-2022,9850.0,42101.31979695432,414698000.0,sum of states
2014,47-2031,621360.0,45431.711246298444,28229448100.0,sum of states
2014,47-2041,25580.0,41708.31118060985,1066898600.0,sum of states
2014,47-2042,9320.0,40822.821888412014,380468700.0,sum of states
2014,47-2043,2870.0,36018.25783972126,103372400.0,sum of states
2014,47-2044,31260.0,44223.211772232884,1382417600.0,sum of states
2014,47-2051,153970.0,40818.022991491845,6284751000.0,sum of states
2014,47-2053,2080.0,41481.971153846156,86282500.0,sum of states
2014,47-2071,54900.0,42380.43715846995,2326686000.0,sum of states
2014,47-2072,2910.0,57171.92439862543,166370300.0,sum of states
2014,47-2073,346610.0,47876.23669253628,16594382400.0,sum of states
2014,47-2081,83030.0,43747.06130314344,3632318500.0,sum of states
2014,47-2082,16360.0,51602.60391198044,844218600.0,sum of states
2014,47-2111,569070.0,54423.773349500065,30970936700.0,sum of states
2014,47-2121,41690.0,44384.27920364596,1850380600.0,sum of states
2014,47-2131,22980.0,37344.882506527414,858185400.0,sum of states
2014,47-2132,26240.0,50599.897103658535,1327741300.0,sum of states
2014,47-2141,205490.0,39706.54241082291,8159297400.0,sum of states
2014,47-2142,2350.0,40519.234042553195,95220200.0,sum of states
2014,47-2151,41130.0,40653.27011913445,1672069000.0,sum of states
2014,47-2152,373500.0,54544.45140562249,20372352600.0,sum of states
2014,47-2161,19510.0,43314.997437211685,845075600.0,sum of states
2014,47-2171,17300.0,54087.832369942196,935719500.0,sum of states
2014,47-2181,103880.0,39555.89526376588,4109066400.0,sum of states
2014,47-2211,128440.0,49094.38336966677,6305682600.0,sum of states
2014,47-2221,60310.0,52905.75526446692,3190746100.0,sum of states
2014,47-2231,3010.0,41896.71096345515,126109100.0,sum of states
2014,47-3011,23630.0,31326.271688531528,740239800.0,sum of states
2014,47-3012,39720.0,27650.365055387712,1098272500.0,sum of states
2014,47-3013,69890.0,28894.584346830736,2019442500.0,sum of states
2014,47-3014,10970.0,26834.512306289882,294374600.0,sum of states
2014,47-3015,51600.0,28842.1511627907,1488255000.0,sum of states
2014,47-3016,11010.0,26879.309718437784,295941200.0,sum of states
2014,47-3019,19260.0,29475.67497403946,567701500.0,sum of states
2014,47-4011,88870.0,58274.800270057385,5178881500.0,sum of states
2014,47-4021,20180.0,76194.41526263628,1537603300.0,sum of states
2014,47-4031,18780.0,33747.99787007455,633787400.0,sum of states
2014,47-4041,40870.0,42538.33129434793,1738541600.0,sum of states
2014,47-4051,145470.0,37211.18718636145,5413111400.0,sum of states
2014,47-4061,12220.0,51471.09656301146,628976800.0,sum of states
2014,47-4071,23680.0,36916.02618243243,874171500.0,sum of states
2014,47-5011,20580.0,51126.44314868805,1052182200.0,sum of states
2014,47-5012,26110.0,61179.7472232861,1597403200.0,sum of states
2014,47-5013,61670.0,51533.96951516134,3178099900.0,sum of states
2014,47-5023,18110.0,49069.425731639974,888647300.0,sum of states
2014,47-5041,10790.0,48852.9657089898,527123500.0,sum of states
2014,47-5049,1950.0,49299.333333333336,96133700.0,sum of states
2014,47-5051,2890.0,33734.56747404845,97492900.0,sum of states
2014,47-5071,73380.0,37703.13709457618,2766656200.0,sum of states
2014,47-5081,23490.0,36140.736483610046,848945900.0,sum of states
2014,47-5099,4180.0,46439.4976076555,194117100.0,sum of states
2014,49-1011,437540.0,64518.61064131279,28229472900.0,sum of states
2014,49-2011,111480.0,38373.922676713315,4277924900.0,sum of states
2014,49-2021,13300.0,49190.84210526316,654238200.0,sum of states
2014,49-2022,213470.0,54541.85084555207,11643048900.0,sum of states
2014,49-2091,16530.0,58606.15849969752,968759800.0,sum of states
2014,49-2092,13850.0,40328.02166064982,558543100.0,sum of states
2014,49-2093,12720.0,55155.21226415094,701574300.0,sum of states
2014,49-2094,66240.0,55489.4806763285,3675623200.0,sum of states
2014,49-2095,20850.0,69412.98800959233,1447260800.0,sum of states
2014,49-2096,10410.0,32739.193083573486,340815000.0,sum of states
2014,49-2097,26440.0,38025.19667170953,1005386200.0,sum of states
2014,49-2098,60480.0,43821.60052910053,2650330400.0,sum of states
2014,49-3011,116290.0,58789.081606329004,6836582300.0,sum of states
2014,49-3021,137740.0,43777.36024393785,6029893600.0,sum of states
2014,49-3022,13770.0,33963.34785766158,467675300.0,sum of states
2014,49-3023,637170.0,39876.233815151376,25407939900.0,sum of states
2014,49-3031,244440.0,45053.328424153166,11012835600.0,sum of states
2014,49-3041,35210.0,37309.65066742403,1313672800.0,sum of states
2014,49-3042,119940.0,48627.106886776724,5832335200.0,sum of states
2014,49-3043,18170.0,52635.443037974685,956386000.0,sum of states
2014,49-3051,19880.0,38547.87726358149,766331800.0,sum of states
2014,49-3052,15350.0,35757.100977198694,548871500.0,sum of states
2014,49-3053,29200.0,33695.8801369863,983919700.0,sum of states
2014,49-3091,8160.0,26984.70588235294,220195200.0,sum of states
2014,49-3092,10110.0,36948.52621167161,373549600.0,sum of states
2014,49-3093,100970.0,25550.139645439238,2579797600.0,sum of states
2014,49-9011,15980.0,39075.619524405505,624428400.0,sum of states
2014,49-9012,41370.0,54698.1798404641,2262863700.0,sum of states
2014,49-9021,262930.0,46758.66998820979,12294257100.0,sum of states
2014,49-9031,33260.0,37717.79314491882,1254493800.0,sum of states
2014,49-9041,317600.0,50237.3145465995,15955371100.0,sum of states
2014,49-9043,91010.0,43976.40698824305,4002292800.0,sum of states
2014,49-9044,38620.0,51416.447436561364,1985703200.0,sum of states
2014,49-9045,1200.0,44830.416666666664,53796500.0,sum of states
2014,49-9051,115770.0,64749.89029973223,7496094800.0,sum of states
2014,49-9052,116050.0,54119.75355450237,6280597400.0,sum of states
2014,49-9061,1880.0,41755.31914893617,78500000.0,sum of states
2014,49-9062,41660.0,48434.09265482477,2017764300.0,sum of states
2014,49-9063,5720.0,35333.39160839161,202107000.0,sum of states
2014,49-9064,1410.0,38624.397163120564,54460400.0,sum of states
2014,49-9069,9850.0,51944.21319796954,511650500.0,sum of states
2014,49-9071,1290520.0,38309.17986548058,49438762800.0,sum of states
2014,49-9081,3170.0,50671.92429022082,160630000.0,sum of states
2014,49-9091,30810.0,33470.69457968192,1031232100.0,sum of states
2014,49-9092,2070.0,50050.19323671498,103603900.0,sum of states
2014,49-9094,16800.0,40629.54761904762,682576400.0,sum of states
2014,49-9095,1830.0,29607.70491803279,54182100.0,sum of states
2014,49-9096,19500.0,44287.9641025641,863615300.0,sum of states
2014,49-9097,4870.0,58587.720739219716,285322200.0,sum of states
2014,49-9098,128650.0,27655.91605130198,3557933600.0,sum of states
2014,49-9099,139340.0,40311.93196497775,5617064600.0,sum of states
2014,51-1011,597440.0,58916.33653588645,35198976100.0,sum of states
2014,51-2011,22740.0,47847.12401055409,1088043600.0,sum of states
2014,51-2021,14680.0,33487.88147138964,491602100.0,sum of states
2014,51-2031,34640.0,40078.348729792146,1388314000.0,sum of states
2014,51-2041,77630.0,38023.122504186525,2951735000.0,sum of states
2014,51-3011,175560.0,25474.445203918887,4472293600.0,sum of states
2014,51-3021,139310.0,30199.977029646114,4207158800.0,sum of states
2014,51-3022,147700.0,24133.962085308056,3564586200.0,sum of states
2014,51-3023,81280.0,25818.017962598424,2098488500.0,sum of states
2014,51-3091,18660.0,29412.095391211147,548829700.0,sum of states
2014,51-3092,122000.0,28683.086885245903,3499336600.0,sum of states
2014,51-3093,33360.0,28731.07913669065,958468800.0,sum of states
2014,51-3099,42630.0,25211.81796856674,1074779800.0,sum of states
2014,51-4021,72130.0,33791.55552474698,2437384900.0,sum of states
2014,51-4022,20890.0,35454.98803255146,740654700.0,sum of states
2014,51-4023,32890.0,40125.34813013074,1319722700.0,sum of states
2014,51-4031,190790.0,32390.59646732009,6179801900.0,sum of states
2014,51-4032,17250.0,36275.391304347824,625750500.0,sum of states
2014,51-4033,70090.0,34149.01412469682,2393504400.0,sum of states
2014,51-4034,42020.0,37367.94859590671,1570201200.0,sum of states
2014,51-4035,21080.0,38590.82542694497,813494600.0,sum of states
2014,51-4041,393670.0,41491.39228287652,16333916400.0,sum of states
2014,51-4051,20560.0,41269.43579766537,848499600.0,sum of states
2014,51-4052,8930.0,34238.40985442329,305749000.0,sum of states
2014,51-4061,5660.0,49345.01766784452,279292800.0,sum of states
2014,51-4062,3280.0,41586.5243902439,136403800.0,sum of states
2014,51-4071,11340.0,32587.830687830687,369546000.0,sum of states
2014,51-4072,130280.0,30503.186214307647,3973955100.0,sum of states
2014,51-4081,97690.0,35130.22622581636,3431871800.0,sum of states
2014,51-4111,75120.0,49697.25372736954,3733257700.0,sum of states
2014,51-4121,371090.0,39983.648171602574,14837532000.0,sum of states
2014,51-4122,49230.0,36709.81515336177,1807224200.0,sum of states
2014,51-4191,20560.0,36868.570038910504,758017800.0,sum of states
2014,51-4192,12210.0,46311.3104013104,565461100.0,sum of states
2014,51-4193,35500.0,32115.901408450703,1140114500.0,sum of states
2014,51-4194,10390.0,37013.41674687199,384569400.0,sum of states
2014,51-4199,21750.0,35338.363218390805,768609400.0,sum of states
2014,51-5111,36370.0,38911.79543579873,1415222000.0,sum of states
2014,51-5112,167990.0,36640.43038276088,6155225900.0,sum of states
2014,51-5113,51650.0,31372.212971926427,1620374800.0,sum of states
2014,51-6011,200500.0,22148.104738154612,4440695000.0,sum of states
2014,51-6021,50320.0,21225.19077901431,1068051600.0,sum of states
2014,51-6041,6720.0,25181.666666666668,169220800.0,sum of states
2014,51-6042,1530.0,23316.53594771242,35674300.0,sum of states
2014,51-6051,4910.0,24800.672097759674,121771300.0,sum of states
2014,51-6052,17260.0,29220.712630359212,504349500.0,sum of states
2014,51-6061,10870.0,26357.73689052438,286508600.0,sum of states
2014,51-6062,14300.0,26638.685314685314,380933200.0,sum of states
2014,51-6063,22320.0,27974.744623655915,624396300.0,sum of states
2014,51-6064,24530.0,26713.037097431716,655270800.0,sum of states
2014,51-6091,18440.0,33966.225596529286,626337200.0,sum of states
2014,51-6092,4830.0,48576.12836438923,234622700.0,sum of states
2014,51-6093,29170.0,33075.94789166952,964825400.0,sum of states
2014,51-6099,12540.0,28920.223285486445,362659600.0,sum of states
2014,51-7011,88600.0,33414.22347629797,2960500200.0,sum of states
2014,51-7021,15230.0,30577.826657912017,465700300.0,sum of states
2014,51-7031,620.0,33205.645161290326,20587500.0,sum of states
2014,51-7032,580.0,38874.48275862069,22547200.0,sum of states
2014,51-7041,45000.0,28257.095555555556,1271569300.0,sum of states
2014,51-7042,70150.0,28563.481111903064,2003728200.0,sum of states
2014,51-7099,5400.0,30192.40740740741,163039000.0,sum of states
2014,51-8011,3260.0,81337.33128834356,265159700.0,sum of states
2014,51-8012,10040.0,77896.76294820716,782083500.0,sum of states
2014,51-8013,38250.0,69005.42222222222,2639457400.0,sum of states
2014,51-8021,37060.0,58081.281705342684,2152492300.0,sum of states
2014,51-8031,112960.0,45860.926876770536,5180450300.0,sum of states
2014,51-8091,35400.0,56250.09604519774,1991253400.0,sum of states
2014,51-8092,14020.0,63713.04564907275,893256900.0,sum of states
2014,51-8093,39770.0,63494.50842343475,2525176600.0,sum of states
2014,51-8099,11530.0,54472.14223764094,628063800.0,sum of states
2014,51-9011,64040.0,49121.33041848845,3145730000.0,sum of states
2014,51-9012,43390.0,41130.802028117076,1784665500.0,sum of states
2014,51-9021,29370.0,34322.492339121556,1008051600.0,sum of states
2014,51-9022,29140.0,29996.986959505834,874112200.0,sum of states
2014,51-9023,123600.0,35757.936893203885,4419681000.0,sum of states
2014,51-9031,14580.0,27913.34705075446,406976600.0,sum of states
2014,51-9032,61900.0,32886.15185783522,2035652800.0,sum of states
2014,51-9041,67410.0,33472.17178460169,2256359100.0,sum of states
2014,51-9051,18550.0,37304.97574123989,692007300.0,sum of states
2014,51-9061,493520.0,38326.769127897554,18915027100.0,sum of states
2014,51-9071,21860.0,40192.813357731015,878614900.0,sum of states
2014,51-9081,34920.0,40167.78350515464,1402659000.0,sum of states
2014,51-9082,13050.0,38752.7969348659,505724000.0,sum of states
2014,51-9083,28430.0,30843.16567006683,876871200.0,sum of states
2014,51-9111,388260.0,28825.04816360171,11191613200.0,sum of states
2014,51-9123,15100.0,30284.7880794702,457300300.0,sum of states
2014,51-9141,15490.0,37058.74112330536,574039900.0,sum of states
2014,51-9151,27530.0,28486.505630221578,784233500.0,sum of states
2014,51-9191,17830.0,33897.74537296691,604396800.0,sum of states
2014,51-9192,16890.0,28637.803433984605,483692500.0,sum of states
2014,51-9193,7500.0,30224.093333333334,226680700.0,sum of states
2014,51-9194,7680.0,31556.9140625,242357100.0,sum of states
2014,51-9195,33650.0,31771.081723625557,1069096900.0,sum of states
2014,51-9196,91430.0,36483.57760034999,3335693500.0,sum of states
2014,51-9197,13350.0,42320.479400749064,564978400.0,sum of states
2014,51-9198,421990.0,25585.490651437238,10796821200.0,sum of states
2014,51-9199,220080.0,31155.565249000363,6856716800.0,sum of states
2014,53-2011,48960.0,130733.72344771241,6400723100.0,sum of states
2014,53-2012,36050.0,81855.08460471567,2950875800.0,sum of states
2014,53-2021,16960.0,115968.28419811321,1966822100.0,sum of states
2014,53-2022,5670.0,50181.72839506173,284530400.0,sum of states
2014,53-2031,72980.0,46223.78048780488,3373411500.0,sum of states
2014,53-3011,19060.0,25375.61909758657,483659300.0,sum of states
2014,53-3031,407450.0,27658.014971162105,11269258200.0,sum of states
2014,53-3032,1634210.0,41810.301307665475,68326812500.0,sum of states
2014,53-3033,802360.0,33789.61214417469,27111433200.0,sum of states
2014,53-3099,54120.0,32938.86178861788,1782651200.0,sum of states
2014,53-4011,31760.0,56334.34508816121,1789178800.0,sum of states
2014,53-4013,2040.0,43642.94117647059,89031600.0,sum of states
2014,53-4031,32940.0,56154.62052216151,1849733200.0,sum of states
2014,53-4041,8320.0,61352.8125,510455400.0,sum of states
2014,53-4099,990.0,64725.0505050505,64077800.0,sum of states
2014,53-5011,26140.0,41381.20122417751,1081704600.0,sum of states
2014,53-5021,29200.0,78675.23630136986,2297316900.0,sum of states
2014,53-5022,2600.0,37276.230769230766,96918200.0,sum of states
2014,53-5031,7850.0,77581.43949044586,609014300.0,sum of states
2014,53-6011,2720.0,46232.38970588235,125752100.0,sum of states
2014,53-6021,138380.0,21549.867032808208,2982070600.0,sum of states
2014,53-6030,104310.0,22596.83347713546,2357075700.0,sum of states
2014,53-6041,5300.0,46709.11320754717,247558300.0,sum of states
2014,53-6051,20260.0,71170.85389930899,1441921500.0,sum of states
2014,53-6061,13340.0,27454.782608695652,366246800.0,sum of states
2014,53-6099,31490.0,36061.756113051764,1135584700.0,sum of states
2014,53-7011,36990.0,33841.07055961071,1251781200.0,sum of states
2014,53-7031,1560.0,45708.52564102564,71305300.0,sum of states
2014,53-7041,2080.0,48844.95192307692,101597500.0,sum of states
2014,53-7051,510140.0,33260.081154192965,16967297800.0,sum of states
2014,53-7061,323030.0,23317.01173265641,7532094300.0,sum of states
2014,53-7062,2413670.0,27154.408059096728,65541780100.0,sum of states
2014,53-7063,92590.0,30463.573820066962,2820622300.0,sum of states
2014,53-7064,696730.0,23009.588362780418,16031470500.0,sum of states
2014,53-7065,1897630.0,25322.650305907897,48053020900.0,sum of states
2014,53-7071,4120.0,55562.7427184466,228918500.0,sum of states
2014,53-7072,11070.0,46354.516711833785,513144500.0,sum of states
2014,53-7073,12160.0,48895.38651315789,594567900.0,sum of states
2014,53-7081,116480.0,35738.72596153846,4162846800.0,sum of states
2014,53-7121,10780.0,44162.42115027829,476070900.0,sum of states
2014,53-7199,19510.0,38135.01281394157,744014100.0,sum of states
2015,11-1011,239620.0,185425.2641682664,44431601800.0,sum of states
2015,11-1021,2155100.0,119236.55969560577,256966709800.0,sum of states
2015,11-1031,51290.0,42439.1967245077,2176706400.0,sum of states
2015,11-2011,28640.0,114187.90502793297,3270341600.0,sum of states
2015,11-2021,193640.0,140414.63334021898,27189889600.0,sum of states
2015,11-2022,364970.0,130232.38320957887,47530912900.0,sum of states
2015,11-2030,60550.0,119189.15937241948,7216903600.0,sum of states
2015,11-3021,342450.0,140773.95941013287,48208042400.0,sum of states
2015,11-3031,535360.0,133915.14663030484,71692812900.0,sum of states
2015,11-3051,170570.0,103706.43020460808,17689205800.0,sum of states
2015,11-3061,71520.0,114281.84144295302,8173437300.0,sum of states
2015,11-3071,110040.0,94983.35150854234,10451968000.0,sum of states
2015,11-3111,15880.0,121616.03274559193,1931262600.0,sum of states
2015,11-3121,124010.0,116617.9783888396,14461795500.0,sum of states
2015,11-3131,31430.0,111633.13394845689,3508629400.0,sum of states
2015,11-9013,3750.0,70327.49333333333,263728100.0,sum of states
2015,11-9021,240340.0,97422.54264791546,23414533900.0,sum of states
2015,11-9031,46970.0,52685.226740472644,2474625100.0,sum of states
2015,11-9032,236990.0,92604.21578969577,21946273100.0,sum of states
2015,11-9033,123510.0,102425.98494049064,12650633400.0,sum of states
2015,11-9039,29440.0,85544.13722826086,2518419400.0,sum of states
2015,11-9041,179950.0,141579.8049458183,25477285900.0,sum of states
2015,11-9051,203170.0,53444.09706157405,10858237200.0,sum of states
2015,11-9070,3700.0,77184.62162162163,285583100.0,sum of states
2015,11-9081,35210.0,58002.18403862539,2042256900.0,sum of states
2015,11-9111,315940.0,105968.62568842185,33479727600.0,sum of states
2015,11-9121,50450.0,135702.5113974232,6846191700.0,sum of states
2015,11-9131,14740.0,70633.37856173677,1041136000.0,sum of states
2015,11-9141,174640.0,68208.5833715071,11911947000.0,sum of states
2015,11-9151,120100.0,69361.58950874272,8330326900.0,sum of states
2015,11-9171,7930.0,84744.02269861287,672020100.0,sum of states
2015,11-9199,363460.0,110528.22896604854,40172590100.0,sum of states
2015,13-1011,12160.0,97122.40953947368,1181008500.0,sum of states
2015,13-1021,10530.0,60050.34188034188,632330100.0,sum of states
2015,13-1022,108860.0,58732.63365790924,6393634500.0,sum of states
2015,13-1023,293740.0,65907.36671886702,19359629900.0,sum of states
2015,13-1031,273830.0,64104.58277033196,17553757900.0,sum of states
2015,13-1032,11960.0,64614.4983277592,772789400.0,sum of states
2015,13-1041,260760.0,68854.34460806873,17954458900.0,sum of states
2015,13-1051,216730.0,64751.85299681631,14033669100.0,sum of states
2015,13-1071,493830.0,63562.96296296296,31389298000.0,sum of states
2015,13-1074,570.0,55194.73684210526,31461000.0,sum of states
2015,13-1075,79140.0,60764.68410411928,4808917100.0,sum of states
2015,13-1111,615330.0,91687.7631514797,56418231300.0,sum of states
2015,13-1121,85400.0,51320.83489461358,4382799300.0,sum of states
2015,13-1131,62730.0,57168.683245655986,3586191500.0,sum of states
2015,13-1141,80020.0,65023.50162459385,5203180600.0,sum of states
2015,13-1151,253970.0,62293.86462968067,15820772800.0,sum of states
2015,13-1199,933560.0,73217.26734221689,68352712100.0,sum of states
2015,13-2011,1237040.0,74973.08227704844,92744701700.0,sum of states
2015,13-2020,60270.0,58122.08229633317,3503017900.0,sum of states
2015,13-2031,55030.0,75029.90187170634,4128895500.0,sum of states
2015,13-2041,68490.0,79334.61965250401,5433628100.0,sum of states
2015,13-2051,268560.0,95266.06307715223,25584653900.0,sum of states
2015,13-2052,197170.0,117969.76669878785,23260098900.0,sum of states
2015,13-2053,90660.0,72464.96360026473,6569673600.0,sum of states
2015,13-2061,43060.0,87882.09475150952,3784203000.0,sum of states
2015,13-2071,27640.0,49364.48263386397,1364434300.0,sum of states
2015,13-2072,305470.0,74962.00314269814,22898643100.0,sum of states
2015,13-2081,58230.0,56588.6038124678,3295154400.0,sum of states
2015,13-2082,70400.0,44721.58096590909,3148399300.0,sum of states
2015,13-2099,115170.0,72566.56160458452,8357490900.0,sum of states
2015,15-1211,557150.0,90099.08319124114,50198704200.0,sum of states
2015,15-1212,88870.0,93059.5521548329,8270202400.0,sum of states
2015,15-1221,23780.0,115495.97981497056,2746494400.0,sum of states
2015,15-1241,146830.0,102876.62807328203,15105375300.0,sum of states
2015,15-1244,375340.0,82127.22864602761,30825634000.0,sum of states
2015,15-1299,216200.0,87690.72340425532,18958734400.0,sum of states
2015,15-2011,18430.0,109953.1036353771,2026435700.0,sum of states
2015,15-2021,2250.0,114356.84444444445,257302900.0,sum of states
2015,15-2031,95390.0,84193.3661809414,8031205200.0,sum of states
2015,15-2041,29780.0,84108.21692411014,2504742700.0,sum of states
2015,15-2099,1290.0,80522.24806201551,103873700.0,sum of states
2015,17-1011,93690.0,82777.35937666774,7755410800.0,sum of states
2015,17-1012,18590.0,68740.93598708983,1277894000.0,sum of states
2015,17-1021,11520.0,65548.4375,755118000.0,sum of states
2015,17-1022,43030.0,61737.11131768533,2656547900.0,sum of states
2015,17-2011,56660.0,109970.24885280621,6230914300.0,sum of states
2015,17-2021,1730.0,77839.19075144509,134661800.0,sum of states
2015,17-2031,19860.0,90751.22356495468,1802319300.0,sum of states
2015,17-2041,32120.0,103910.13698630137,3337593600.0,sum of states
2015,17-2051,277280.0,87718.80553952683,24322670400.0,sum of states
2015,17-2061,69650.0,113772.22828427854,7924235700.0,sum of states
2015,17-2071,179420.0,97191.98695797569,17438186300.0,sum of states
2015,17-2072,133830.0,102416.26989464245,13706369400.0,sum of states
2015,17-2081,52860.0,87924.7767688233,4647703700.0,sum of states
2015,17-2111,24830.0,87869.82682239226,2181807800.0,sum of states
2015,17-2112,249320.0,86848.97521257821,21653186500.0,sum of states
2015,17-2121,6500.0,101796.36923076923,661676400.0,sum of states
2015,17-2131,24610.0,92254.66477041853,2270387300.0,sum of states
2015,17-2141,279150.0,88084.08561705177,24588672500.0,sum of states
2015,17-2151,6880.0,108804.94186046511,748578000.0,sum of states
2015,17-2161,13480.0,105485.01483679525,1421938000.0,sum of states
2015,17-2171,33500.0,150290.29253731342,5034724800.0,sum of states
2015,17-2199,125410.0,98123.04281955188,12305610800.0,sum of states
2015,17-3011,95680.0,53381.422449832775,5107534500.0,sum of states
2015,17-3012,28860.0,62903.991683991684,1815409200.0,sum of states
2015,17-3013,65440.0,56520.55012224939,3698704800.0,sum of states
2015,17-3019,14990.0,53467.95863909273,801484700.0,sum of states
2015,17-3021,7690.0,66000.67620286086,507545200.0,sum of states
2015,17-3022,71860.0,51176.50292234901,3677543500.0,sum of states
2015,17-3023,136130.0,61693.957981341366,8398398500.0,sum of states
2015,17-3024,14160.0,55993.213276836155,792863900.0,sum of states
2015,17-3025,17450.0,51094.441260744985,891598000.0,sum of states
2015,17-3026,61940.0,56039.08621246368,3471061000.0,sum of states
2015,17-3027,48960.0,56215.919117647056,2752331400.0,sum of states
2015,17-3029,70880.0,62770.3809255079,4449164600.0,sum of states
2015,17-3031,50940.0,44577.03376521398,2270754100.0,sum of states
2015,19-1011,1880.0,66301.1170212766,124646100.0,sum of states
2015,19-1012,12900.0,69881.73643410853,901474400.0,sum of states
2015,19-1013,14470.0,65925.23842432619,953938200.0,sum of states
2015,19-1021,25890.0,92788.37388953264,2402291000.0,sum of states
2015,19-1022,20040.0,77842.07085828343,1559955100.0,sum of states
2015,19-1023,17810.0,64021.27456485121,1140218900.0,sum of states
2015,19-1029,31860.0,77114.89956057753,2456880700.0,sum of states
2015,19-1031,19850.0,63546.11586901763,1261390400.0,sum of states
2015,19-1032,8490.0,60548.28032979977,514054900.0,sum of states
2015,19-1041,4970.0,77634.86921529175,385845300.0,sum of states
2015,19-1042,100250.0,94039.82443890274,9427492400.0,sum of states
2015,19-1099,8770.0,80243.70581527936,703737300.0,sum of states
2015,19-2011,540.0,102347.22222222222,55267500.0,sum of states
2015,19-2012,14620.0,117368.82352941176,1715932200.0,sum of states
2015,19-2021,9590.0,90223.0031282586,865238600.0,sum of states
2015,19-2031,83830.0,77233.21841822736,6474460700.0,sum of states
2015,19-2032,6190.0,95238.04523424878,589523500.0,sum of states
2015,19-2041,87430.0,73726.10888710969,6445873700.0,sum of states
2015,19-2042,31770.0,105629.26660371419,3355841800.0,sum of states
2015,19-2043,6000.0,84509.65,507057900.0,sum of states
2015,19-2099,18170.0,94789.09741331865,1722317900.0,sum of states
2015,19-3011,18850.0,109128.81697612732,2057078200.0,sum of states
2015,19-3022,13160.0,59681.72492401216,785411500.0,sum of states
2015,19-3031,105430.0,75974.0292136963,8009941900.0,sum of states
2015,19-3032,210.0,99113.33333333333,20813800.0,sum of states
2015,19-3039,12080.0,92828.91556291391,1121373300.0,sum of states
2015,19-3041,2150.0,81756.6511627907,175776800.0,sum of states
2015,19-3051,35480.0,70683.47519729425,2507849700.0,sum of states
2015,19-3091,6230.0,64388.68378812199,401141500.0,sum of states
2015,19-3092,660.0,79466.66666666667,52448000.0,sum of states
2015,19-3093,2540.0,61787.55905511811,156940400.0,sum of states
2015,19-3094,3550.0,105330.47887323944,373923200.0,sum of states
2015,19-3099,33300.0,80922.54054054055,2694720600.0,sum of states
2015,19-4010,19940.0,38966.55466399198,776993100.0,sum of states
2015,19-4021,72960.0,45199.12691885965,3297728300.0,sum of states
2015,19-4031,65780.0,48478.72909698997,3188930800.0,sum of states
2015,19-4040,16090.0,61123.41827221877,983475800.0,sum of states
2015,19-4051,4080.0,78495.6862745098,320262400.0,sum of states
2015,19-4061,27460.0,45807.214129643115,1257866100.0,sum of states
2015,19-4092,13800.0,59694.840579710144,823788800.0,sum of states
2015,19-4099,72460.0,48258.255589290646,3496793200.0,sum of states
2015,21-1012,255060.0,56369.80122324159,14377681500.0,sum of states
2015,21-1013,30490.0,52750.83961954739,1608373100.0,sum of states
2015,21-1015,100480.0,37998.99880573248,3818139400.0,sum of states
2015,21-1019,26230.0,47742.256957682046,1252279400.0,sum of states
2015,21-1021,297770.0,46436.88585149612,13827511500.0,sum of states
2015,21-1022,155290.0,53939.314186361,8376236100.0,sum of states
2015,21-1023,109780.0,47112.76644197486,5172039500.0,sum of states
2015,21-1029,60800.0,57455.95559210526,3493322100.0,sum of states
2015,21-1091,58030.0,56494.57177322075,3278380000.0,sum of states
2015,21-1092,85490.0,53366.070885483685,4562265400.0,sum of states
2015,21-1093,364770.0,33050.28949749157,12055754100.0,sum of states
2015,21-1094,47080.0,40007.64868309261,1883560100.0,sum of states
2015,21-1099,95530.0,44164.21019575003,4219007000.0,sum of states
2015,21-2011,48320.0,48081.221026490064,2323284600.0,sum of states
2015,21-2021,19180.0,44729.11366006257,857904400.0,sum of states
2015,21-2099,7410.0,34951.40350877193,258989900.0,sum of states
2015,23-1011,613110.0,135934.53050839165,83342820000.0,sum of states
2015,23-1012,8990.0,55888.32035595106,502436000.0,sum of states
2015,23-1021,14290.0,92267.85864240727,1318507700.0,sum of states
2015,23-1022,5540.0,66236.17328519856,366948400.0,sum of states
2015,23-1023,23140.0,110881.90579083837,2565807300.0,sum of states
2015,23-2011,272650.0,52356.001100311754,14274863700.0,sum of states
2015,23-2093,53890.0,49751.82408610132,2681125800.0,sum of states
2015,23-2099,45310.0,64526.02736702715,2923674300.0,sum of states
2015,25-1011,86070.0,91622.56070640177,7885953800.0,sum of states
2015,25-1021,34070.0,84308.61755209861,2872394600.0,sum of states
2015,25-1022,54080.0,77230.2625739645,4176612600.0,sum of states
2015,25-1031,5060.0,83336.62055335968,421683300.0,sum of states
2015,25-1032,34750.0,103314.07194244604,3590164000.0,sum of states
2015,25-1041,7170.0,94923.02649930265,680598100.0,sum of states
2015,25-1042,51720.0,86696.718870843,4483954300.0,sum of states
2015,25-1043,900.0,95212.44444444444,85691200.0,sum of states
2015,25-1051,9640.0,92633.27800829876,892984800.0,sum of states
2015,25-1052,21680.0,85812.29704797048,1860410600.0,sum of states
2015,25-1053,5010.0,88732.53493013972,444550000.0,sum of states
2015,25-1054,14070.0,93886.01990049751,1320976300.0,sum of states
2015,25-1061,5590.0,86179.69588550983,481744500.0,sum of states
2015,25-1062,8780.0,81974.58997722095,719736900.0,sum of states
2015,25-1063,13150.0,107120.85171102661,1408639200.0,sum of states
2015,25-1064,3940.0,79584.69543147208,313563700.0,sum of states
2015,25-1065,17220.0,88832.06736353078,1529688200.0,sum of states
2015,25-1066,37790.0,79695.39825350622,3011689100.0,sum of states
2015,25-1067,16320.0,76568.86029411765,1249603800.0,sum of states
2015,25-1069,11170.0,79544.70008952552,888514300.0,sum of states
2015,25-1071,159830.0,111856.01764374648,17877947300.0,sum of states
2015,25-1072,58070.0,72645.17823316687,4218505500.0,sum of states
2015,25-1081,60250.0,67880.94937759337,4089827200.0,sum of states
2015,25-1082,4470.0,72967.09172259508,326162900.0,sum of states
2015,25-1111,14430.0,64268.28828828829,927391400.0,sum of states
2015,25-1112,13330.0,124327.26931732934,1657282500.0,sum of states
2015,25-1113,11450.0,68948.69868995633,789462600.0,sum of states
2015,25-1121,97450.0,76566.70702924576,7461425600.0,sum of states
2015,25-1122,29040.0,70267.9476584022,2040581200.0,sum of states
2015,25-1123,75340.0,71251.1202548447,5368059400.0,sum of states
2015,25-1124,29980.0,69348.96264176117,2079081900.0,sum of states
2015,25-1125,23710.0,76659.99156474062,1817608400.0,sum of states
2015,25-1126,23710.0,75157.35132855336,1781980800.0,sum of states
2015,25-1192,3040.0,69004.70394736843,209774300.0,sum of states
2015,25-1193,17800.0,66222.12359550562,1178753800.0,sum of states
2015,25-1194,121670.0,53886.55543683735,6556377200.0,sum of states
2015,25-1199,88320.0,69202.2463768116,6111942400.0,sum of states
2015,25-2011,373280.0,32427.403557651094,12104501200.0,sum of states
2015,25-2012,158500.0,54447.359621451105,8629906500.0,sum of states
2015,25-2021,1397000.0,57488.9883321403,80312116700.0,sum of states
2015,25-2022,634280.0,58690.69086207984,37226331400.0,sum of states
2015,25-2023,12000.0,59259.65,711115800.0,sum of states
2015,25-2031,973250.0,60176.803596198304,58567074100.0,sum of states
2015,25-2032,78890.0,57651.490683229815,4548126100.0,sum of states
2015,25-2051,27400.0,58101.57299270073,1591983100.0,sum of states
2015,25-2052,197020.0,58493.17226677495,11524324800.0,sum of states
2015,25-2059,39390.0,56199.9492256918,2213716000.0,sum of states
2015,25-3011,62800.0,54123.35668789809,3398946800.0,sum of states
2015,25-3021,218000.0,42311.21605504587,9223845100.0,sum of states
2015,25-3097,276520.0,47017.23202661652,13001205000.0,sum of states
2015,25-4011,5260.0,53997.49049429658,284026800.0,sum of states
2015,25-4012,11880.0,56983.5101010101,676964100.0,sum of states
2015,25-4013,10650.0,44941.333333333336,478625200.0,sum of states
2015,25-4022,133250.0,58644.87204502814,7814429200.0,sum of states
2015,25-4031,91930.0,34114.69596432068,3136164000.0,sum of states
2015,25-9021,8270.0,49662.51511487304,410709000.0,sum of states
2015,25-9031,140780.0,64580.20599516977,9091601400.0,sum of states
2015,25-9040,1236670.0,26506.076236991274,32779269300.0,sum of states
2015,25-9099,104870.0,44561.076570992656,4673120100.0,sum of states
2015,27-1011,34820.0,101814.14417001723,3545168500.0,sum of states
2015,27-1012,4160.0,36731.85096153846,152804500.0,sum of states
2015,27-1013,11070.0,54876.16982836495,607479200.0,sum of states
2015,27-1014,28760.0,70208.73087621697,2019203100.0,sum of states
2015,27-1019,6000.0,65194.48333333333,391166900.0,sum of states
2015,27-1021,30830.0,69818.44307492703,2152502600.0,sum of states
2015,27-1022,17160.0,73511.01981351982,1261449100.0,sum of states
2015,27-1023,44550.0,26984.729517396183,1202169700.0,sum of states
2015,27-1024,205890.0,51520.54495118753,10607565000.0,sum of states
2015,27-1025,51060.0,55493.59185272229,2833502800.0,sum of states
2015,27-1026,97250.0,29735.44473007712,2891772000.0,sum of states
2015,27-1027,10410.0,55348.146013448604,576174200.0,sum of states
2015,27-1029,6300.0,62815.71428571428,395739000.0,sum of states
2015,27-2012,105210.0,89456.71133922631,9411740600.0,sum of states
2015,27-2021,5820.0,58365.70446735395,339688400.0,sum of states
2015,27-2022,224670.0,40011.57697957003,8989401000.0,sum of states
2015,27-2023,15930.0,31080.28876333961,495109000.0,sum of states
2015,27-2032,2540.0,51076.850393700784,129735200.0,sum of states
2015,27-2041,20970.0,58674.69241773963,1230408300.0,sum of states
2015,27-3011,29080.0,44786.258596973865,1302384400.0,sum of states
2015,27-3031,218810.0,65611.85092089027,14356529100.0,sum of states
2015,27-3041,97040.0,64843.81801319044,6292444100.0,sum of states
2015,27-3042,49830.0,73278.85410395345,3651485300.0,sum of states
2015,27-3043,42390.0,68999.6178343949,2924893800.0,sum of states
2015,27-3091,49000.0,48579.655102040815,2380403100.0,sum of states
2015,27-3099,20720.0,51735.07722007722,1071950800.0,sum of states
2015,27-4011,62810.0,46466.12482088839,2918537300.0,sum of states
2015,27-4012,28310.0,44002.16178028965,1245701200.0,sum of states
2015,27-4014,12640.0,62837.412974683546,794264900.0,sum of states
2015,27-4021,49710.0,40088.48521424261,1992798600.0,sum of states
2015,27-4031,19280.0,59079.5643153527,1139054000.0,sum of states
2015,27-4032,25960.0,81444.88443759631,2114309200.0,sum of states
2015,27-4099,17110.0,71363.7463471654,1221033700.0,sum of states
2015,29-1011,32020.0,78303.40099937539,2507274900.0,sum of states
2015,29-1021,100080.0,172319.08573141487,17245694100.0,sum of states
2015,29-1022,2470.0,222472.995951417,549508300.0,sum of states
2015,29-1023,3230.0,217388.3281733746,702164300.0,sum of states
2015,29-1029,3230.0,193394.70588235295,624664900.0,sum of states
2015,29-1031,60230.0,58190.720571143946,3504827100.0,sum of states
2015,29-1041,35300.0,115751.33994334277,4086022300.0,sum of states
2015,29-1051,298040.0,118972.68252583545,35458618300.0,sum of states
2015,29-1071,98440.0,99276.26269809021,9772755300.0,sum of states
2015,29-1081,9070.0,136545.38037486217,1238466600.0,sum of states
2015,29-1122,114890.0,81616.28079032118,9376894500.0,sum of states
2015,29-1123,210240.0,85674.6171042618,18012231500.0,sum of states
2015,29-1124,16690.0,84450.71300179749,1409482400.0,sum of states
2015,29-1125,17980.0,47682.48609566184,857331100.0,sum of states
2015,29-1126,120830.0,59494.52784904411,7188723800.0,sum of states
2015,29-1127,131590.0,76877.59480203663,10116322700.0,sum of states
2015,29-1128,6270.0,49721.562998405105,311754200.0,sum of states
2015,29-1129,10410.0,59380.04803073967,618146300.0,sum of states
2015,29-1131,65460.0,98514.63947448824,6448768300.0,sum of states
2015,29-1141,2764180.0,70767.02982439639,195612808500.0,sum of states
2015,29-1151,38790.0,158469.5772106213,6147034900.0,sum of states
2015,29-1161,5120.0,102085.68359375,522678700.0,sum of states
2015,29-1171,137550.0,100160.3118865867,13777050900.0,sum of states
2015,29-1181,11600.0,77167.70689655172,895145400.0,sum of states
2015,29-1292,200610.0,72710.82548227905,14586518700.0,sum of states
2015,29-2031,51750.0,55792.24541062802,2887248700.0,sum of states
2015,29-2032,61580.0,70633.42968496266,4349606600.0,sum of states
2015,29-2033,19760.0,74802.04453441295,1478088400.0,sum of states
2015,29-2034,196990.0,58293.12706228743,11483163100.0,sum of states
2015,29-2035,33720.0,68055.37959667853,2294827400.0,sum of states
2015,29-2051,28980.0,29140.910973084887,844503600.0,sum of states
2015,29-2052,384580.0,31563.168911539862,12138563500.0,sum of states
2015,29-2053,57900.0,36326.65630397237,2103313400.0,sum of states
2015,29-2055,101210.0,45699.14830550341,4625210800.0,sum of states
2015,29-2056,95990.0,33289.424940097924,3195451900.0,sum of states
2015,29-2057,38860.0,36686.02933607823,1425619100.0,sum of states
2015,29-2061,702290.0,43877.560551908755,30814772000.0,sum of states
2015,29-2072,191620.0,40272.95219705667,7717103100.0,sum of states
2015,29-2081,74140.0,36701.80334502293,2721071700.0,sum of states
2015,29-2091,6670.0,69674.90254872564,464731600.0,sum of states
2015,29-2092,4680.0,51849.081196581195,242653700.0,sum of states
2015,29-2099,104440.0,45680.01627728839,4770820900.0,sum of states
2015,29-9091,23380.0,46936.698032506414,1097380000.0,sum of states
2015,29-9092,1990.0,73313.36683417085,145893600.0,sum of states
2015,29-9099,39380.0,56409.47943118334,2221405300.0,sum of states
2015,31-1122,1358720.0,21706.419865756005,29492946800.0,sum of states
2015,31-2011,35440.0,58339.28329571106,2067544200.0,sum of states
2015,31-2012,6950.0,30252.071942446044,210251900.0,sum of states
2015,31-2021,81850.0,55017.01771533293,4503142900.0,sum of states
2015,31-2022,50150.0,27447.170488534397,1376475600.0,sum of states
2015,31-9011,92330.0,43119.398895266975,3981214100.0,sum of states
2015,31-9091,325510.0,36790.446990875855,11975658400.0,sum of states
2015,31-9092,601490.0,31903.559493923425,19189672000.0,sum of states
2015,31-9093,50190.0,34937.381948595335,1753507200.0,sum of states
2015,31-9094,58000.0,35687.65862068965,2069884200.0,sum of states
2015,31-9095,37930.0,27180.999209069338,1030975300.0,sum of states
2015,31-9096,75930.0,25912.27973133149,1967519400.0,sum of states
2015,31-9097,118100.0,32757.785774767148,3868694500.0,sum of states
2015,31-9099,94740.0,36841.20012666244,3490335300.0,sum of states
2015,33-1011,39790.0,63395.260115606936,2522497400.0,sum of states
2015,33-1012,98800.0,82300.01821862349,8131241800.0,sum of states
2015,33-1021,58120.0,74765.76393668272,4345386200.0,sum of states
2015,33-2011,319680.0,49176.02852852853,15720592800.0,sum of states
2015,33-2021,11850.0,59570.29535864979,705908000.0,sum of states
2015,33-2022,1100.0,47229.90909090909,51952900.0,sum of states
2015,33-3011,17210.0,43030.122022080184,740548400.0,sum of states
2015,33-3012,426860.0,45127.62919926908,19263179800.0,sum of states
2015,33-3021,107270.0,79543.89950591965,8532674100.0,sum of states
2015,33-3031,5050.0,55713.762376237624,281354500.0,sum of states
2015,33-3051,667570.0,60572.55089353926,40436417800.0,sum of states
2015,33-3052,2780.0,60446.546762589925,168041400.0,sum of states
2015,33-9011,12680.0,35558.68296529968,450884100.0,sum of states
2015,33-9021,25660.0,49427.99298519096,1268322300.0,sum of states
2015,33-9031,10210.0,33158.628795298726,338549600.0,sum of states
2015,33-9032,1119950.0,28214.464931470156,31598790000.0,sum of states
2015,33-9092,141930.0,21924.335940252236,3111721000.0,sum of states
2015,33-9093,32270.0,39843.07716145027,1285736100.0,sum of states
2015,33-9099,120290.0,32610.57361376673,3922725900.0,sum of states
2015,35-1011,130320.0,45816.42495395948,5970796500.0,sum of states
2015,35-1012,894150.0,33216.55236817089,29700580300.0,sum of states
2015,35-2011,528170.0,19560.137266410435,10331077700.0,sum of states
2015,35-2012,409260.0,25483.26467282412,10429280900.0,sum of states
2015,35-2014,1158390.0,24390.64373829194,28253877800.0,sum of states
2015,35-2015,193770.0,21931.431078082263,4249653400.0,sum of states
2015,35-2019,14540.0,28284.718019257223,411259800.0,sum of states
2015,35-2021,872630.0,21997.757239608996,19195902900.0,sum of states
2015,35-3031,2519430.0,22991.835653302533,57926320500.0,sum of states
2015,35-3041,257470.0,23001.054880180214,5922081600.0,sum of states
2015,35-9011,413540.0,21401.750253905306,8850479800.0,sum of states
2015,35-9021,507950.0,20339.973619450735,10331689600.0,sum of states
2015,35-9031,392980.0,20518.852867830425,8063498800.0,sum of states
2015,35-9099,49870.0,23219.43452977742,1157953200.0,sum of states
2015,37-1011,167820.0,39912.07245858658,6698044000.0,sum of states
2015,37-1012,104050.0,46791.843344545894,4868691300.0,sum of states
2015,37-2011,2176970.0,26078.988869851215,56773176400.0,sum of states
2015,37-2012,930910.0,22973.32534831509,21386098300.0,sum of states
2015,37-2019,9030.0,30389.911406423034,274420900.0,sum of states
2015,37-2021,70550.0,34030.79092841956,2400872300.0,sum of states
2015,37-3011,903460.0,27387.24736014876,24743282500.0,sum of states
2015,37-3012,22840.0,34685.60858143608,792219300.0,sum of states
2015,37-3013,37980.0,36089.39178515008,1370675100.0,sum of states
2015,37-3019,16380.0,33051.4652014652,541383000.0,sum of states
2015,39-2011,11600.0,33671.64655172414,390591100.0,sum of states
2015,39-2021,174400.0,23623.90252293578,4120008600.0,sum of states
2015,39-3011,84790.0,21837.321618115344,1851586500.0,sum of states
2015,39-3012,10360.0,25883.0888030888,268148800.0,sum of states
2015,39-3019,10540.0,25608.301707779887,269911500.0,sum of states
2015,39-3021,4590.0,24316.666666666668,111613500.0,sum of states
2015,39-3031,112490.0,21107.80069339497,2374416500.0,sum of states
2015,39-3091,275060.0,21346.436050316293,5871550700.0,sum of states
2015,39-3092,5710.0,54330.052539404554,310224600.0,sum of states
2015,39-3093,17420.0,23949.42594718714,417199000.0,sum of states
2015,39-3099,10970.0,24186.29899726527,265323700.0,sum of states
2015,39-4011,3340.0,41000.62874251497,136942100.0,sum of states
2015,39-4021,35680.0,25719.105941704034,917657700.0,sum of states
2015,39-4031,25430.0,52996.51985843492,1347701500.0,sum of states
2015,39-5011,9210.0,29215.98262757872,269079200.0,sum of states
2015,39-5012,348930.0,28747.032356059954,10030702000.0,sum of states
2015,39-5091,2420.0,72731.52892561983,176010300.0,sum of states
2015,39-5092,81210.0,23579.29442186923,1914874500.0,sum of states
2015,39-5093,14880.0,20357.49327956989,302919500.0,sum of states
2015,39-5094,40190.0,35167.270465289876,1413372600.0,sum of states
2015,39-6011,47180.0,24350.006358626535,1148833300.0,sum of states
2015,39-6012,31840.0,30719.751884422112,978116900.0,sum of states
2015,39-9011,575700.0,22286.163453187422,12830144300.0,sum of states
2015,39-9031,238070.0,40971.56592598816,9754100700.0,sum of states
2015,39-9032,337590.0,26577.799994075653,8972399500.0,sum of states
2015,39-9041,102580.0,27134.09728992006,2783415700.0,sum of states
2015,39-9099,56380.0,24958.04363249379,1407134500.0,sum of states
2015,41-1011,1206670.0,42754.9717818459,51591141800.0,sum of states
2015,41-1012,249450.0,84635.6584485869,21112365000.0,sum of states
2015,41-2011,3513640.0,20952.72503728327,73620332800.0,sum of states
2015,41-2012,20840.0,24580.17274472169,512250800.0,sum of states
2015,41-2021,448960.0,28181.975454383464,12652579700.0,sum of states
2015,41-2022,240690.0,32632.046200506877,7854207200.0,sum of states
2015,41-2031,4657570.0,26270.974156051332,122358901100.0,sum of states
2015,41-3011,150540.0,61529.56888534609,9262661300.0,sum of states
2015,41-3021,388100.0,64621.731254831226,25079693900.0,sum of states
2015,41-3031,318650.0,102655.5471520477,32711190100.0,sum of states
2015,41-3041,67080.0,38665.263864042936,2593665900.0,sum of states
2015,41-3091,889760.0,62245.51204819277,55383566800.0,sum of states
2015,41-4011,335750.0,88970.60342516753,29871880100.0,sum of states
2015,41-4012,1417270.0,66592.5912493738,94379681800.0,sum of states
2015,41-9011,82790.0,29185.405242179007,2416259700.0,sum of states
2015,41-9012,1590.0,44719.43396226415,71103900.0,sum of states
2015,41-9021,38560.0,80156.00622406638,3090815600.0,sum of states
2015,41-9022,151910.0,58321.09867684813,8859558100.0,sum of states
2015,41-9031,72180.0,107162.44389027431,7734985200.0,sum of states
2015,41-9041,228920.0,26388.918399440852,6040951200.0,sum of states
2015,41-9091,6240.0,25743.94230769231,160642200.0,sum of states
2015,41-9099,83460.0,40589.56266474958,3387604900.0,sum of states
2015,43-1011,1441960.0,55925.502787872065,80642338000.0,sum of states
2015,43-2011,101260.0,28928.011060635985,2929250400.0,sum of states
2015,43-2021,6770.0,35154.88921713442,237998600.0,sum of states
2015,43-2099,1170.0,40085.042735042734,46899500.0,sum of states
2015,43-3011,320620.0,36479.64225562972,11696102900.0,sum of states
2015,43-3021,495450.0,36161.96205469775,17916444100.0,sum of states
2015,43-3031,1588890.0,38905.18342994166,61816056900.0,sum of states
2015,43-3041,16860.0,27725.925266903916,467459100.0,sum of states
2015,43-3051,167830.0,42018.098075433474,7051897400.0,sum of states
2015,43-3061,72100.0,40880.46185852982,2947481300.0,sum of states
2015,43-3071,501910.0,27199.3164113088,13651608900.0,sum of states
2015,43-3099,32000.0,42346.621875,1355091900.0,sum of states
2015,43-4011,57320.0,51663.87997208653,2961373600.0,sum of states
2015,43-4021,6590.0,36073.9908952959,237727600.0,sum of states
2015,43-4031,129650.0,38054.10335518704,4933714500.0,sum of states
2015,43-4041,40450.0,37597.12237330037,1520803600.0,sum of states
2015,43-4051,2611100.0,34494.24962659416,90067935200.0,sum of states
2015,43-4061,131560.0,42959.08862876254,5651697700.0,sum of states
2015,43-4071,141270.0,29866.565442061303,4219249700.0,sum of states
2015,43-4081,244350.0,22595.031716799673,5521096000.0,sum of states
2015,43-4111,180380.0,32866.16698081827,5928399200.0,sum of states
2015,43-4121,98990.0,26490.504091322357,2622295000.0,sum of states
2015,43-4131,216340.0,39040.87547379125,8446103000.0,sum of states
2015,43-4141,49760.0,35612.467845659165,1772076400.0,sum of states
2015,43-4151,185920.0,34060.551312392425,6332537700.0,sum of states
2015,43-4161,140640.0,38985.34485210467,5482898900.0,sum of states
2015,43-4171,980010.0,28395.266680952234,27827645300.0,sum of states
2015,43-4181,127670.0,36243.3829403932,4627192700.0,sum of states
2015,43-4199,179820.0,38582.79056834612,6937957400.0,sum of states
2015,43-5011,80240.0,43941.020687936194,3525827500.0,sum of states
2015,43-5021,75360.0,28782.13110403397,2169021400.0,sum of states
2015,43-5031,95860.0,39948.988107657,3829510000.0,sum of states
2015,43-5032,197930.0,40141.29288132168,7945166100.0,sum of states
2015,43-5041,34090.0,41205.998826635376,1404712500.0,sum of states
2015,43-5051,79350.0,49123.68367989918,3897964300.0,sum of states
2015,43-5052,316970.0,51128.035460769155,16206053400.0,sum of states
2015,43-5053,110500.0,50632.548416289595,5594896600.0,sum of states
2015,43-5061,310730.0,48141.03594760725,14958864100.0,sum of states
2015,43-5071,678320.0,32290.532197193064,21903313800.0,sum of states
2015,43-5111,70040.0,30893.432324386064,2163776000.0,sum of states
2015,43-6011,677540.0,55058.108746347076,37304071000.0,sum of states
2015,43-6012,206540.0,46098.94838772151,9521276800.0,sum of states
2015,43-6013,534520.0,34237.91251964379,18300849000.0,sum of states
2015,43-6014,2307220.0,35045.78601087022,80858338400.0,sum of states
2015,43-9021,201200.0,30693.88916500994,6175610500.0,sum of states
2015,43-9022,71490.0,38198.073856483425,2730780300.0,sum of states
2015,43-9031,12950.0,44003.181467181465,569841200.0,sum of states
2015,43-9041,263990.0,39503.3910375393,10428500200.0,sum of states
2015,43-9051,95760.0,29929.08103592314,2866008800.0,sum of states
2015,43-9061,2969570.0,31801.228191286955,94435973200.0,sum of states
2015,43-9071,62980.0,30934.38551921245,1948247600.0,sum of states
2015,43-9081,10050.0,37809.18407960199,379982300.0,sum of states
2015,43-9111,12810.0,43312.06869633099,554827600.0,sum of states
2015,43-9199,234310.0,34450.08407665059,8071999200.0,sum of states
2015,45-1011,19100.0,48165.65445026178,919964000.0,sum of states
2015,45-2011,14110.0,43978.72430900071,620539800.0,sum of states
2015,45-2021,470.0,38116.382978723406,17914700.0,sum of states
2015,45-2041,33980.0,23149.187757504413,786609400.0,sum of states
2015,45-2091,26150.0,29421.518164435947,769372700.0,sum of states
2015,45-2092,273360.0,22105.608355282413,6042789100.0,sum of states
2015,45-2093,31820.0,26074.211187932116,829681400.0,sum of states
2015,45-2099,3880.0,31760.567010309278,123231000.0,sum of states
2015,45-4011,5240.0,28470.13358778626,149183500.0,sum of states
2015,45-4021,3970.0,44239.62216624685,175631300.0,sum of states
2015,45-4022,26780.0,36963.648244958924,989886500.0,sum of states
2015,45-4023,2330.0,37425.407725321886,87201200.0,sum of states
2015,45-4029,2400.0,37661.166666666664,90386800.0,sum of states
2015,47-1011,521340.0,66572.50738481605,34706911000.0,sum of states
2015,47-2011,15440.0,60734.55310880829,937741500.0,sum of states
2015,47-2021,61730.0,51633.60926615908,3187342700.0,sum of states
2015,47-2022,11250.0,42264.862222222226,475479700.0,sum of states
2015,47-2031,643260.0,46637.06821502969,29999760500.0,sum of states
2015,47-2041,25120.0,43449.63375796178,1091454800.0,sum of states
2015,47-2042,8770.0,42593.32953249715,373543500.0,sum of states
2015,47-2043,3330.0,37892.73273273273,126182800.0,sum of states
2015,47-2044,34670.0,43982.757427170465,1524882200.0,sum of states
2015,47-2051,164680.0,41923.60517367015,6903979300.0,sum of states
2015,47-2053,2090.0,47710.76555023924,99715500.0,sum of states
2015,47-2071,53040.0,42855.75226244344,2273069100.0,sum of states
2015,47-2072,3040.0,55764.11184210526,169522900.0,sum of states
2015,47-2073,356960.0,48983.18831241596,17485038900.0,sum of states
2015,47-2081,86820.0,45423.087998157105,3943632500.0,sum of states
2015,47-2082,17060.0,53129.13247362251,906383000.0,sum of states
2015,47-2111,594540.0,55492.30901200928,32992397400.0,sum of states
2015,47-2121,42890.0,45537.507577523895,1953103700.0,sum of states
2015,47-2131,25490.0,38293.648489603765,976105100.0,sum of states
2015,47-2132,27250.0,49839.37614678899,1358123000.0,sum of states
2015,47-2141,214170.0,40485.25283653173,8670726600.0,sum of states
2015,47-2142,1800.0,39934.333333333336,71881800.0,sum of states
2015,47-2151,40580.0,41730.418925579106,1693420400.0,sum of states
2015,47-2152,392590.0,55026.575307572784,21602883200.0,sum of states
2015,47-2161,21090.0,41810.04741583689,881773900.0,sum of states
2015,47-2171,19620.0,53433.8124362895,1048371400.0,sum of states
2015,47-2181,110100.0,40556.03178928247,4465219100.0,sum of states
2015,47-2211,135750.0,49785.82541436464,6758425800.0,sum of states
2015,47-2221,64350.0,54540.26573426573,3509666100.0,sum of states
2015,47-2231,4500.0,41766.666666666664,187950000.0,sum of states
2015,47-3011,22900.0,32031.03056768559,733510600.0,sum of states
2015,47-3012,38470.0,28975.794125292436,1114698800.0,sum of states
2015,47-3013,73270.0,29793.80100996315,2182991800.0,sum of states
2015,47-3014,10020.0,27801.95608782435,278575600.0,sum of states
2015,47-3015,55550.0,29881.103510351037,1659895300.0,sum of states
2015,47-3016,10090.0,27862.705649157582,281134700.0,sum of states
2015,47-3019,18530.0,30160.690771721533,558877600.0,sum of states
2015,47-4011,91980.0,59873.24092193955,5507140700.0,sum of states
2015,47-4021,20180.0,77023.40436075322,1554332300.0,sum of states
2015,47-4031,18010.0,35257.945585785674,634995600.0,sum of states
2015,47-4041,41140.0,43978.94992707827,1809294000.0,sum of states
2015,47-4051,147480.0,37446.154732845134,5522558900.0,sum of states
2015,47-4061,13580.0,51904.56553755523,704864000.0,sum of states
2015,47-4071,26140.0,37767.69701606733,987247600.0,sum of states
2015,47-5011,18500.0,50928.18378378378,942171400.0,sum of states
2015,47-5012,24620.0,60544.38261575955,1490602700.0,sum of states
2015,47-5013,60530.0,50165.106558731204,3036493900.0,sum of states
2015,47-5023,18490.0,50009.972958355866,924684400.0,sum of states
2015,47-5041,9790.0,50042.07354443309,489911900.0,sum of states
2015,47-5049,890.0,48436.06741573034,43108100.0,sum of states
2015,47-5051,3140.0,34970.700636942674,109808000.0,sum of states
2015,47-5071,71310.0,38726.23895666807,2761568100.0,sum of states
2015,47-5081,22540.0,37107.34693877551,836399600.0,sum of states
2015,47-5099,4080.0,51350.02450980392,209508100.0,sum of states
2015,49-1011,448140.0,65754.59030660061,29467262100.0,sum of states
2015,49-2011,106840.0,38900.13571695994,4156090500.0,sum of states
2015,49-2021,14110.0,52044.18143160879,734343400.0,sum of states
2015,49-2022,219030.0,54425.77181208054,11920876800.0,sum of states
2015,49-2091,16190.0,60451.87770228536,978715900.0,sum of states
2015,49-2092,17080.0,43422.66978922717,741659200.0,sum of states
2015,49-2093,13200.0,58934.84090909091,777939900.0,sum of states
2015,49-2094,69910.0,56435.937634100985,3945436400.0,sum of states
2015,49-2095,23030.0,72005.08033000435,1658277000.0,sum of states
2015,49-2096,11950.0,33604.89539748954,401578500.0,sum of states
2015,49-2097,26690.0,39520.97414762083,1054814800.0,sum of states
2015,49-2098,65070.0,44728.42016290149,2910478300.0,sum of states
2015,49-3011,124330.0,60093.773023405454,7471458800.0,sum of states
2015,49-3021,143630.0,44488.845645060224,6389932900.0,sum of states
2015,49-3022,14670.0,35030.27266530334,513894100.0,sum of states
2015,49-3023,641550.0,40615.495752474475,26056871300.0,sum of states
2015,49-3031,252950.0,46012.576398497724,11638881200.0,sum of states
2015,49-3041,37000.0,38479.88108108108,1423755600.0,sum of states
2015,49-3042,122490.0,49996.24214221569,6124039700.0,sum of states
2015,49-3043,19020.0,53410.41009463723,1015866000.0,sum of states
2015,49-3051,20150.0,39469.66749379653,795313800.0,sum of states
2015,49-3052,15830.0,36245.66013897663,573768800.0,sum of states
2015,49-3053,31330.0,34452.97159272263,1079411600.0,sum of states
2015,49-3091,8950.0,28190.972067039107,252309200.0,sum of states
2015,49-3092,11820.0,37407.01353637902,442150900.0,sum of states
2015,49-3093,108340.0,26251.44637253092,2844081700.0,sum of states
2015,49-9011,15510.0,39828.5944551902,617741500.0,sum of states
2015,49-9012,42400.0,55663.856132075474,2360147500.0,sum of states
2015,49-9021,276130.0,47265.48292470937,13051417800.0,sum of states
2015,49-9031,34000.0,38825.29705882353,1320060100.0,sum of states
2015,49-9041,327500.0,51215.6106870229,16773112500.0,sum of states
2015,49-9043,92750.0,44475.48679245283,4125101400.0,sum of states
2015,49-9044,39600.0,52570.53787878788,2081793300.0,sum of states
2015,49-9045,1180.0,48732.1186440678,57503900.0,sum of states
2015,49-9051,116270.0,65449.392792637824,7609800900.0,sum of states
2015,49-9052,105590.0,53927.04138649493,5694156300.0,sum of states
2015,49-9061,2220.0,39044.81981981982,86679500.0,sum of states
2015,49-9062,41340.0,49282.21819061442,2037326900.0,sum of states
2015,49-9063,6470.0,37578.06800618238,243130100.0,sum of states
2015,49-9064,1360.0,39421.617647058825,53613400.0,sum of states
2015,49-9069,11980.0,54121.10183639399,648370800.0,sum of states
2015,49-9071,1322720.0,38862.9288133543,51404773200.0,sum of states
2015,49-9081,3310.0,52359.63746223565,173310400.0,sum of states
2015,49-9091,31980.0,34141.20387742339,1091835700.0,sum of states
2015,49-9092,1940.0,52548.865979381444,101944800.0,sum of states
2015,49-9094,17200.0,41256.70930232558,709615400.0,sum of states
2015,49-9095,950.0,30186.736842105263,28677400.0,sum of states
2015,49-9096,21470.0,46036.911970190966,988412500.0,sum of states
2015,49-9097,6320.0,62391.787974683546,394316100.0,sum of states
2015,49-9098,126150.0,28430.489892984544,3586506300.0,sum of states
2015,49-9099,143300.0,41033.71528262387,5880131400.0,sum of states
2015,51-1011,607720.0,59784.37092740078,36332157900.0,sum of states
2015,51-2011,16160.0,47901.7202970297,774091800.0,sum of states
2015,51-2021,13700.0,33202.55474452555,454875000.0,sum of states
2015,51-2031,33780.0,41130.74304322084,1389396500.0,sum of states
2015,51-2041,79590.0,39011.20618168112,3104901900.0,sum of states
2015,51-3011,178630.0,26177.19084140402,4676031600.0,sum of states
2015,51-3021,139680.0,30739.502434135167,4293693700.0,sum of states
2015,51-3022,153070.0,24746.49376102437,3787945800.0,sum of states
2015,51-3023,76500.0,26319.797385620914,2013464500.0,sum of states
2015,51-3091,18880.0,30439.17372881356,574691600.0,sum of states
2015,51-3092,134720.0,29100.94492280285,3920479300.0,sum of states
2015,51-3093,29620.0,28906.74881836597,856217900.0,sum of states
2015,51-3099,43540.0,25190.709692237022,1096803500.0,sum of states
2015,51-4021,72080.0,34582.16426193119,2492682400.0,sum of states
2015,51-4022,19130.0,36879.29430214323,705500900.0,sum of states
2015,51-4023,31690.0,41174.95424424108,1304834300.0,sum of states
2015,51-4031,195060.0,32997.40336306777,6436473500.0,sum of states
2015,51-4032,14690.0,37671.681415929204,553397000.0,sum of states
2015,51-4033,73520.0,34563.97578890098,2541143500.0,sum of states
2015,51-4034,39900.0,38091.624060150374,1519855800.0,sum of states
2015,51-4035,19180.0,39794.28571428572,763254400.0,sum of states
2015,51-4041,400210.0,42061.763823992405,16833538500.0,sum of states
2015,51-4051,19450.0,42672.30334190231,829976300.0,sum of states
2015,51-4052,9040.0,35327.986725663715,319365000.0,sum of states
2015,51-4061,5460.0,49553.49816849817,270562100.0,sum of states
2015,51-4062,3620.0,41724.36464088398,151042200.0,sum of states
2015,51-4071,11970.0,34052.50626566416,407608500.0,sum of states
2015,51-4072,136990.0,31413.836776407035,4303381500.0,sum of states
2015,51-4081,104880.0,35288.22082379863,3701028600.0,sum of states
2015,51-4111,74960.0,50973.684631803626,3820987400.0,sum of states
2015,51-4121,387700.0,40908.703120969825,15860304200.0,sum of states
2015,51-4122,47740.0,37875.86300795978,1808193700.0,sum of states
2015,51-4191,20240.0,38509.9209486166,779440800.0,sum of states
2015,51-4192,9490.0,46401.80189673341,440353100.0,sum of states
2015,51-4193,35150.0,32665.083926031293,1148177700.0,sum of states
2015,51-4194,9640.0,37443.65145228216,360956800.0,sum of states
2015,51-4199,21530.0,35859.39154667905,772052700.0,sum of states
2015,51-5111,35210.0,40047.56887247941,1410074900.0,sum of states
2015,51-5112,169140.0,36946.002719640535,6249046900.0,sum of states
2015,51-5113,52570.0,32116.03385961575,1688339900.0,sum of states
2015,51-6011,202840.0,22642.19187536975,4592742200.0,sum of states
2015,51-6021,48620.0,21599.93006993007,1050188600.0,sum of states
2015,51-6041,6270.0,24751.148325358852,155189700.0,sum of states
2015,51-6042,820.0,23255.365853658535,19069400.0,sum of states
2015,51-6051,5680.0,25169.278169014084,142961500.0,sum of states
2015,51-6052,15980.0,29094.461827284103,464929500.0,sum of states
2015,51-6061,10780.0,27550.500927643785,296994400.0,sum of states
2015,51-6062,14570.0,26839.471516815374,391051100.0,sum of states
2015,51-6063,22130.0,28140.198825124266,622742600.0,sum of states
2015,51-6064,26620.0,27569.849737039818,733909400.0,sum of states
2015,51-6091,18730.0,34018.84676988788,637173000.0,sum of states
2015,51-6092,4400.0,51350.75,225943300.0,sum of states
2015,51-6093,29100.0,33479.3676975945,974249600.0,sum of states
2015,51-6099,11900.0,28898.806722689074,343895800.0,sum of states
2015,51-7011,94020.0,33919.472452669645,3189108800.0,sum of states
2015,51-7021,16180.0,30770.908529048207,497873300.0,sum of states
2015,51-7031,570.0,34656.84210526316,19754400.0,sum of states
2015,51-7032,560.0,40490.71428571428,22674800.0,sum of states
2015,51-7041,47950.0,29141.816475495307,1397350100.0,sum of states
2015,51-7042,75350.0,29066.395487723956,2190152900.0,sum of states
2015,51-7099,6020.0,31965.16611295681,192430300.0,sum of states
2015,51-8011,2350.0,89339.27659574468,209947300.0,sum of states
2015,51-8012,10850.0,80258.50691244239,870804800.0,sum of states
2015,51-8013,36280.0,70837.52205071665,2569985300.0,sum of states
2015,51-8021,34050.0,60529.87371512481,2061042200.0,sum of states
2015,51-8031,115790.0,46559.69168321962,5391146700.0,sum of states
2015,51-8091,34450.0,58714.15674891147,2022702700.0,sum of states
2015,51-8092,15750.0,65361.961904761905,1029450900.0,sum of states
2015,51-8093,40370.0,66451.10478077781,2682631100.0,sum of states
2015,51-8099,10450.0,54887.29186602871,573572200.0,sum of states
2015,51-9011,68120.0,49465.02201996477,3369557300.0,sum of states
2015,51-9012,46050.0,41451.46145494028,1908839800.0,sum of states
2015,51-9021,30670.0,35346.26344962504,1084069900.0,sum of states
2015,51-9022,26970.0,30569.495736002966,824459300.0,sum of states
2015,51-9023,131510.0,36246.05961523839,4766719300.0,sum of states
2015,51-9031,14300.0,28633.04195804196,409452500.0,sum of states
2015,51-9032,63260.0,33224.049952576665,2101753400.0,sum of states
2015,51-9041,71540.0,33979.998602180596,2430929100.0,sum of states
2015,51-9051,19280.0,37036.924273858924,714071900.0,sum of states
2015,51-9061,512510.0,39328.86031492068,20156434200.0,sum of states
2015,51-9071,24000.0,42071.90416666667,1009725700.0,sum of states
2015,51-9081,37480.0,40516.36606189968,1518553400.0,sum of states
2015,51-9082,12170.0,39488.20049301561,480571400.0,sum of states
2015,51-9083,27800.0,33000.323741007196,917409000.0,sum of states
2015,51-9111,384360.0,29659.754396919554,11400023200.0,sum of states
2015,51-9123,15020.0,30936.364846870838,464664200.0,sum of states
2015,51-9141,20040.0,37330.209580838324,748097400.0,sum of states
2015,51-9151,23230.0,30478.256564786912,708009900.0,sum of states
2015,51-9191,17090.0,33738.42598010533,576589700.0,sum of states
2015,51-9192,17480.0,29787.20823798627,520680400.0,sum of states
2015,51-9193,7430.0,31689.05787348587,235449700.0,sum of states
2015,51-9194,8070.0,31815.576208178438,256751700.0,sum of states
2015,51-9195,38470.0,31603.80556277619,1215798400.0,sum of states
2015,51-9196,89440.0,36916.104651162794,3301776400.0,sum of states
2015,51-9197,14030.0,40208.752672843904,564128800.0,sum of states
2015,51-9198,440400.0,25987.865803814715,11445056100.0,sum of states
2015,51-9199,243420.0,31351.329800345084,7631540700.0,sum of states
2015,53-2011,64900.0,133788.29121725733,8682860100.0,sum of states
2015,53-2012,39540.0,84511.25189681335,3341574900.0,sum of states
2015,53-2021,21500.0,120007.02325581395,2580151000.0,sum of states
2015,53-2022,5760.0,53601.25,308743200.0,sum of states
2015,53-2031,68110.0,46180.926442519456,3145382900.0,sum of states
2015,53-3011,20110.0,25310.770760815514,508999600.0,sum of states
2015,53-3031,418550.0,27810.68020547127,11640160200.0,sum of states
2015,53-3032,1686930.0,42391.46485034945,71511433800.0,sum of states
2015,53-3033,831870.0,34004.28167862767,28287141800.0,sum of states
2015,53-3099,53570.0,33496.46070561882,1794405400.0,sum of states
2015,53-4011,29380.0,58487.73315180395,1718369600.0,sum of states
2015,53-4013,2770.0,44085.7761732852,122117600.0,sum of states
2015,53-4031,31890.0,57048.733145186576,1819284100.0,sum of states
2015,53-4041,1720.0,55846.22093023256,96055500.0,sum of states
2015,53-4099,1340.0,60531.64179104478,81112400.0,sum of states
2015,53-5011,25160.0,42016.60572337043,1057137800.0,sum of states
2015,53-5021,31580.0,82483.99303356555,2604844500.0,sum of states
2015,53-5022,2210.0,38700.67873303167,85528500.0,sum of states
2015,53-5031,8530.0,80383.99765533411,685675500.0,sum of states
2015,53-6011,2700.0,46209.59259259259,124765900.0,sum of states
2015,53-6021,142290.0,22185.189401925643,3156730600.0,sum of states
2015,53-6030,109580.0,23405.192553385656,2564741000.0,sum of states
2015,53-6041,6450.0,47719.95348837209,307793700.0,sum of states
2015,53-6051,24930.0,71709.57079823506,1787719600.0,sum of states
2015,53-6061,13640.0,30342.441348973607,413870900.0,sum of states
2015,53-6099,28490.0,38096.40575640576,1085366600.0,sum of states
2015,53-7011,32860.0,35066.010346926356,1152269100.0,sum of states
2015,53-7031,1450.0,42767.862068965514,62013400.0,sum of states
2015,53-7041,2140.0,51752.943925233645,110751300.0,sum of states
2015,53-7051,542700.0,34022.26073337019,18463880900.0,sum of states
2015,53-7061,336790.0,23882.93060957867,8043532200.0,sum of states
2015,53-7062,2498130.0,27822.901530344698,69505225000.0,sum of states
2015,53-7063,100130.0,30948.947368421053,3098918100.0,sum of states
2015,53-7064,712880.0,23667.950145887105,16872408300.0,sum of states
2015,53-7065,1953490.0,25869.692806208375,50536186200.0,sum of states
2015,53-7071,3490.0,58031.031518624644,202528300.0,sum of states
2015,53-7072,11790.0,45435.13146734521,535680200.0,sum of states
2015,53-7073,12290.0,48563.49064279902,596845300.0,sum of states
2015,53-7081,115810.0,36121.76582333132,4183261700.0,sum of states
2015,53-7121,7500.0,43138.28,323537100.0,sum of states
2015,53-7199,20110.0,36534.912978617605,734717100.0,sum of states
2016,11-1011,226470.0,192842.56766900694,43673056300.0,sum of states
2016,11-1021,2198270.0,121880.51158410932,267926272200.0,sum of states
2016,11-1031,49160.0,44881.228641171685,2206361200.0,sum of states
2016,11-2011,28080.0,118447.85612535612,3326015800.0,sum of states
2016,11-2021,206670.0,143900.22306091836,29739859100.0,sum of states
2016,11-2022,367460.0,134741.53921515268,49512126000.0,sum of states
2016,11-2030,64220.0,123121.39520398629,7906856000.0,sum of states
2016,11-3021,353910.0,145474.18383204768,51484768400.0,sum of states
2016,11-3031,547480.0,139267.72740556733,76246295400.0,sum of states
2016,11-3051,169530.0,107048.37668849171,18147911300.0,sum of states
2016,11-3061,70630.0,117863.75902590968,8324717300.0,sum of states
2016,11-3071,114190.0,97462.17357036518,11129205600.0,sum of states
2016,11-3111,15150.0,126934.68646864686,1923060500.0,sum of states
2016,11-3121,131090.0,119717.53604393928,15693771800.0,sum of states
2016,11-3131,32970.0,115031.56202608431,3792590600.0,sum of states
2016,11-9013,4020.0,76122.18905472636,306011200.0,sum of states
2016,11-9021,250420.0,99430.32385592205,24899341700.0,sum of states
2016,11-9031,48380.0,52082.32120711038,2519742700.0,sum of states
2016,11-9032,245030.0,95023.42855976819,23283590700.0,sum of states
2016,11-9033,122860.0,105854.76721471593,13005316700.0,sum of states
2016,11-9039,32380.0,86153.00494132181,2789634300.0,sum of states
2016,11-9041,178480.0,143731.90161362616,25653269800.0,sum of states
2016,11-9051,188000.0,55230.15797872341,10383269700.0,sum of states
2016,11-9070,3830.0,79141.85378590078,303113300.0,sum of states
2016,11-9081,35560.0,59407.840269966255,2112542800.0,sum of states
2016,11-9111,333120.0,109272.42945485111,36400831700.0,sum of states
2016,11-9121,53500.0,136830.6934579439,7320442100.0,sum of states
2016,11-9131,14850.0,72007.59595959596,1069312800.0,sum of states
2016,11-9141,180540.0,70268.52719618921,12686279900.0,sum of states
2016,11-9151,126590.0,70795.70029228217,8962027700.0,sum of states
2016,11-9171,7580.0,88794.2216358839,673060200.0,sum of states
2016,11-9199,357350.0,114031.55645725479,40749176700.0,sum of states
2016,13-1011,12600.0,87867.44444444444,1107129800.0,sum of states
2016,13-1021,10080.0,61972.15277777778,624679300.0,sum of states
2016,13-1022,106210.0,59361.28330665662,6304761900.0,sum of states
2016,13-1023,299790.0,67211.17582307615,20149238400.0,sum of states
2016,13-1031,267400.0,65061.24756918474,17397377600.0,sum of states
2016,13-1032,10660.0,64864.47467166979,691455300.0,sum of states
2016,13-1041,270760.0,70115.37450140345,18984438800.0,sum of states
2016,13-1051,214990.0,66567.71989394855,14311394100.0,sum of states
2016,13-1071,527660.0,64733.93757343744,34157509500.0,sum of states
2016,13-1074,350.0,60040.0,21014000.0,sum of states
2016,13-1075,78860.0,64004.09079381182,5047362600.0,sum of states
2016,13-1111,620930.0,92070.50086161081,57169336100.0,sum of states
2016,13-1121,93460.0,52204.677937085384,4879049200.0,sum of states
2016,13-1131,68880.0,57933.96631823461,3990491600.0,sum of states
2016,13-1141,79470.0,66399.75965773247,5276788900.0,sum of states
2016,13-1151,269590.0,63200.29526317742,17038167600.0,sum of states
2016,13-1199,965650.0,74601.20954797287,72038658000.0,sum of states
2016,13-2011,1256440.0,76421.17777211804,96018624600.0,sum of states
2016,13-2020,60770.0,57744.68981405299,3509144800.0,sum of states
2016,13-2031,53060.0,77041.1270260083,4087802200.0,sum of states
2016,13-2041,68580.0,81214.24467774862,5569672900.0,sum of states
2016,13-2051,273170.0,97680.85258264084,26683478500.0,sum of states
2016,13-2052,200830.0,122952.30593038889,24692511600.0,sum of states
2016,13-2053,90940.0,75353.243897075,6852624000.0,sum of states
2016,13-2061,48100.0,88682.69230769231,4265637500.0,sum of states
2016,13-2071,27360.0,50136.663011695906,1371739100.0,sum of states
2016,13-2072,298470.0,76577.71568331825,22856150800.0,sum of states
2016,13-2081,58600.0,57415.5819112628,3364553100.0,sum of states
2016,13-2082,62830.0,45400.31672767786,2852501900.0,sum of states
2016,13-2099,120970.0,75985.80557162933,9192002900.0,sum of states
2016,15-1211,570140.0,91520.78279019188,52179659100.0,sum of states
2016,15-1212,95170.0,96100.38247346853,9145873400.0,sum of states
2016,15-1221,24710.0,116010.51800890328,2866619900.0,sum of states
2016,15-1241,157630.0,104040.4821417243,16399901200.0,sum of states
2016,15-1244,377780.0,84416.18481655991,31890746300.0,sum of states
2016,15-1299,261490.0,88847.48632834907,23232729200.0,sum of states
2016,15-2011,18150.0,113049.15151515152,2051842100.0,sum of states
2016,15-2021,2140.0,107609.2523364486,230283800.0,sum of states
2016,15-2031,108030.0,84314.7653429603,9108524100.0,sum of states
2016,15-2041,33550.0,84900.19374068554,2848401500.0,sum of states
2016,15-2099,1150.0,77751.65217391304,89414400.0,sum of states
2016,17-1011,100080.0,84411.93844924061,8447946800.0,sum of states
2016,17-1012,18540.0,68938.09600862999,1278112300.0,sum of states
2016,17-1021,11900.0,66104.51260504202,786643700.0,sum of states
2016,17-1022,43420.0,63390.67710732381,2752423200.0,sum of states
2016,17-2011,59040.0,111802.88956639566,6600842600.0,sum of states
2016,17-2021,1410.0,76896.87943262412,108424600.0,sum of states
2016,17-2031,20060.0,89940.20438683948,1804200500.0,sum of states
2016,17-2041,31680.0,105421.148989899,3339742000.0,sum of states
2016,17-2051,289780.0,89505.96003865001,25937037100.0,sum of states
2016,17-2061,65930.0,117421.07234946155,7741571300.0,sum of states
2016,17-2071,184760.0,98427.43829833297,18185453500.0,sum of states
2016,17-2072,129580.0,103664.02608427226,13432784500.0,sum of states
2016,17-2081,52630.0,88361.61504845145,4650471800.0,sum of states
2016,17-2111,25430.0,90136.96814785687,2292183100.0,sum of states
2016,17-2112,259480.0,88322.5420070911,22917933200.0,sum of states
2016,17-2121,6970.0,102464.8206599713,714179800.0,sum of states
2016,17-2131,24370.0,94520.70988920804,2303469700.0,sum of states
2016,17-2141,286850.0,89669.88914066585,25721807700.0,sum of states
2016,17-2151,6450.0,104579.76744186046,674539500.0,sum of states
2016,17-2161,13790.0,105567.82451051487,1455780300.0,sum of states
2016,17-2171,31320.0,148099.4859514687,4638475900.0,sum of states
2016,17-2199,123550.0,99159.94010522056,12251210600.0,sum of states
2016,17-3011,97140.0,54199.78484661313,5264967100.0,sum of states
2016,17-3012,26520.0,63504.69079939668,1684144400.0,sum of states
2016,17-3013,63850.0,57392.22083007048,3664493300.0,sum of states
2016,17-3019,15180.0,54304.9209486166,824348700.0,sum of states
2016,17-3021,8420.0,67504.02612826604,568383900.0,sum of states
2016,17-3022,70990.0,52343.38639244964,3715857000.0,sum of states
2016,17-3023,131530.0,62763.08978940166,8255229200.0,sum of states
2016,17-3024,12340.0,57783.37925445705,713046900.0,sum of states
2016,17-3025,16290.0,52147.010435850214,849474800.0,sum of states
2016,17-3026,61030.0,55336.3395051614,3377176800.0,sum of states
2016,17-3027,45170.0,56870.96302855878,2568861400.0,sum of states
2016,17-3029,73850.0,64025.2769126608,4728266700.0,sum of states
2016,17-3031,50470.0,45232.748167228056,2282896800.0,sum of states
2016,19-1011,1890.0,69603.22751322751,131550100.0,sum of states
2016,19-1012,12430.0,69652.46178600162,865780100.0,sum of states
2016,19-1013,14720.0,68807.96875,1012853300.0,sum of states
2016,19-1021,22540.0,95959.4676131322,2162926400.0,sum of states
2016,19-1022,19830.0,78293.79727685325,1552566000.0,sum of states
2016,19-1023,17220.0,64977.88037166086,1118919100.0,sum of states
2016,19-1029,34870.0,77862.94809291654,2715081000.0,sum of states
2016,19-1031,19730.0,64466.705524581856,1271928100.0,sum of states
2016,19-1032,7560.0,59943.1746031746,453170400.0,sum of states
2016,19-1041,5060.0,78750.96837944664,398479900.0,sum of states
2016,19-1042,106730.0,93496.33842406071,9978864200.0,sum of states
2016,19-1099,6950.0,85502.86330935251,594244900.0,sum of states
2016,19-2011,770.0,99550.77922077922,76654100.0,sum of states
2016,19-2012,15800.0,120180.20886075949,1898847300.0,sum of states
2016,19-2021,8480.0,92312.1108490566,782806700.0,sum of states
2016,19-2031,85740.0,80140.38954980172,6871237000.0,sum of states
2016,19-2032,6800.0,101295.11764705883,688806800.0,sum of states
2016,19-2041,83410.0,75404.28126123967,6289471100.0,sum of states
2016,19-2042,30240.0,106498.38624338624,3220511200.0,sum of states
2016,19-2043,5990.0,83778.23038397329,501831600.0,sum of states
2016,19-2099,18430.0,96518.51329354313,1778836200.0,sum of states
2016,19-3011,17920.0,113321.35044642857,2030718600.0,sum of states
2016,19-3022,11020.0,60754.7277676951,669517100.0,sum of states
2016,19-3031,108280.0,78595.54765422977,8510325900.0,sum of states
2016,19-3032,510.0,110488.03921568628,56348900.0,sum of states
2016,19-3039,12120.0,92104.49669966997,1116306500.0,sum of states
2016,19-3041,2520.0,86399.60317460318,217727000.0,sum of states
2016,19-3051,34940.0,72947.24957069261,2548776900.0,sum of states
2016,19-3091,5860.0,66496.80887372013,389671300.0,sum of states
2016,19-3092,770.0,75846.36363636363,58401700.0,sum of states
2016,19-3093,2190.0,57554.109589041094,126043500.0,sum of states
2016,19-3094,5660.0,114075.67137809188,645668300.0,sum of states
2016,19-3099,35820.0,80905.52205471804,2898035800.0,sum of states
2016,19-4010,20190.0,40491.87221396731,817530900.0,sum of states
2016,19-4021,74150.0,46069.108563722184,3416024400.0,sum of states
2016,19-4031,66670.0,49538.52707364632,3302733600.0,sum of states
2016,19-4040,14570.0,62568.43514070007,911622100.0,sum of states
2016,19-4051,4490.0,76280.3118040089,342498600.0,sum of states
2016,19-4061,29440.0,46846.440217391304,1379159200.0,sum of states
2016,19-4092,13660.0,59368.01610541728,810967100.0,sum of states
2016,19-4099,68670.0,49175.494393476045,3376881200.0,sum of states
2016,21-1012,262380.0,57503.13743425566,15087673200.0,sum of states
2016,21-1013,35830.0,54018.69104102707,1935489700.0,sum of states
2016,21-1015,102320.0,38580.85906958561,3947593500.0,sum of states
2016,21-1019,27480.0,47755.54585152838,1312322400.0,sum of states
2016,21-1021,302560.0,47320.23301163405,14317209700.0,sum of states
2016,21-1022,159980.0,55413.42667833479,8865040000.0,sum of states
2016,21-1023,111700.0,48130.00447627574,5376121500.0,sum of states
2016,21-1029,59450.0,58856.3835155593,3499012000.0,sum of states
2016,21-1091,58190.0,57660.37979034198,3355257500.0,sum of states
2016,21-1092,84580.0,55099.08607235753,4660280700.0,sum of states
2016,21-1093,365900.0,33968.66739546324,12429135400.0,sum of states
2016,21-1094,52180.0,41090.19547719433,2144086400.0,sum of states
2016,21-1099,92900.0,45340.534983853606,4212135700.0,sum of states
2016,21-2011,49280.0,49399.24715909091,2434394900.0,sum of states
2016,21-2021,20330.0,44611.942941465815,906960800.0,sum of states
2016,21-2099,7030.0,34695.97439544808,243912700.0,sum of states
2016,23-1011,622690.0,139570.51229343654,86909162300.0,sum of states
2016,23-1012,9430.0,56078.86532343584,528823700.0,sum of states
2016,23-1021,13930.0,94438.01866475234,1315521600.0,sum of states
2016,23-1022,5430.0,70540.51565377532,383035000.0,sum of states
2016,23-1023,23940.0,111045.82706766918,2658437100.0,sum of states
2016,23-2011,267500.0,53188.39551401869,14227895800.0,sum of states
2016,23-2093,51900.0,51474.0732177264,2671504400.0,sum of states
2016,23-2099,42810.0,66876.31394533988,2862975000.0,sum of states
2016,25-1011,84190.0,96159.83846062477,8095696800.0,sum of states
2016,25-1021,32740.0,89258.22541233964,2922314300.0,sum of states
2016,25-1022,46940.0,78913.05070302513,3704178600.0,sum of states
2016,25-1031,5520.0,91141.90217391304,503103300.0,sum of states
2016,25-1032,37170.0,107037.09174065106,3978568700.0,sum of states
2016,25-1041,7800.0,98276.26923076923,766554900.0,sum of states
2016,25-1042,50950.0,90304.27674190383,4601002900.0,sum of states
2016,25-1043,1060.0,92569.05660377358,98123200.0,sum of states
2016,25-1051,9560.0,95514.19456066945,913115700.0,sum of states
2016,25-1052,21060.0,89236.59544159545,1879322700.0,sum of states
2016,25-1053,4610.0,90296.55097613882,416267100.0,sum of states
2016,25-1054,12850.0,94838.21789883268,1218671100.0,sum of states
2016,25-1061,5180.0,93473.61003861004,484193300.0,sum of states
2016,25-1062,7890.0,84516.84410646388,666837900.0,sum of states
2016,25-1063,12540.0,111955.71770334928,1403924700.0,sum of states
2016,25-1064,3400.0,81892.0294117647,278432900.0,sum of states
2016,25-1065,16260.0,94305.67650676507,1533410300.0,sum of states
2016,25-1066,37030.0,84822.96786389414,3140994500.0,sum of states
2016,25-1067,14460.0,81711.18257261411,1181543700.0,sum of states
2016,25-1069,10630.0,76874.45907808091,817175500.0,sum of states
2016,25-1071,174320.0,123690.40098669114,21561710700.0,sum of states
2016,25-1072,56950.0,74553.96312554873,4245848200.0,sum of states
2016,25-1081,57380.0,70306.3645869641,4034179200.0,sum of states
2016,25-1082,4150.0,72110.89156626505,299260200.0,sum of states
2016,25-1111,14320.0,66527.68854748603,952676500.0,sum of states
2016,25-1112,13830.0,134709.10339840926,1863026900.0,sum of states
2016,25-1113,10850.0,74407.39170506912,807320200.0,sum of states
2016,25-1121,96430.0,81222.84766151612,7832319200.0,sum of states
2016,25-1122,24710.0,72047.68110076892,1780298200.0,sum of states
2016,25-1123,71070.0,76149.15154073449,5411920200.0,sum of states
2016,25-1124,27590.0,74403.0373323668,2052779800.0,sum of states
2016,25-1125,21810.0,80828.43191196698,1762868100.0,sum of states
2016,25-1126,23010.0,77525.0934376358,1783852400.0,sum of states
2016,25-1192,2370.0,73866.8776371308,175064500.0,sum of states
2016,25-1193,15250.0,68113.6786885246,1038733600.0,sum of states
2016,25-1194,118510.0,55230.74086574973,6545395100.0,sum of states
2016,25-1199,89580.0,67996.0125027908,6091082800.0,sum of states
2016,25-2011,388670.0,33215.15604497388,12909734700.0,sum of states
2016,25-2012,151500.0,55426.65676567657,8397138500.0,sum of states
2016,25-2021,1408410.0,58766.07543258,82766728300.0,sum of states
2016,25-2022,627930.0,59721.70815218257,37501052200.0,sum of states
2016,25-2023,11300.0,59783.46017699115,675553100.0,sum of states
2016,25-2031,1013660.0,61163.78943630014,61999286800.0,sum of states
2016,25-2032,81580.0,58958.57685707281,4809840700.0,sum of states
2016,25-2051,27410.0,56818.909157241884,1557406300.0,sum of states
2016,25-2052,190740.0,60002.34612561602,11444847500.0,sum of states
2016,25-2059,39290.0,56152.794604225,2206243300.0,sum of states
2016,25-3011,55910.0,55303.21767125738,3092002900.0,sum of states
2016,25-3021,224980.0,43119.94132811805,9701124400.0,sum of states
2016,25-3097,295860.0,47182.75468126817,13959489800.0,sum of states
2016,25-4011,4970.0,53988.22937625754,268321500.0,sum of states
2016,25-4012,11160.0,58917.508960573476,657519400.0,sum of states
2016,25-4013,10790.0,44891.68674698795,484381300.0,sum of states
2016,25-4022,131000.0,59580.03358778626,7804984400.0,sum of states
2016,25-4031,93900.0,34731.898828541,3261325300.0,sum of states
2016,25-9021,7960.0,50257.39949748744,400048900.0,sum of states
2016,25-9031,148590.0,65234.16246046167,9693144200.0,sum of states
2016,25-9040,1272410.0,27078.336070920537,34454745600.0,sum of states
2016,25-9099,98530.0,47178.50400893129,4648498000.0,sum of states
2016,27-1011,35940.0,101253.53644963828,3639052100.0,sum of states
2016,27-1012,3620.0,40376.46408839779,146162800.0,sum of states
2016,27-1013,10590.0,57735.382436260625,611417700.0,sum of states
2016,27-1014,29630.0,72207.23928450895,2139500500.0,sum of states
2016,27-1019,5540.0,67125.12635379062,371873200.0,sum of states
2016,27-1021,31570.0,70727.99176433323,2232882700.0,sum of states
2016,27-1022,18150.0,76752.19834710743,1393052400.0,sum of states
2016,27-1023,44220.0,27596.614654002715,1220322300.0,sum of states
2016,27-1024,212110.0,52113.74805525435,11053847100.0,sum of states
2016,27-1025,52700.0,56067.4459203036,2954754400.0,sum of states
2016,27-1026,112430.0,30008.106377301432,3373811400.0,sum of states
2016,27-1027,11330.0,58049.858781994706,657704900.0,sum of states
2016,27-1029,6810.0,64245.34508076358,437510800.0,sum of states
2016,27-2012,114020.0,93934.72285563937,10710437100.0,sum of states
2016,27-2021,4590.0,78585.96949891068,360709600.0,sum of states
2016,27-2022,226230.0,41037.23511470627,9283853700.0,sum of states
2016,27-2023,15330.0,32382.530984996738,496424200.0,sum of states
2016,27-2032,4050.0,54647.06172839506,221320600.0,sum of states
2016,27-2041,17660.0,60601.17214043035,1070216700.0,sum of states
2016,27-3011,27220.0,47785.091844232185,1300710200.0,sum of states
2016,27-3031,228120.0,66361.68726985797,15138428100.0,sum of states
2016,27-3041,97420.0,66019.42722233628,6431612600.0,sum of states
2016,27-3042,49910.0,73065.93267882188,3646720700.0,sum of states
2016,27-3043,44330.0,71995.69140536882,3191569000.0,sum of states
2016,27-3091,49960.0,51689.52762209768,2582408800.0,sum of states
2016,27-3099,22190.0,50504.92113564669,1120704200.0,sum of states
2016,27-4011,69410.0,47254.73851030111,3279951400.0,sum of states
2016,27-4012,30330.0,45461.23639960435,1378839300.0,sum of states
2016,27-4014,13380.0,66673.47533632287,892091100.0,sum of states
2016,27-4021,48560.0,42577.25082372323,2067551300.0,sum of states
2016,27-4031,20780.0,62583.840230991336,1300492200.0,sum of states
2016,27-4032,29100.0,82605.27491408934,2403813500.0,sum of states
2016,27-4099,18160.0,75923.91519823788,1378778300.0,sum of states
2016,29-1011,32940.0,81127.57134183364,2672342200.0,sum of states
2016,29-1021,105830.0,173654.0338278371,18377806400.0,sum of states
2016,29-1022,3420.0,228333.21637426902,780899600.0,sum of states
2016,29-1023,3730.0,227738.63270777478,849465100.0,sum of states
2016,29-1029,4580.0,166334.41048034935,761811600.0,sum of states
2016,29-1031,61820.0,59480.93173730184,3677111200.0,sum of states
2016,29-1041,36140.0,117598.08799114554,4249994900.0,sum of states
2016,29-1051,307790.0,120021.7963546574,36941508700.0,sum of states
2016,29-1071,104100.0,102098.05475504322,10628407500.0,sum of states
2016,29-1081,9000.0,144138.13333333333,1297243200.0,sum of states
2016,29-1122,118240.0,83671.83271312584,9893357500.0,sum of states
2016,29-1123,217370.0,87146.40796798086,18943014700.0,sum of states
2016,29-1124,17130.0,85159.03093987158,1458774200.0,sum of states
2016,29-1125,18180.0,48093.43784378438,874338700.0,sum of states
2016,29-1126,127210.0,60520.41427560726,7698801900.0,sum of states
2016,29-1127,136100.0,78188.13592946363,10641405300.0,sum of states
2016,29-1128,6690.0,50288.579970104634,336430600.0,sum of states
2016,29-1129,10860.0,60481.4364640884,656828400.0,sum of states
2016,29-1131,67750.0,100511.89077490775,6809680600.0,sum of states
2016,29-1141,2875400.0,71950.0242748835,206885099800.0,sum of states
2016,29-1151,39720.0,162949.6148036254,6472358700.0,sum of states
2016,29-1161,5520.0,102832.17391304347,567633600.0,sum of states
2016,29-1171,149740.0,104670.6945371978,15673389800.0,sum of states
2016,29-1181,11770.0,79049.78759558199,930416000.0,sum of states
2016,29-1292,204600.0,73442.65200391007,15026366600.0,sum of states
2016,29-2031,54040.0,56693.22723908216,3063702000.0,sum of states
2016,29-2032,66290.0,71403.00950369588,4733305500.0,sum of states
2016,29-2033,19780.0,75655.77856420627,1496471300.0,sum of states
2016,29-2034,202220.0,59009.182573434875,11932836900.0,sum of states
2016,29-2035,35540.0,69108.9589195273,2456132400.0,sum of states
2016,29-2051,32290.0,29334.26757510065,947203500.0,sum of states
2016,29-2052,403760.0,32041.22969090549,12936966900.0,sum of states
2016,29-2053,61220.0,35929.64064031362,2199612600.0,sum of states
2016,29-2055,106730.0,46556.699147381245,4968996500.0,sum of states
2016,29-2056,99490.0,33871.52477635943,3369878000.0,sum of states
2016,29-2057,42560.0,37062.95582706767,1577399400.0,sum of states
2016,29-2061,706900.0,44701.416041872966,31599431000.0,sum of states
2016,29-2072,201400.0,41282.37338629593,8314270000.0,sum of states
2016,29-2081,75770.0,37761.76982974792,2861209300.0,sum of states
2016,29-2091,6130.0,71379.23327895596,437554700.0,sum of states
2016,29-2092,5980.0,52435.752508361205,313565800.0,sum of states
2016,29-2099,122460.0,45990.974195655726,5632054700.0,sum of states
2016,29-9091,23960.0,47933.03422370618,1148475500.0,sum of states
2016,29-9092,2250.0,74162.97777777778,166866700.0,sum of states
2016,29-9099,36000.0,57955.49444444444,2086397800.0,sum of states
2016,31-1122,1497740.0,22687.491086570433,33979962900.0,sum of states
2016,31-2011,38040.0,59337.79705573081,2257209800.0,sum of states
2016,31-2012,6830.0,31855.13909224012,217570600.0,sum of states
2016,31-2021,86250.0,56593.21391304348,4881164700.0,sum of states
2016,31-2022,50010.0,27876.706658668267,1394114100.0,sum of states
2016,31-9011,94850.0,44357.224037954664,4207282700.0,sum of states
2016,31-9091,329760.0,37760.26655749636,12451825500.0,sum of states
2016,31-9092,624270.0,32839.133387796945,20500485800.0,sum of states
2016,31-9093,52780.0,35900.0113679424,1894802600.0,sum of states
2016,31-9094,54270.0,37111.18665929611,2014024100.0,sum of states
2016,31-9095,37320.0,28037.558949624865,1046361700.0,sum of states
2016,31-9096,80190.0,26767.063224841004,2146450800.0,sum of states
2016,31-9097,121130.0,33731.391893007516,4085883500.0,sum of states
2016,31-9099,92880.0,37633.88458225667,3495435200.0,sum of states
2016,33-1011,40690.0,65833.4898009339,2678764700.0,sum of states
2016,33-1012,98650.0,84647.95235681703,8350520500.0,sum of states
2016,33-1021,57200.0,76809.83391608391,4393522500.0,sum of states
2016,33-2011,316700.0,50367.83738553836,15951494100.0,sum of states
2016,33-2021,11490.0,61618.546562228024,707997100.0,sum of states
2016,33-2022,1070.0,46690.09345794393,49958400.0,sum of states
2016,33-3011,17210.0,44111.53980244044,759159600.0,sum of states
2016,33-3012,419230.0,46407.38544474394,19455368200.0,sum of states
2016,33-3021,105640.0,81401.14634608103,8599217100.0,sum of states
2016,33-3031,5610.0,55199.80392156863,309670900.0,sum of states
2016,33-3051,673270.0,62030.31146493977,41763147800.0,sum of states
2016,33-3052,3890.0,69158.92030848328,269028200.0,sum of states
2016,33-9011,12860.0,36616.858475894245,470892800.0,sum of states
2016,33-9021,25840.0,51780.13157894737,1337998600.0,sum of states
2016,33-9031,10030.0,34575.02492522433,346787500.0,sum of states
2016,33-9032,1129440.0,29464.643540161494,33278547000.0,sum of states
2016,33-9092,139280.0,22657.179781734634,3155692000.0,sum of states
2016,33-9093,39490.0,40046.2927323373,1581428100.0,sum of states
2016,33-9099,135520.0,32814.538075560806,4447026200.0,sum of states
2016,35-1011,134720.0,47271.624851543944,6368433300.0,sum of states
2016,35-1012,918370.0,34588.472619967986,31765015600.0,sum of states
2016,35-2011,518920.0,20536.683689200647,10656895900.0,sum of states
2016,35-2012,414110.0,26285.54369611939,10885106500.0,sum of states
2016,35-2013,30.0,41470.0,1244100.0,sum of states
2016,35-2014,1225280.0,25390.528858709848,31110507200.0,sum of states
2016,35-2015,180930.0,22896.230586414636,4142615000.0,sum of states
2016,35-2019,15090.0,29077.36249171637,438777400.0,sum of states
2016,35-2021,860390.0,22864.519113425307,19672403600.0,sum of states
2016,35-3031,2579430.0,24373.27122658882,62869147000.0,sum of states
2016,35-3041,262000.0,23480.330916030533,6151846700.0,sum of states
2016,35-9011,423890.0,22337.25117365354,9468537400.0,sum of states
2016,35-9021,509410.0,21241.730433246306,10820749900.0,sum of states
2016,35-9031,406370.0,21386.107242168466,8690672400.0,sum of states
2016,35-9099,57450.0,23261.80504786771,1336390700.0,sum of states
2016,37-1011,161980.0,41093.296085936534,6656292100.0,sum of states
2016,37-1012,103590.0,48656.53248383049,5040330200.0,sum of states
2016,37-2011,2192700.0,26923.06590048798,59034206600.0,sum of states
2016,37-2012,929640.0,23810.520631642357,22135212400.0,sum of states
2016,37-2019,8850.0,30454.05649717514,269518400.0,sum of states
2016,37-2021,73160.0,34952.591580098415,2557131600.0,sum of states
2016,37-3011,913570.0,28492.685289578247,26030062500.0,sum of states
2016,37-3012,24310.0,35600.74454956808,865454100.0,sum of states
2016,37-3013,37210.0,37020.09137328675,1377517600.0,sum of states
2016,37-3019,11510.0,33884.152910512596,390006600.0,sum of states
2016,39-2011,13290.0,34684.018058690745,460950600.0,sum of states
2016,39-2021,187060.0,24402.103603121992,4564657500.0,sum of states
2016,39-3011,82910.0,22025.031962368834,1826095400.0,sum of states
2016,39-3012,9240.0,26106.233766233767,241221600.0,sum of states
2016,39-3019,10600.0,27549.037735849055,292019800.0,sum of states
2016,39-3021,4890.0,24534.621676891617,119974300.0,sum of states
2016,39-3031,117780.0,21673.751910341314,2552734500.0,sum of states
2016,39-3091,287940.0,21988.44412030284,6331352600.0,sum of states
2016,39-3092,5520.0,53633.387681159424,296056300.0,sum of states
2016,39-3093,18100.0,24352.193370165747,440774700.0,sum of states
2016,39-3099,10300.0,24808.97087378641,255532400.0,sum of states
2016,39-4011,3070.0,42804.49511400652,131409800.0,sum of states
2016,39-4021,35950.0,27001.755215577192,970713100.0,sum of states
2016,39-4031,25430.0,54064.82500983091,1374868500.0,sum of states
2016,39-5011,10050.0,28830.65671641791,289748100.0,sum of states
2016,39-5012,353330.0,29562.495683921545,10445316600.0,sum of states
2016,39-5091,3180.0,74148.45911949685,235792100.0,sum of states
2016,39-5092,88440.0,24250.28267752148,2144695000.0,sum of states
2016,39-5093,14390.0,20776.40722724114,298972500.0,sum of states
2016,39-5094,41960.0,34841.02001906578,1461929200.0,sum of states
2016,39-6011,45340.0,24800.734450816057,1124465300.0,sum of states
2016,39-6012,32180.0,31327.28091982598,1008111900.0,sum of states
2016,39-9011,571300.0,22913.85489235078,13090685300.0,sum of states
2016,39-9031,257420.0,42785.9770025639,11013966200.0,sum of states
2016,39-9032,338220.0,27201.15723493584,9199975400.0,sum of states
2016,39-9041,110410.0,27682.63472511548,3056439700.0,sum of states
2016,39-9099,51210.0,27411.911735989066,1403764000.0,sum of states
2016,41-1011,1206400.0,43753.940898541114,52784754300.0,sum of states
2016,41-1012,254400.0,85548.98938679245,21763662900.0,sum of states
2016,41-2011,3577560.0,21646.200538914793,77440581200.0,sum of states
2016,41-2012,20120.0,25917.783300198807,521465800.0,sum of states
2016,41-2021,452080.0,29360.03185276942,13273083200.0,sum of states
2016,41-2022,250950.0,33106.445905558874,8308062600.0,sum of states
2016,41-2031,4571060.0,27106.024116944427,123903262600.0,sum of states
2016,41-3011,141850.0,63479.76454000705,9004604600.0,sum of states
2016,41-3021,387910.0,67567.28313268542,26210024800.0,sum of states
2016,41-3031,352530.0,102051.42314129294,35976188200.0,sum of states
2016,41-3041,69140.0,39826.431877350304,2753599500.0,sum of states
2016,41-3091,957580.0,62939.26742413166,60269383700.0,sum of states
2016,41-4011,330460.0,92660.28021545724,30620516200.0,sum of states
2016,41-4012,1411460.0,68213.01871820667,96279947400.0,sum of states
2016,41-9011,85010.0,30010.88460181155,2551225300.0,sum of states
2016,41-9012,2810.0,36824.55516014235,103477000.0,sum of states
2016,41-9021,39670.0,79493.30980589867,3153499600.0,sum of states
2016,41-9022,151940.0,59387.16467026458,9023285800.0,sum of states
2016,41-9031,73930.0,108810.77911537941,8044380900.0,sum of states
2016,41-9041,214570.0,27161.00153795964,5827936100.0,sum of states
2016,41-9091,5100.0,27193.529411764706,138687000.0,sum of states
2016,41-9099,73210.0,43456.22729135364,3181430400.0,sum of states
2016,43-1011,1460880.0,57623.94652538196,84181671000.0,sum of states
2016,43-2011,91820.0,29628.737747767373,2720510700.0,sum of states
2016,43-2021,5710.0,37903.52014010508,216429100.0,sum of states
2016,43-2099,1120.0,41739.19642857143,46747900.0,sum of states
2016,43-3011,301800.0,37492.08548707754,11315111400.0,sum of states
2016,43-3021,489250.0,37438.27981604497,18316678400.0,sum of states
2016,43-3031,1575950.0,40132.03877026556,63246086500.0,sum of states
2016,43-3041,17530.0,28172.401597261836,493862200.0,sum of states
2016,43-3051,160720.0,43462.547909407665,6985300700.0,sum of states
2016,43-3061,72680.0,41852.894881673084,3041868400.0,sum of states
2016,43-3071,500290.0,28005.804833196747,14011024100.0,sum of states
2016,43-3099,32810.0,41334.00182871076,1356168600.0,sum of states
2016,43-4011,59490.0,52429.44696587662,3119027800.0,sum of states
2016,43-4021,6110.0,37171.0147299509,227114900.0,sum of states
2016,43-4031,128310.0,39133.31696672122,5021195900.0,sum of states
2016,43-4041,34690.0,39065.17440184491,1355170900.0,sum of states
2016,43-4051,2723850.0,35103.318721662356,95616174700.0,sum of states
2016,43-4061,137140.0,43471.34971561908,5961660900.0,sum of states
2016,43-4071,130940.0,31184.004124026273,4083233500.0,sum of states
2016,43-4081,249790.0,23513.082189038792,5873332800.0,sum of states
2016,43-4111,186490.0,33628.06263070406,6271297400.0,sum of states
2016,43-4121,98720.0,27428.88978930308,2707780000.0,sum of states
2016,43-4131,225590.0,40203.96161177357,9069611700.0,sum of states
2016,43-4141,42070.0,36335.46707867839,1528633100.0,sum of states
2016,43-4151,177010.0,35147.12728094458,6221393000.0,sum of states
2016,43-4161,139000.0,39877.83525179856,5543019100.0,sum of states
2016,43-4171,1001630.0,29088.63202979144,29136046500.0,sum of states
2016,43-4181,137260.0,37744.26635582107,5180778000.0,sum of states
2016,43-4199,168880.0,39933.46695878731,6743963900.0,sum of states
2016,43-5011,88230.0,43789.01507423779,3863504800.0,sum of states
2016,43-5021,76410.0,29576.14186624787,2259913000.0,sum of states
2016,43-5031,95460.0,41005.80243033732,3914413900.0,sum of states
2016,43-5032,198900.0,41118.5987933635,8178489300.0,sum of states
2016,43-5041,31760.0,42095.806045340054,1336962800.0,sum of states
2016,43-5051,82770.0,48389.176029962546,4005172100.0,sum of states
2016,43-5052,330110.0,50614.17436612039,16708245100.0,sum of states
2016,43-5053,111370.0,49692.79877884529,5534287000.0,sum of states
2016,43-5061,323240.0,48975.80961514664,15830940700.0,sum of states
2016,43-5071,680630.0,33084.234312328284,22518122400.0,sum of states
2016,43-5111,75020.0,31023.071181018397,2327350800.0,sum of states
2016,43-6011,641840.0,57489.86149196061,36899292700.0,sum of states
2016,43-6012,191860.0,47223.49317210466,9060299400.0,sum of states
2016,43-6013,561020.0,34988.39524437631,19629189500.0,sum of states
2016,43-6014,2320250.0,35992.228208167224,83510967500.0,sum of states
2016,43-9021,196690.0,31519.39956276374,6199550700.0,sum of states
2016,43-9022,69230.0,39452.05835620396,2731266000.0,sum of states
2016,43-9031,12820.0,44446.06864274571,569798600.0,sum of states
2016,43-9041,275290.0,40729.19139816194,11212339100.0,sum of states
2016,43-9051,91740.0,30576.412688031392,2805080100.0,sum of states
2016,43-9061,2981260.0,32913.45266766401,98123559900.0,sum of states
2016,43-9071,57540.0,32331.711852624263,1860366700.0,sum of states
2016,43-9081,9480.0,39667.17299578059,376044800.0,sum of states
2016,43-9111,10410.0,47567.3967339097,495176600.0,sum of states
2016,43-9199,217940.0,35978.0113792787,7841047800.0,sum of states
2016,45-1011,19500.0,48702.46666666667,949698100.0,sum of states
2016,45-2011,13710.0,44216.06856309263,606202300.0,sum of states
2016,45-2021,530.0,37109.622641509435,19668100.0,sum of states
2016,45-2041,36950.0,24303.5751014885,898017100.0,sum of states
2016,45-2091,26800.0,30502.451492537315,817465700.0,sum of states
2016,45-2092,273110.0,23794.738017648568,6498580900.0,sum of states
2016,45-2093,34060.0,26821.861421021727,913552600.0,sum of states
2016,45-2099,4060.0,35016.724137931036,142167900.0,sum of states
2016,45-4011,5760.0,30142.239583333332,173619300.0,sum of states
2016,45-4021,3010.0,46372.15946843854,139580200.0,sum of states
2016,45-4022,26720.0,38871.64670658683,1038650400.0,sum of states
2016,45-4023,2520.0,38235.6746031746,96353900.0,sum of states
2016,45-4029,2310.0,40559.61038961039,93692700.0,sum of states
2016,47-1011,541710.0,67804.53785235643,36730396200.0,sum of states
2016,47-2011,15100.0,62360.48344370861,941643300.0,sum of states
2016,47-2021,64490.0,53284.50457435261,3436317700.0,sum of states
2016,47-2022,11190.0,44065.8981233244,493097400.0,sum of states
2016,47-2031,680690.0,48209.56544094963,32815769100.0,sum of states
2016,47-2041,24540.0,44702.96658516707,1097010800.0,sum of states
2016,47-2042,9110.0,42731.690450054884,389285700.0,sum of states
2016,47-2043,3490.0,37987.02005730659,132574700.0,sum of states
2016,47-2044,36650.0,44739.58253751705,1639705700.0,sum of states
2016,47-2051,175320.0,43564.840292037414,7637787800.0,sum of states
2016,47-2053,1750.0,43718.68571428571,76507700.0,sum of states
2016,47-2071,51820.0,43686.84677730606,2263852400.0,sum of states
2016,47-2072,2850.0,61204.73684210526,174433500.0,sum of states
2016,47-2073,358710.0,50419.15865183574,18085856400.0,sum of states
2016,47-2081,92080.0,47378.62402258905,4362623700.0,sum of states
2016,47-2082,17780.0,54118.75140607424,962231400.0,sum of states
2016,47-2111,609130.0,56570.375617684236,34458712900.0,sum of states
2016,47-2121,46700.0,47296.627408993576,2208752500.0,sum of states
2016,47-2131,29020.0,39535.08270158512,1147308100.0,sum of states
2016,47-2132,25610.0,51157.28621632175,1310138100.0,sum of states
2016,47-2141,218080.0,41448.270818048426,9039038900.0,sum of states
2016,47-2142,1810.0,38568.06629834254,69808200.0,sum of states
2016,47-2151,39540.0,42664.355083459785,1686948600.0,sum of states
2016,47-2152,412640.0,55969.586564559904,23095290200.0,sum of states
2016,47-2161,21100.0,44545.549763033174,939911100.0,sum of states
2016,47-2171,19750.0,53150.865822784814,1049729600.0,sum of states
2016,47-2181,116500.0,41995.1364806867,4892433400.0,sum of states
2016,47-2211,134860.0,51019.67373572594,6880513200.0,sum of states
2016,47-2221,69660.0,55869.190353143844,3891847800.0,sum of states
2016,47-2231,7140.0,42441.120448179274,303029600.0,sum of states
2016,47-3011,23780.0,33516.921783010934,797032400.0,sum of states
2016,47-3012,36650.0,29940.278308321966,1097311200.0,sum of states
2016,47-3013,73210.0,30824.711105040296,2256677100.0,sum of states
2016,47-3014,9310.0,28823.082706766916,268342900.0,sum of states
2016,47-3015,54210.0,30550.97952407305,1656168600.0,sum of states
2016,47-3016,9300.0,28771.31182795699,267573200.0,sum of states
2016,47-3019,21180.0,31136.75165250236,659476400.0,sum of states
2016,47-4011,95160.0,61058.846153846156,5810359800.0,sum of states
2016,47-4021,21150.0,76723.32860520095,1622698400.0,sum of states
2016,47-4031,20030.0,36558.1178232651,732259100.0,sum of states
2016,47-4041,44160.0,45444.866394927536,2006845300.0,sum of states
2016,47-4051,148810.0,38705.36187084201,5759744900.0,sum of states
2016,47-4061,12920.0,53487.136222910216,691053800.0,sum of states
2016,47-4071,25430.0,38773.668895005896,986014400.0,sum of states
2016,47-5011,10790.0,51286.90454124189,553385700.0,sum of states
2016,47-5012,17100.0,57235.26315789474,978723000.0,sum of states
2016,47-5013,42630.0,53551.06732348112,2282882000.0,sum of states
2016,47-5023,17480.0,49607.4942791762,867139000.0,sum of states
2016,47-5041,9870.0,52034.5896656535,513581400.0,sum of states
2016,47-5049,1230.0,49569.83739837398,60970900.0,sum of states
2016,47-5051,3210.0,34797.507788161995,111700000.0,sum of states
2016,47-5071,50810.0,40505.51072623499,2058085000.0,sum of states
2016,47-5081,16970.0,37376.812021213904,634284500.0,sum of states
2016,47-5099,3120.0,52094.48717948718,162534800.0,sum of states
2016,49-1011,455890.0,66590.10857882384,30357764600.0,sum of states
2016,49-2011,102830.0,39321.47136049791,4043426900.0,sum of states
2016,49-2021,13870.0,53158.61571737563,737310000.0,sum of states
2016,49-2022,228390.0,54439.16371119576,12433360600.0,sum of states
2016,49-2091,16140.0,61278.258983890955,989031100.0,sum of states
2016,49-2092,16950.0,44491.97640117994,754139000.0,sum of states
2016,49-2093,12600.0,59553.0,750367800.0,sum of states
2016,49-2094,67640.0,56722.60644589001,3836717100.0,sum of states
2016,49-2095,22850.0,73889.86433260395,1688383400.0,sum of states
2016,49-2096,10470.0,34079.19770773639,356809200.0,sum of states
2016,49-2097,25410.0,39166.36757182212,995217400.0,sum of states
2016,49-2098,67980.0,45548.02441894675,3096354700.0,sum of states
2016,49-3011,127910.0,61171.80673911344,7824485800.0,sum of states
2016,49-3021,144280.0,45094.01996118658,6506165200.0,sum of states
2016,49-3022,15160.0,36193.48944591029,548693300.0,sum of states
2016,49-3023,651000.0,41288.20015360983,26878618300.0,sum of states
2016,49-3031,255420.0,46610.91692114948,11905360400.0,sum of states
2016,49-3041,35020.0,39293.47801256425,1376057600.0,sum of states
2016,49-3042,124150.0,50716.03946838502,6296396300.0,sum of states
2016,49-3043,19390.0,52766.18359979371,1023136300.0,sum of states
2016,49-3051,20190.0,40849.36106983655,824748600.0,sum of states
2016,49-3052,15850.0,37028.81388012618,586906700.0,sum of states
2016,49-3053,32990.0,35320.71536829342,1165230400.0,sum of states
2016,49-3091,10370.0,28633.702989392477,296931500.0,sum of states
2016,49-3092,13410.0,38049.45563012677,510243200.0,sum of states
2016,49-3093,109680.0,27076.536287381474,2969754500.0,sum of states
2016,49-9011,17680.0,40300.34502262443,712510100.0,sum of states
2016,49-9012,45820.0,56149.89087734614,2572788000.0,sum of states
2016,49-9021,296190.0,48209.57763597691,14279194800.0,sum of states
2016,49-9031,32420.0,40364.05305367058,1308602600.0,sum of states
2016,49-9041,338250.0,51660.640059127865,17474211500.0,sum of states
2016,49-9043,89810.0,45931.2259213896,4125083400.0,sum of states
2016,49-9044,38870.0,53723.768973501414,2088242900.0,sum of states
2016,49-9045,1050.0,45964.380952380954,48262600.0,sum of states
2016,49-9051,117700.0,66793.683942226,7861616600.0,sum of states
2016,49-9052,96240.0,54242.05527847049,5220255400.0,sum of states
2016,49-9061,2120.0,39467.45283018868,83671000.0,sum of states
2016,49-9062,42440.0,50533.020735155515,2144621400.0,sum of states
2016,49-9063,6470.0,37301.051004636785,241337800.0,sum of states
2016,49-9064,1090.0,38781.10091743119,42271400.0,sum of states
2016,49-9069,11440.0,56455.53321678322,645851300.0,sum of states
2016,49-9071,1340690.0,39264.00636985433,52640860700.0,sum of states
2016,49-9081,3400.0,53410.85294117647,181596900.0,sum of states
2016,49-9091,33070.0,34673.707287571815,1146659500.0,sum of states
2016,49-9092,2030.0,52522.118226600986,106619900.0,sum of states
2016,49-9094,18430.0,42136.397178513296,776573800.0,sum of states
2016,49-9095,1870.0,31187.5935828877,58320800.0,sum of states
2016,49-9096,20310.0,47655.55883801083,967884400.0,sum of states
2016,49-9097,5570.0,62812.22621184919,349864100.0,sum of states
2016,49-9098,120470.0,29269.882958412883,3526142800.0,sum of states
2016,49-9099,147270.0,41718.943437224145,6143948800.0,sum of states
2016,51-1011,614970.0,61308.91230466527,37703141800.0,sum of states
2016,51-2011,17690.0,49988.665912945165,884299500.0,sum of states
2016,51-2021,13520.0,35335.569526627216,477736900.0,sum of states
2016,51-2031,32460.0,42419.49784349969,1376936900.0,sum of states
2016,51-2041,76440.0,39989.7200418629,3056814200.0,sum of states
2016,51-3011,182340.0,27024.245365800154,4927600900.0,sum of states
2016,51-3021,136140.0,31537.07506978111,4293457400.0,sum of states
2016,51-3022,144790.0,25461.23281994613,3686531900.0,sum of states
2016,51-3023,67480.0,27039.743627741555,1824641900.0,sum of states
2016,51-3091,18280.0,31160.131291028447,569607200.0,sum of states
2016,51-3092,148910.0,30038.670337787924,4473058400.0,sum of states
2016,51-3093,32020.0,30060.737039350406,962544800.0,sum of states
2016,51-3099,42900.0,25796.032634032636,1106649800.0,sum of states
2016,51-4021,71280.0,35346.87149270483,2519525000.0,sum of states
2016,51-4022,18130.0,38719.624931053506,701986800.0,sum of states
2016,51-4023,28630.0,41955.80160670625,1201194600.0,sum of states
2016,51-4031,192880.0,34173.58409373704,6591400900.0,sum of states
2016,51-4032,11440.0,38838.75874125874,444315400.0,sum of states
2016,51-4033,74520.0,34921.01851851852,2602314300.0,sum of states
2016,51-4034,33550.0,39650.37555886736,1330270100.0,sum of states
2016,51-4035,17010.0,41341.64609053498,703221400.0,sum of states
2016,51-4041,391920.0,43180.12579097775,16923154900.0,sum of states
2016,51-4051,16220.0,42649.71023427867,691778300.0,sum of states
2016,51-4052,7980.0,37289.77443609023,297572400.0,sum of states
2016,51-4061,5160.0,52382.151162790695,270291900.0,sum of states
2016,51-4062,3170.0,44596.08832807571,141369600.0,sum of states
2016,51-4071,11840.0,36212.55912162162,428756700.0,sum of states
2016,51-4072,147080.0,32554.430242045146,4788105600.0,sum of states
2016,51-4081,112660.0,36233.89312977099,4082110400.0,sum of states
2016,51-4111,72700.0,51445.87345254471,3740115000.0,sum of states
2016,51-4121,383990.0,42399.62785489205,16281033100.0,sum of states
2016,51-4122,45700.0,38400.95623632385,1754923700.0,sum of states
2016,51-4191,19320.0,39183.12629399586,757018000.0,sum of states
2016,51-4192,6970.0,47824.562410329985,333337200.0,sum of states
2016,51-4193,34740.0,33433.53770869315,1161481100.0,sum of states
2016,51-4194,8940.0,38658.4451901566,345606500.0,sum of states
2016,51-4199,21520.0,35552.96933085502,765099900.0,sum of states
2016,51-5111,32950.0,40391.58725341426,1330902800.0,sum of states
2016,51-5112,170780.0,37384.035601358475,6384445600.0,sum of states
2016,51-5113,52720.0,33231.25,1751951500.0,sum of states
2016,51-6011,209040.0,23189.443168771526,4847521200.0,sum of states
2016,51-6021,45270.0,22224.7183565275,1006113000.0,sum of states
2016,51-6041,6510.0,25564.116743471583,166422400.0,sum of states
2016,51-6042,380.0,30798.947368421053,11703600.0,sum of states
2016,51-6051,5230.0,26162.676864244742,136830800.0,sum of states
2016,51-6052,17890.0,30610.380100614868,547619700.0,sum of states
2016,51-6061,9950.0,28421.40703517588,282793000.0,sum of states
2016,51-6062,14240.0,27910.744382022473,397449000.0,sum of states
2016,51-6063,20520.0,28468.328460038985,584170100.0,sum of states
2016,51-6064,28620.0,28087.540181691125,803865400.0,sum of states
2016,51-6091,17430.0,35740.17785427424,622951300.0,sum of states
2016,51-6092,3990.0,52889.37343358396,211028600.0,sum of states
2016,51-6093,31740.0,34435.83805923125,1092993500.0,sum of states
2016,51-6099,10540.0,30147.846299810248,317758300.0,sum of states
2016,51-7011,98420.0,34723.37939443203,3417475000.0,sum of states
2016,51-7021,16960.0,32279.10966981132,547453700.0,sum of states
2016,51-7031,280.0,39115.71428571428,10952400.0,sum of states
2016,51-7032,370.0,45593.24324324324,16869500.0,sum of states
2016,51-7041,50530.0,29964.2628141698,1514094200.0,sum of states
2016,51-7042,75950.0,29843.86965108624,2266641900.0,sum of states
2016,51-7099,5750.0,31955.61739130435,183744800.0,sum of states
2016,51-8011,3100.0,87667.67741935483,271769800.0,sum of states
2016,51-8012,10990.0,81927.95268425842,900388200.0,sum of states
2016,51-8013,34520.0,73732.71726535342,2545253400.0,sum of states
2016,51-8021,33820.0,61333.28799526907,2074291800.0,sum of states
2016,51-8031,116910.0,47686.73081857839,5575055700.0,sum of states
2016,51-8091,30620.0,58851.659046374916,1802037800.0,sum of states
2016,51-8092,15790.0,67654.17352754908,1068259400.0,sum of states
2016,51-8093,38850.0,68295.07335907336,2653263600.0,sum of states
2016,51-8099,10970.0,54941.95989061076,602713300.0,sum of states
2016,51-9011,74820.0,50099.08179631115,3748413300.0,sum of states
2016,51-9012,45270.0,41366.20720123702,1872648200.0,sum of states
2016,51-9021,29110.0,35815.13912744761,1042578700.0,sum of states
2016,51-9022,25580.0,30848.311180609853,789099800.0,sum of states
2016,51-9023,132490.0,37446.03215337006,4961224800.0,sum of states
2016,51-9031,12760.0,29230.26645768025,372978200.0,sum of states
2016,51-9032,59930.0,33925.626564325044,2033162800.0,sum of states
2016,51-9041,69390.0,34447.93486093097,2390342200.0,sum of states
2016,51-9051,19230.0,37604.26937077483,723130100.0,sum of states
2016,51-9061,522520.0,40281.734670443235,21048012000.0,sum of states
2016,51-9071,25180.0,42122.200158856234,1060637000.0,sum of states
2016,51-9081,37010.0,40720.77006214537,1507075700.0,sum of states
2016,51-9082,14320.0,39786.58519553073,569743900.0,sum of states
2016,51-9083,27540.0,34161.73202614379,940814100.0,sum of states
2016,51-9111,391400.0,30811.815789473683,12059744700.0,sum of states
2016,51-9123,14590.0,31949.60932145305,466144800.0,sum of states
2016,51-9141,14990.0,38632.38825883922,579099500.0,sum of states
2016,51-9151,26200.0,31773.68702290076,832470600.0,sum of states
2016,51-9191,16320.0,34179.736519607846,557813300.0,sum of states
2016,51-9192,16570.0,30694.960772480386,508615500.0,sum of states
2016,51-9193,7610.0,32348.92247043364,246175300.0,sum of states
2016,51-9194,8820.0,33562.74376417234,296023400.0,sum of states
2016,51-9195,39310.0,32576.118036123124,1280567200.0,sum of states
2016,51-9196,92870.0,38526.438031657155,3577950300.0,sum of states
2016,51-9197,13800.0,41983.710144927536,579375200.0,sum of states
2016,51-9198,431540.0,26907.194698058116,11611530800.0,sum of states
2016,51-9199,254160.0,32230.14400377715,8191613400.0,sum of states
2016,53-2011,62380.0,148672.98332798973,9274220700.0,sum of states
2016,53-2012,38000.0,86680.52105263158,3293859800.0,sum of states
2016,53-2021,20450.0,120075.32518337408,2455540400.0,sum of states
2016,53-2022,7070.0,54554.314002828854,385699000.0,sum of states
2016,53-2031,82210.0,50628.86510156915,4162199000.0,sum of states
2016,53-3011,17130.0,25396.987740805605,435050400.0,sum of states
2016,53-3031,428830.0,28393.378261782058,12175932400.0,sum of states
2016,53-3032,1713270.0,43468.05109527395,74472507900.0,sum of states
2016,53-3033,863800.0,34719.62560777958,29990812600.0,sum of states
2016,53-3099,52340.0,32943.45815819641,1724260600.0,sum of states
2016,53-4011,28070.0,62196.51585322408,1745856200.0,sum of states
2016,53-4013,2540.0,48544.8031496063,123303800.0,sum of states
2016,53-4031,32150.0,58540.45101088647,1882075500.0,sum of states
2016,53-4041,9400.0,65058.20212765958,611547100.0,sum of states
2016,53-4099,3300.0,61545.30303030303,203099500.0,sum of states
2016,53-5011,24970.0,43571.19743692431,1087972800.0,sum of states
2016,53-5021,32340.0,83217.73654916511,2691261600.0,sum of states
2016,53-5022,2170.0,43417.28110599078,94215500.0,sum of states
2016,53-5031,5860.0,75892.2866894198,444728800.0,sum of states
2016,53-6011,2930.0,46866.58703071672,137319100.0,sum of states
2016,53-6021,143510.0,22972.052121803357,3296719200.0,sum of states
2016,53-6030,109580.0,24230.411571454646,2655168500.0,sum of states
2016,53-6041,6050.0,48566.74380165289,293828800.0,sum of states
2016,53-6051,26470.0,73062.67094824329,1933968900.0,sum of states
2016,53-6061,16930.0,31453.160070880094,532502000.0,sum of states
2016,53-6099,30380.0,37478.087557603685,1138584300.0,sum of states
2016,53-7011,27690.0,33923.1744312026,939332700.0,sum of states
2016,53-7031,1050.0,49194.857142857145,51654600.0,sum of states
2016,53-7041,1910.0,47424.397905759164,90580600.0,sum of states
2016,53-7051,545470.0,34199.77817295177,18654953000.0,sum of states
2016,53-7061,349750.0,24641.2843459614,8618289200.0,sum of states
2016,53-7062,2598450.0,28691.749619965747,74554076800.0,sum of states
2016,53-7063,80110.0,30542.708775433777,2446776400.0,sum of states
2016,53-7064,702330.0,24397.53135990204,17135118200.0,sum of states
2016,53-7065,2035360.0,26610.179427717947,54161294800.0,sum of states
2016,53-7071,2710.0,60541.365313653136,164067100.0,sum of states
2016,53-7072,10970.0,46018.00364630811,504817500.0,sum of states
2016,53-7073,11470.0,50754.56843940715,582154900.0,sum of states
2016,53-7081,116360.0,37412.505156411135,4353319100.0,sum of states
2016,53-7121,10480.0,39704.045801526714,416098400.0,sum of states
2016,53-7199,21580.0,33393.04448563485,720621900.0,sum of states
2017,11-1011,210230.0,195922.9277458022,41188877100.0,sum of states
2017,11-1021,2221380.0,123263.81582619813,273815775200.0,sum of states
2017,11-1031,44090.0,46406.27579950102,2046052700.0,sum of states
2017,11-2011,26710.0,124546.52564582553,3326637700.0,sum of states
2017,11-2021,219740.0,145391.22690452353,31948268200.0,sum of states
2017,11-2022,370220.0,137364.31203068446,50855015600.0,sum of states
2017,11-2030,67540.0,127448.44536570921,8607868000.0,sum of states
2017,11-3021,365490.0,149518.2325097814,54647418800.0,sum of states
2017,11-3031,573640.0,143079.34383934175,82076034800.0,sum of states
2017,11-3051,172560.0,110574.6812702828,19080767000.0,sum of states
2017,11-3061,70820.0,121555.9630048009,8608593300.0,sum of states
2017,11-3071,119660.0,100536.36302858098,12030181200.0,sum of states
2017,11-3111,13470.0,127831.01707498144,1721883800.0,sum of states
2017,11-3121,133900.0,123682.4428678118,16561079100.0,sum of states
2017,11-3131,34570.0,117553.88776395719,4063837900.0,sum of states
2017,11-9013,4250.0,80548.8705882353,342332700.0,sum of states
2017,11-9021,264280.0,100910.48887543514,26668624000.0,sum of states
2017,11-9031,48960.0,53252.09354575163,2607222500.0,sum of states
2017,11-9032,245850.0,97293.6855806386,23919652600.0,sum of states
2017,11-9033,112430.0,108713.81214978208,12222693900.0,sum of states
2017,11-9039,36220.0,88246.22308117062,3196278200.0,sum of states
2017,11-9041,180240.0,146097.81735463825,26332670600.0,sum of states
2017,11-9051,191820.0,57137.72651444062,10960158700.0,sum of states
2017,11-9070,4000.0,83427.225,333708900.0,sum of states
2017,11-9081,35290.0,59734.709549447434,2108037900.0,sum of states
2017,11-9111,348180.0,111562.34763628009,38843778200.0,sum of states
2017,11-9121,44870.0,132020.4546467573,5923757800.0,sum of states
2017,11-9131,14080.0,75697.98295454546,1065827600.0,sum of states
2017,11-9141,186880.0,72367.25064212328,13523991800.0,sum of states
2017,11-9151,110740.0,70883.83510926494,7849675900.0,sum of states
2017,11-9171,7710.0,92338.24902723735,711927900.0,sum of states
2017,11-9199,377420.0,116200.72969106036,43856479400.0,sum of states
2017,13-1011,14600.0,90831.8904109589,1326145600.0,sum of states
2017,13-1020,417780.0,66588.36636507252,27819287700.0,sum of states
2017,13-1031,284330.0,66135.21928744769,18804226900.0,sum of states
2017,13-1032,14890.0,64500.11417058428,960406700.0,sum of states
2017,13-1041,291390.0,71181.03572531659,20741442000.0,sum of states
2017,13-1051,211310.0,68371.04491032133,14447485500.0,sum of states
2017,13-1071,556830.0,66073.33782303396,36791616700.0,sum of states
2017,13-1074,290.0,57470.0,16666300.0,sum of states
2017,13-1075,78810.0,65444.382692551706,5157671800.0,sum of states
2017,13-1111,660790.0,93353.54363716158,61687088100.0,sum of states
2017,13-1121,102950.0,52491.73093734823,5404023700.0,sum of states
2017,13-1131,72910.0,59933.884240844876,4369779500.0,sum of states
2017,13-1141,80840.0,67063.17788223652,5421387300.0,sum of states
2017,13-1151,281120.0,64634.74672737621,18170120000.0,sum of states
2017,13-1199,1007960.0,75508.05954601373,76109103700.0,sum of states
2017,13-2011,1250400.0,77619.18506078055,97055029000.0,sum of states
2017,13-2020,58230.0,60434.29675425038,3519089100.0,sum of states
2017,13-2031,55110.0,78350.55525313011,4317899100.0,sum of states
2017,13-2041,75500.0,82545.00529801325,6232147900.0,sum of states
2017,13-2051,295360.0,99252.83619989165,29315317700.0,sum of states
2017,13-2052,201110.0,124058.0319228283,24949310800.0,sum of states
2017,13-2053,90820.0,77259.73904426338,7016729500.0,sum of states
2017,13-2061,52340.0,91125.57317539168,4769512500.0,sum of states
2017,13-2071,35950.0,49378.36161335188,1775152100.0,sum of states
2017,13-2072,300120.0,78132.80321204851,23449216900.0,sum of states
2017,13-2081,56880.0,58630.45007032349,3334900000.0,sum of states
2017,13-2082,65770.0,47506.35548122244,3124493000.0,sum of states
2017,13-2099,125500.0,76688.27729083666,9624378800.0,sum of states
2017,15-1211,583230.0,92635.49097268659,54027797400.0,sum of states
2017,15-1212,104520.0,99394.59624952162,10388723200.0,sum of states
2017,15-1221,25930.0,119272.32934824527,3092731500.0,sum of states
2017,15-1241,156980.0,107641.27086253026,16897526700.0,sum of states
2017,15-1244,376100.0,86232.20047859612,32431930600.0,sum of states
2017,15-1299,307640.0,91164.44545572747,28045830000.0,sum of states
2017,15-2011,17430.0,114938.08376362594,2003370800.0,sum of states
2017,15-2021,1980.0,111063.63636363637,219906000.0,sum of states
2017,15-2031,105450.0,86505.10004741584,9121962800.0,sum of states
2017,15-2041,35980.0,88889.31906614786,3198237700.0,sum of states
2017,17-1011,103420.0,87404.74376329531,9039398600.0,sum of states
2017,17-1012,18270.0,70766.81992337164,1292909800.0,sum of states
2017,17-1021,11040.0,67641.32246376811,746760200.0,sum of states
2017,17-1022,43330.0,65222.70943918763,2826100000.0,sum of states
2017,17-2011,56460.0,114890.47113000354,6486716000.0,sum of states
2017,17-2021,1130.0,77719.82300884956,87823400.0,sum of states
2017,17-2031,19800.0,93151.53535353535,1844400400.0,sum of states
2017,17-2041,32920.0,112471.13001215066,3702549600.0,sum of states
2017,17-2051,300680.0,91593.05574032194,27540200000.0,sum of states
2017,17-2061,57580.0,118733.21639458145,6836658600.0,sum of states
2017,17-2071,184200.0,99398.30456026059,18309167700.0,sum of states
2017,17-2072,133370.0,106786.82162405338,14242158400.0,sum of states
2017,17-2081,52860.0,91063.49035187287,4813616100.0,sum of states
2017,17-2111,25700.0,91740.53307392997,2357731700.0,sum of states
2017,17-2112,268600.0,90123.6425912137,24207210400.0,sum of states
2017,17-2121,3520.0,103177.24431818182,363183900.0,sum of states
2017,17-2131,24680.0,96069.72042139384,2371000700.0,sum of states
2017,17-2141,292530.0,91343.52510853588,26720721400.0,sum of states
2017,17-2151,5380.0,104339.75836431226,561347900.0,sum of states
2017,17-2161,12750.0,108844.03921568628,1387761500.0,sum of states
2017,17-2171,29950.0,156208.0367278798,4678430700.0,sum of states
2017,17-2199,131340.0,99270.78498553373,13038224900.0,sum of states
2017,17-3011,96430.0,55005.44540080888,5304175100.0,sum of states
2017,17-3012,26010.0,63723.856209150326,1657457500.0,sum of states
2017,17-3013,58340.0,58083.67500857045,3388601600.0,sum of states
2017,17-3019,14860.0,53778.23687752355,799144600.0,sum of states
2017,17-3021,9250.0,67910.32432432432,628170500.0,sum of states
2017,17-3022,71420.0,53430.119014281714,3815979100.0,sum of states
2017,17-3023,124860.0,64138.5687970527,8008341700.0,sum of states
2017,17-3024,12180.0,58946.74055829228,717971300.0,sum of states
2017,17-3025,13920.0,51632.20545977011,718720300.0,sum of states
2017,17-3026,64590.0,56510.18888372813,3649993100.0,sum of states
2017,17-3027,43380.0,58141.874135546335,2522194500.0,sum of states
2017,17-3029,76880.0,64470.81555671176,4956516300.0,sum of states
2017,17-3031,49120.0,46196.01587947883,2269148300.0,sum of states
2017,19-1011,1960.0,68329.0306122449,133924900.0,sum of states
2017,19-1012,12530.0,71298.5554668795,893370900.0,sum of states
2017,19-1013,14210.0,68709.57072484166,976363000.0,sum of states
2017,19-1021,20280.0,97145.966469428,1970120200.0,sum of states
2017,19-1022,19810.0,80155.95658758203,1587889500.0,sum of states
2017,19-1023,17470.0,66322.72467086434,1158658000.0,sum of states
2017,19-1029,36720.0,80422.32843137255,2953107900.0,sum of states
2017,19-1031,20470.0,65274.250122129946,1336163900.0,sum of states
2017,19-1032,8000.0,61651.8875,493215100.0,sum of states
2017,19-1041,5960.0,78951.52684563758,470551100.0,sum of states
2017,19-1042,107310.0,94792.37536110335,10172169800.0,sum of states
2017,19-1099,6500.0,82377.35384615384,535452800.0,sum of states
2017,19-2011,1530.0,108566.99346405228,166107500.0,sum of states
2017,19-2012,15590.0,122471.41116100064,1909329300.0,sum of states
2017,19-2021,7820.0,92060.85677749361,719915900.0,sum of states
2017,19-2031,83400.0,81206.14748201439,6772592700.0,sum of states
2017,19-2032,6270.0,101906.39553429028,638953100.0,sum of states
2017,19-2041,82410.0,76041.08239291348,6266545600.0,sum of states
2017,19-2042,28510.0,105855.95931252193,3017953400.0,sum of states
2017,19-2043,5790.0,83978.80829015544,486237300.0,sum of states
2017,19-2099,15610.0,105539.0134529148,1647464000.0,sum of states
2017,19-3011,18380.0,112381.14798694233,2065565500.0,sum of states
2017,19-3022,10050.0,60010.338308457714,603103900.0,sum of states
2017,19-3031,108030.0,81225.62806627789,8774804600.0,sum of states
2017,19-3032,400.0,107509.0,43003600.0,sum of states
2017,19-3039,12250.0,93387.02857142857,1143991100.0,sum of states
2017,19-3041,2240.0,86028.75,192704400.0,sum of states
2017,19-3051,35450.0,74263.33991537377,2632635400.0,sum of states
2017,19-3091,5650.0,66611.75221238939,376356400.0,sum of states
2017,19-3092,700.0,77600.71428571429,54320500.0,sum of states
2017,19-3093,2570.0,65100.46692607004,167308200.0,sum of states
2017,19-3094,5600.0,113560.71428571429,635940000.0,sum of states
2017,19-3099,34920.0,83354.11512027492,2910725700.0,sum of states
2017,19-4010,20980.0,42887.897998093424,899788100.0,sum of states
2017,19-4021,74130.0,47361.27478753541,3510891300.0,sum of states
2017,19-4031,61480.0,49995.1903057905,3073704300.0,sum of states
2017,19-4040,14440.0,63675.27700831025,919471000.0,sum of states
2017,19-4051,4510.0,80878.53658536586,364762200.0,sum of states
2017,19-4061,28950.0,50018.74611398964,1448042700.0,sum of states
2017,19-4092,13860.0,61459.51659451659,851828900.0,sum of states
2017,19-4099,64110.0,50453.28497894244,3234560100.0,sum of states
2017,21-1012,272890.0,58515.85400710909,15968391400.0,sum of states
2017,21-1013,42140.0,53827.76222116753,2268301900.0,sum of states
2017,21-1015,103130.0,38931.988752060504,4015056000.0,sum of states
2017,21-1018,241680.0,46526.23758689176,11244461100.0,sum of states
2017,21-1019,26350.0,47950.06072106262,1263484100.0,sum of states
2017,21-1021,310030.0,48239.712285907815,14955758000.0,sum of states
2017,21-1022,168540.0,56685.26343894625,9553734300.0,sum of states
2017,21-1023,112400.0,47768.77846975089,5369210700.0,sum of states
2017,21-1029,59490.0,60229.42175155488,3583048300.0,sum of states
2017,21-1091,58750.0,58693.771914893616,3448259100.0,sum of states
2017,21-1092,82880.0,55947.77147683398,4636951300.0,sum of states
2017,21-1093,389110.0,35314.355837680865,13741169000.0,sum of states
2017,21-1094,55160.0,42220.558375634515,2328886000.0,sum of states
2017,21-1099,102160.0,44642.15348472984,4560642400.0,sum of states
2017,21-2011,49680.0,50757.602657004834,2521637700.0,sum of states
2017,21-2021,21150.0,45324.18912529551,958606600.0,sum of states
2017,21-2099,6930.0,36336.19047619047,251809800.0,sum of states
2017,23-1011,629230.0,141410.1489121625,88979508000.0,sum of states
2017,23-1012,7610.0,57280.39421813403,435903800.0,sum of states
2017,23-1021,14160.0,97259.82344632769,1377199100.0,sum of states
2017,23-1022,4970.0,73925.1106639839,367407800.0,sum of states
2017,23-1023,24310.0,114334.19169066228,2779464200.0,sum of states
2017,23-2011,291440.0,53849.79446884436,15693984100.0,sum of states
2017,23-2093,50100.0,51081.666666666664,2559191500.0,sum of states
2017,23-2099,42360.0,68897.08687440983,2918480600.0,sum of states
2017,25-1011,78340.0,99988.27546591779,7833081500.0,sum of states
2017,25-1021,31420.0,91175.70019096117,2864740500.0,sum of states
2017,25-1022,44400.0,81072.1554054054,3599603700.0,sum of states
2017,25-1031,5320.0,92028.57142857143,489592000.0,sum of states
2017,25-1032,32710.0,109644.67746866401,3586477400.0,sum of states
2017,25-1041,8120.0,92107.8448275862,747915700.0,sum of states
2017,25-1042,49660.0,92898.25815545711,4613327500.0,sum of states
2017,25-1043,1310.0,93215.7251908397,122112600.0,sum of states
2017,25-1051,9520.0,98721.4705882353,939828400.0,sum of states
2017,25-1052,20290.0,90111.8925579103,1828370300.0,sum of states
2017,25-1053,4560.0,89172.41228070176,406626200.0,sum of states
2017,25-1054,12410.0,97996.92989524578,1216141900.0,sum of states
2017,25-1061,5210.0,93648.90595009597,487910800.0,sum of states
2017,25-1062,7080.0,81071.65254237287,573987300.0,sum of states
2017,25-1063,12430.0,115005.494770716,1429518300.0,sum of states
2017,25-1064,3270.0,84716.88073394496,277024200.0,sum of states
2017,25-1065,14880.0,99739.1129032258,1484118000.0,sum of states
2017,25-1066,36340.0,84916.73637864612,3085874200.0,sum of states
2017,25-1067,13550.0,83773.87453874538,1135136000.0,sum of states
2017,25-1069,13160.0,70555.05319148937,928504500.0,sum of states
2017,25-1071,169940.0,123591.92597387313,21003211900.0,sum of states
2017,25-1072,55070.0,76787.01289268205,4228660800.0,sum of states
2017,25-1081,56690.0,72216.08749338507,4093930000.0,sum of states
2017,25-1082,4400.0,73461.54545454546,323230800.0,sum of states
2017,25-1111,13690.0,68688.57560262966,940346600.0,sum of states
2017,25-1112,14320.0,129680.04888268157,1857018300.0,sum of states
2017,25-1113,10660.0,74058.63039399625,789465000.0,sum of states
2017,25-1121,90450.0,78620.37479270315,7111212900.0,sum of states
2017,25-1122,23770.0,73467.31594446782,1746318100.0,sum of states
2017,25-1123,67350.0,77824.81069042317,5241501000.0,sum of states
2017,25-1124,26710.0,75989.26244852116,2029673200.0,sum of states
2017,25-1125,20910.0,82989.18699186992,1735303900.0,sum of states
2017,25-1126,22500.0,78779.33777777778,1772535100.0,sum of states
2017,25-1192,1720.0,76633.54651162791,131809700.0,sum of states
2017,25-1193,13970.0,70237.22261989978,981214000.0,sum of states
2017,25-1194,116220.0,56043.74978489072,6513404600.0,sum of states
2017,25-1199,65990.0,67799.5696317624,4474093600.0,sum of states
2017,25-2011,413000.0,33502.79927360775,13836656100.0,sum of states
2017,25-2012,140750.0,57075.087744227356,8033318600.0,sum of states
2017,25-2021,1422860.0,60603.866929986085,86230818100.0,sum of states
2017,25-2022,624040.0,60961.085186847,38042155600.0,sum of states
2017,25-2023,10430.0,61201.71620325983,638333900.0,sum of states
2017,25-2031,1036970.0,62611.39859398054,64926142000.0,sum of states
2017,25-2032,78170.0,60693.36957912242,4744400700.0,sum of states
2017,25-2051,28150.0,58485.90408525755,1646378200.0,sum of states
2017,25-2052,183150.0,62052.459186459186,11364907900.0,sum of states
2017,25-2059,37350.0,56061.930388219545,2093913100.0,sum of states
2017,25-3011,59950.0,56954.88407005838,3414445300.0,sum of states
2017,25-3021,233460.0,44633.478540221025,10420131900.0,sum of states
2017,25-3097,301090.0,47250.01228868445,14226506200.0,sum of states
2017,25-4011,5110.0,54787.749510763206,279965400.0,sum of states
2017,25-4012,11480.0,58781.77700348432,674814800.0,sum of states
2017,25-4013,11920.0,45174.88255033557,538484600.0,sum of states
2017,25-4022,128390.0,60478.82934808007,7764876900.0,sum of states
2017,25-4031,90500.0,35456.78895027624,3208839400.0,sum of states
2017,25-9021,7270.0,50421.73314993123,366566000.0,sum of states
2017,25-9031,158990.0,66402.77690420781,10557377500.0,sum of states
2017,25-9040,1308890.0,27895.459129491403,36512087500.0,sum of states
2017,25-9099,92480.0,48271.33109861592,4464132700.0,sum of states
2017,27-1011,38020.0,103438.5560231457,3932733900.0,sum of states
2017,27-1012,3460.0,43391.12716763006,150133300.0,sum of states
2017,27-1013,10380.0,58952.851637764936,611930600.0,sum of states
2017,27-1014,27220.0,76001.75973548861,2068767900.0,sum of states
2017,27-1019,5000.0,71336.28,356681400.0,sum of states
2017,27-1021,28930.0,69897.18631178707,2022125600.0,sum of states
2017,27-1022,17330.0,79610.29428736295,1379646400.0,sum of states
2017,27-1023,43620.0,28205.353049060064,1230317500.0,sum of states
2017,27-1024,211330.0,53406.05593148157,11286301800.0,sum of states
2017,27-1025,54780.0,57780.6005841548,3165221300.0,sum of states
2017,27-1026,116840.0,30716.932557343374,3588966400.0,sum of states
2017,27-1027,11000.0,59615.663636363635,655772300.0,sum of states
2017,27-1029,7200.0,66844.93055555556,481283500.0,sum of states
2017,27-2012,116580.0,90735.22988505747,10577913100.0,sum of states
2017,27-2021,5740.0,86772.38675958189,498073500.0,sum of states
2017,27-2022,229980.0,42426.465779633014,9757238600.0,sum of states
2017,27-2023,16400.0,31882.90243902439,522879600.0,sum of states
2017,27-2032,3770.0,52777.798408488066,198972300.0,sum of states
2017,27-2041,14660.0,61403.88130968622,900180900.0,sum of states
2017,27-3011,25140.0,45999.66189339698,1156431500.0,sum of states
2017,27-3031,234750.0,67840.69818956337,15925603900.0,sum of states
2017,27-3041,90360.0,67749.46657813192,6121841800.0,sum of states
2017,27-3042,50110.0,74358.79864298544,3726119400.0,sum of states
2017,27-3043,43800.0,72018.96575342465,3154430700.0,sum of states
2017,27-3091,52550.0,51871.98858230257,2725873000.0,sum of states
2017,27-3099,20920.0,52882.997131931166,1106312300.0,sum of states
2017,27-4011,73290.0,47390.5471414927,3473253200.0,sum of states
2017,27-4012,30400.0,46688.84210526316,1419340800.0,sum of states
2017,27-4014,12200.0,69077.74590163934,842748500.0,sum of states
2017,27-4021,42750.0,40496.343859649125,1731218700.0,sum of states
2017,27-4031,20320.0,61734.38976377953,1254442800.0,sum of states
2017,27-4032,29500.0,85025.83050847458,2508262000.0,sum of states
2017,27-4099,18500.0,78276.39459459459,1448113300.0,sum of states
2017,29-1011,31710.0,82075.23178807947,2602605600.0,sum of states
2017,29-1021,110540.0,173948.24497919306,19228239000.0,sum of states
2017,29-1022,2740.0,236665.5109489051,648463500.0,sum of states
2017,29-1023,3080.0,235292.5974025974,724701200.0,sum of states
2017,29-1029,2950.0,192635.25423728814,568274000.0,sum of states
2017,29-1031,63380.0,59963.82770590091,3800507400.0,sum of states
2017,29-1041,37270.0,118592.62946069225,4419947300.0,sum of states
2017,29-1051,311490.0,121501.05653472022,37846364100.0,sum of states
2017,29-1071,109250.0,104726.08146453089,11441324400.0,sum of states
2017,29-1081,9410.0,147516.04675876728,1388126000.0,sum of states
2017,29-1122,126280.0,84563.91035793474,10678730600.0,sum of states
2017,29-1123,225950.0,87984.73202035848,19880150200.0,sum of states
2017,29-1124,17090.0,85114.34172030428,1454604100.0,sum of states
2017,29-1125,17740.0,49479.588500563696,877767900.0,sum of states
2017,29-1126,128850.0,61633.827706635624,7941518700.0,sum of states
2017,29-1127,142460.0,79747.56001684684,11360837400.0,sum of states
2017,29-1128,5670.0,54693.26278659612,310110800.0,sum of states
2017,29-1129,11810.0,58297.6883996613,688495700.0,sum of states
2017,29-1131,69250.0,101476.12274368231,7027221500.0,sum of states
2017,29-1141,2925920.0,73300.59622272653,214471680500.0,sum of states
2017,29-1151,42270.0,168492.10078069553,7122161100.0,sum of states
2017,29-1161,5680.0,104513.39788732394,593636100.0,sum of states
2017,29-1171,167490.0,106867.17415965132,17899183000.0,sum of states
2017,29-1181,11510.0,79047.42832319722,909835900.0,sum of states
2017,29-1292,211590.0,74679.78779715487,15801496300.0,sum of states
2017,29-2010,325990.0,52998.30700328231,17276918100.0,sum of states
2017,29-2031,56400.0,56947.81560283688,3211856800.0,sum of states
2017,29-2032,69240.0,72847.287694974,5043946200.0,sum of states
2017,29-2033,19030.0,77238.69679453495,1469852400.0,sum of states
2017,29-2034,202690.0,60070.275790616215,12175644200.0,sum of states
2017,29-2035,37720.0,70244.71367974549,2649630600.0,sum of states
2017,29-2051,33400.0,29576.398203592813,987851700.0,sum of states
2017,29-2052,423390.0,32913.47929804672,13935238000.0,sum of states
2017,29-2053,66830.0,36057.14499476283,2409699000.0,sum of states
2017,29-2055,107290.0,47819.18445335073,5130520300.0,sum of states
2017,29-2056,103100.0,34707.04752667313,3578296600.0,sum of states
2017,29-2057,45870.0,37381.05079572705,1714668800.0,sum of states
2017,29-2061,707200.0,45576.13419117647,32231442100.0,sum of states
2017,29-2072,205930.0,42652.614966250665,8783453000.0,sum of states
2017,29-2081,75950.0,38876.46346280447,2952667400.0,sum of states
2017,29-2091,7120.0,71121.17977528089,506382800.0,sum of states
2017,29-2092,5840.0,56696.40410958904,331107000.0,sum of states
2017,29-2099,124370.0,46664.903111682885,5803714000.0,sum of states
2017,29-9091,25010.0,48628.81647341063,1216206700.0,sum of states
2017,29-9092,2150.0,77977.58139534884,167651800.0,sum of states
2017,29-9099,34690.0,60654.45085038916,2104102900.0,sum of states
2017,31-1122,2034920.0,24067.54953511686,48975537900.0,sum of states
2017,31-2011,41430.0,59429.811730629976,2462177100.0,sum of states
2017,31-2012,7260.0,33652.74104683196,244318900.0,sum of states
2017,31-2021,90680.0,57322.40736656374,5197995900.0,sum of states
2017,31-2022,49330.0,27877.528887086966,1375198500.0,sum of states
2017,31-9011,103530.0,44901.30493576741,4648632100.0,sum of states
2017,31-9091,339770.0,38559.215645878096,13101264700.0,sum of states
2017,31-9092,647010.0,33569.96120616374,21720100600.0,sum of states
2017,31-9093,54200.0,36989.0184501845,2004804800.0,sum of states
2017,31-9094,55710.0,36368.023694130316,2026062600.0,sum of states
2017,31-9095,35760.0,28797.603467561523,1029802300.0,sum of states
2017,31-9096,84650.0,27502.923803898404,2328122500.0,sum of states
2017,31-9097,122710.0,34697.76057371037,4257762200.0,sum of states
2017,31-9099,89970.0,38560.915860842506,3469325600.0,sum of states
2017,33-1011,41750.0,66453.14730538923,2774418900.0,sum of states
2017,33-1012,102570.0,87154.1464365799,8939400800.0,sum of states
2017,33-1021,58310.0,78666.98679471789,4587072000.0,sum of states
2017,33-2011,319080.0,51546.328193556474,16447402400.0,sum of states
2017,33-2021,11330.0,62240.211827007945,705181600.0,sum of states
2017,33-2022,1480.0,46229.12162162162,68419100.0,sum of states
2017,33-3011,17990.0,44963.82990550306,808899300.0,sum of states
2017,33-3012,425250.0,47619.320399764845,20250116000.0,sum of states
2017,33-3021,102660.0,81856.65108123905,8403403800.0,sum of states
2017,33-3031,4130.0,59769.27360774818,246847100.0,sum of states
2017,33-3051,655830.0,63500.69941905677,41645663700.0,sum of states
2017,33-3052,4430.0,72476.20767494357,321069600.0,sum of states
2017,33-9011,12420.0,37501.4653784219,465768200.0,sum of states
2017,33-9021,25290.0,53478.69118228549,1352476100.0,sum of states
2017,33-9031,9860.0,35495.314401622716,349983800.0,sum of states
2017,33-9032,1132640.0,30441.86105028959,34479669500.0,sum of states
2017,33-9092,139280.0,23546.23348650201,3279519400.0,sum of states
2017,33-9093,40160.0,40771.91484063745,1637400100.0,sum of states
2017,33-9099,135460.0,33853.315369850876,4585770100.0,sum of states
2017,35-1011,132510.0,49524.80944834352,6562532500.0,sum of states
2017,35-1012,936710.0,35350.546060146684,33113210000.0,sum of states
2017,35-2011,507090.0,21561.578812439606,10933661000.0,sum of states
2017,35-2012,408130.0,27370.711783010316,11170808600.0,sum of states
2017,35-2013,30.0,27880.0,836400.0,sum of states
2017,35-2014,1284720.0,26392.674201382404,33907196400.0,sum of states
2017,35-2015,169010.0,23714.41157327969,4007972700.0,sum of states
2017,35-2019,15340.0,29908.735332464144,458800000.0,sum of states
2017,35-2021,842330.0,23830.06600738428,20072779500.0,sum of states
2017,35-3031,2599350.0,25240.032084944312,65607677400.0,sum of states
2017,35-3041,264880.0,24142.89791603745,6394970800.0,sum of states
2017,35-9011,413220.0,23155.340012584096,9568249600.0,sum of states
2017,35-9021,506230.0,22193.56656065425,11235049200.0,sum of states
2017,35-9031,385170.0,22177.56003842459,8542130800.0,sum of states
2017,35-9099,48500.0,24430.381443298967,1184873500.0,sum of states
2017,37-1011,156400.0,42257.748721227625,6609111900.0,sum of states
2017,37-1012,101030.0,49832.616054637234,5034589200.0,sum of states
2017,37-2011,2194730.0,27786.25288759893,60983322800.0,sum of states
2017,37-2012,927370.0,24608.327636218553,22821024800.0,sum of states
2017,37-2019,6050.0,31298.80991735537,189357800.0,sum of states
2017,37-2021,75630.0,36512.238529683986,2761420600.0,sum of states
2017,37-3011,919620.0,29626.984515343294,27245567500.0,sum of states
2017,37-3012,24360.0,37370.68144499179,910349800.0,sum of states
2017,37-3013,37780.0,38183.912122816306,1442588200.0,sum of states
2017,37-3019,11020.0,33947.34119782214,374099700.0,sum of states
2017,39-2011,13180.0,35122.89833080425,462919800.0,sum of states
2017,39-2021,191080.0,25151.56740632196,4805961500.0,sum of states
2017,39-3011,88920.0,22981.611560953665,2043524900.0,sum of states
2017,39-3012,9020.0,28359.578713968956,255803400.0,sum of states
2017,39-3019,8950.0,29822.022346368714,266907100.0,sum of states
2017,39-3021,3880.0,25367.91237113402,98427500.0,sum of states
2017,39-3031,124440.0,22494.860977177756,2799260500.0,sum of states
2017,39-3091,304810.0,22799.89009546931,6949634500.0,sum of states
2017,39-3092,5860.0,48480.955631399316,284098400.0,sum of states
2017,39-3093,17890.0,25668.21688093907,459204400.0,sum of states
2017,39-3099,3600.0,30066.916666666668,108240900.0,sum of states
2017,39-4011,2880.0,45146.875,130023000.0,sum of states
2017,39-4021,35040.0,27045.34817351598,947669000.0,sum of states
2017,39-4031,25220.0,56228.92149088025,1418093400.0,sum of states
2017,39-5011,13480.0,29137.47774480712,392773200.0,sum of states
2017,39-5012,353210.0,30462.980379943943,10759829300.0,sum of states
2017,39-5091,2990.0,72193.21070234114,215857700.0,sum of states
2017,39-5092,102860.0,24942.297297297297,2565564700.0,sum of states
2017,39-5093,12490.0,21420.304243394716,267539600.0,sum of states
2017,39-5094,44610.0,34814.76574759022,1553086700.0,sum of states
2017,39-6011,43150.0,25987.330243337197,1121353300.0,sum of states
2017,39-6012,36000.0,32602.191666666666,1173678900.0,sum of states
2017,39-7010,46920.0,29053.563512361467,1363193200.0,sum of states
2017,39-9011,564490.0,23742.501195769633,13402404500.0,sum of states
2017,39-9031,280200.0,43706.793004996434,12246643400.0,sum of states
2017,39-9032,353910.0,27912.73063773276,9878594500.0,sum of states
2017,39-9041,110330.0,28810.340795794436,3178644900.0,sum of states
2017,39-9099,54750.0,27641.565296803652,1513375700.0,sum of states
2017,41-1011,1212930.0,43418.75821358199,52663914400.0,sum of states
2017,41-1012,253660.0,83071.90254671608,21072018800.0,sum of states
2017,41-2011,3599640.0,22092.458718094033,79524898100.0,sum of states
2017,41-2012,19670.0,25829.62887646162,508068800.0,sum of states
2017,41-2021,447090.0,29711.636583238273,13283775600.0,sum of states
2017,41-2022,254500.0,32771.97524557957,8340467700.0,sum of states
2017,41-2031,4484400.0,27386.78333779324,122813291200.0,sum of states
2017,41-3011,137270.0,60863.95279376412,8354794800.0,sum of states
2017,41-3021,388400.0,66795.5623069001,25943396400.0,sum of states
2017,41-3031,389850.0,97400.04771065795,37971408600.0,sum of states
2017,41-3041,67770.0,40760.09886380404,2762311900.0,sum of states
2017,41-3091,1007080.0,62958.74309886007,63404491000.0,sum of states
2017,41-4011,323270.0,91804.76815046246,29677727400.0,sum of states
2017,41-4012,1399170.0,67745.71624606017,94787773800.0,sum of states
2017,41-9011,83290.0,31088.14263416977,2589331400.0,sum of states
2017,41-9012,1190.0,39910.924369747896,47494000.0,sum of states
2017,41-9021,37830.0,75921.53053132434,2872111500.0,sum of states
2017,41-9022,148380.0,59629.01671384284,8847753500.0,sum of states
2017,41-9031,70330.0,106923.77648229773,7519949200.0,sum of states
2017,41-9041,188690.0,27666.339498648576,5220361600.0,sum of states
2017,41-9091,5550.0,28097.297297297297,155940000.0,sum of states
2017,41-9099,87040.0,40141.80721507353,3493942900.0,sum of states
2017,43-1011,1475670.0,58282.86710443392,86006278500.0,sum of states
2017,43-2011,79140.0,30374.53879201415,2403841000.0,sum of states
2017,43-2021,5100.0,37806.0,192810600.0,sum of states
2017,43-2099,1190.0,41912.94117647059,49876400.0,sum of states
2017,43-3011,274410.0,37515.413068036876,10294604500.0,sum of states
2017,43-3021,480300.0,38316.99875078076,18403654500.0,sum of states
2017,43-3031,1541510.0,41007.01539399679,63212724300.0,sum of states
2017,43-3041,16190.0,28086.53489808524,454721000.0,sum of states
2017,43-3051,153970.0,44836.42852503734,6903464900.0,sum of states
2017,43-3061,71220.0,42169.86099410278,3003337500.0,sum of states
2017,43-3071,494660.0,28827.626854809365,14259873900.0,sum of states
2017,43-3099,31990.0,42597.542982181934,1362695400.0,sum of states
2017,43-4011,57790.0,52800.39453192594,3051334800.0,sum of states
2017,43-4021,5550.0,37380.82882882883,207463600.0,sum of states
2017,43-4031,133330.0,39755.24038100953,5300566200.0,sum of states
2017,43-4041,31010.0,39354.14704933892,1220372100.0,sum of states
2017,43-4051,2783810.0,35580.44550454234,99049200000.0,sum of states
2017,43-4061,135830.0,44256.18199219613,6011317200.0,sum of states
2017,43-4071,119410.0,32159.918767272422,3840215900.0,sum of states
2017,43-4081,254990.0,24232.793835052355,6179120100.0,sum of states
2017,43-4111,190040.0,34552.545253630815,6566365700.0,sum of states
2017,43-4121,94170.0,28120.27715833068,2648086500.0,sum of states
2017,43-4131,228600.0,40527.75371828522,9264644500.0,sum of states
2017,43-4141,41810.0,36471.915809614926,1524890800.0,sum of states
2017,43-4151,162190.0,35648.552315185894,5781838700.0,sum of states
2017,43-4161,136120.0,40527.026153394065,5516538800.0,sum of states
2017,43-4171,1018800.0,29605.155477031803,30161732400.0,sum of states
2017,43-4181,138320.0,39684.77660497397,5489198300.0,sum of states
2017,43-4199,163230.0,40530.235863505484,6615750400.0,sum of states
2017,43-5011,90220.0,44532.340944358235,4017707800.0,sum of states
2017,43-5021,79470.0,29697.508493771234,2360061000.0,sum of states
2017,43-5031,95760.0,41954.06223893066,4017521000.0,sum of states
2017,43-5032,199520.0,42069.27826784282,8393662400.0,sum of states
2017,43-5041,31730.0,42287.19193192562,1341772600.0,sum of states
2017,43-5051,83670.0,49748.296880602364,4162440000.0,sum of states
2017,43-5052,338060.0,50025.12512571733,16911493800.0,sum of states
2017,43-5053,112520.0,50148.83398506932,5642746800.0,sum of states
2017,43-5061,337490.0,48953.85107706895,16521435200.0,sum of states
2017,43-5071,674870.0,33739.33113043994,22769662400.0,sum of states
2017,43-5111,72720.0,32294.217546754677,2348435500.0,sum of states
2017,43-6011,605610.0,58974.99545912386,35715847000.0,sum of states
2017,43-6012,186520.0,47850.16137679605,8925012100.0,sum of states
2017,43-6013,582200.0,35745.02696667812,20810754700.0,sum of states
2017,43-6014,2277580.0,36777.51903335997,83763741800.0,sum of states
2017,43-9021,181810.0,32395.37759199164,5889803600.0,sum of states
2017,43-9022,68160.0,40453.36707746479,2757301500.0,sum of states
2017,43-9031,11890.0,45137.45164003364,536684300.0,sum of states
2017,43-9041,268700.0,41013.24823222925,11020259800.0,sum of states
2017,43-9051,85710.0,31193.509508808773,2673595700.0,sum of states
2017,43-9061,2992080.0,33807.755908932915,101155510300.0,sum of states
2017,43-9071,54890.0,33179.59191109492,1821227800.0,sum of states
2017,43-9081,9160.0,40469.79257641921,370703300.0,sum of states
2017,43-9111,9160.0,48243.68995633188,441912200.0,sum of states
2017,43-9199,209640.0,37286.52594924633,7816747300.0,sum of states
2017,45-1011,20670.0,50075.999032414125,1035070900.0,sum of states
2017,45-2011,12300.0,45329.86178861788,557557300.0,sum of states
2017,45-2021,940.0,44533.40425531915,41861400.0,sum of states
2017,45-2041,37040.0,24702.67818574514,914987200.0,sum of states
2017,45-2091,25790.0,31394.435827840247,809662500.0,sum of states
2017,45-2092,279200.0,24962.49570200573,6969528800.0,sum of states
2017,45-2093,34140.0,27810.97539543058,949466700.0,sum of states
2017,45-2099,4730.0,35755.58139534884,169123900.0,sum of states
2017,45-4011,5710.0,30574.868651488618,174582500.0,sum of states
2017,45-4021,4030.0,49544.24317617866,199663300.0,sum of states
2017,45-4022,25860.0,39843.0162412993,1030340400.0,sum of states
2017,45-4023,2420.0,38849.545454545456,94015900.0,sum of states
2017,45-4029,2690.0,40301.85873605948,108412000.0,sum of states
2017,47-1011,559600.0,68976.27555396712,38599123800.0,sum of states
2017,47-2011,13900.0,63150.460431654676,877791400.0,sum of states
2017,47-2021,64900.0,53268.285053929125,3457111700.0,sum of states
2017,47-2022,9920.0,42345.83669354839,420070700.0,sum of states
2017,47-2031,696390.0,49513.39364436595,34480632200.0,sum of states
2017,47-2041,25270.0,44467.05184012663,1123682400.0,sum of states
2017,47-2042,10550.0,44466.14218009479,469117800.0,sum of states
2017,47-2043,2500.0,39284.92,98212300.0,sum of states
2017,47-2044,38490.0,46339.14263445051,1783593600.0,sum of states
2017,47-2051,179830.0,45345.827726185846,8154540200.0,sum of states
2017,47-2053,1190.0,46435.294117647056,55258000.0,sum of states
2017,47-2071,49730.0,43786.07279308265,2177481400.0,sum of states
2017,47-2072,2970.0,63602.22222222222,188898600.0,sum of states
2017,47-2073,367270.0,51744.306096332395,19004131300.0,sum of states
2017,47-2081,96220.0,49232.812305134066,4737181200.0,sum of states
2017,47-2082,17070.0,55976.59050966608,955520400.0,sum of states
2017,47-2111,633020.0,57829.970775015005,36607528100.0,sum of states
2017,47-2121,47030.0,47500.82500531575,2233963800.0,sum of states
2017,47-2131,30740.0,40407.32270657124,1242121100.0,sum of states
2017,47-2132,23680.0,50660.20692567567,1199633700.0,sum of states
2017,47-2141,222140.0,41782.420545601875,9281546900.0,sum of states
2017,47-2142,1270.0,40544.566929133856,51491600.0,sum of states
2017,47-2151,38460.0,43007.36609464379,1654063300.0,sum of states
2017,47-2152,429000.0,57013.964335664336,24458990700.0,sum of states
2017,47-2161,22320.0,45759.99551971326,1021363100.0,sum of states
2017,47-2171,17670.0,54193.0220713073,957590700.0,sum of states
2017,47-2181,121230.0,42689.99010146003,5175307500.0,sum of states
2017,47-2211,132730.0,52024.341897084305,6905190900.0,sum of states
2017,47-2221,74750.0,56749.355183946485,4242014300.0,sum of states
2017,47-2231,7690.0,42977.38621586476,330496100.0,sum of states
2017,47-3011,24130.0,34979.83423124741,844063400.0,sum of states
2017,47-3012,34250.0,30882.496350364963,1057725500.0,sum of states
2017,47-3013,71990.0,31872.958744270036,2294534300.0,sum of states
2017,47-3014,9470.0,30702.05913410771,290748500.0,sum of states
2017,47-3015,54900.0,31725.196721311477,1741713300.0,sum of states
2017,47-3016,7910.0,29792.27560050569,235656900.0,sum of states
2017,47-3019,23110.0,31529.757680657724,728652700.0,sum of states
2017,47-4011,99320.0,61857.6832460733,6143705100.0,sum of states
2017,47-4021,22500.0,76067.28,1711513800.0,sum of states
2017,47-4031,18860.0,36298.06468716861,684581500.0,sum of states
2017,47-4041,42910.0,46283.61454206479,1986029900.0,sum of states
2017,47-4051,151950.0,39537.69595261599,6007752900.0,sum of states
2017,47-4061,13150.0,57392.007604562736,754704900.0,sum of states
2017,47-4071,25870.0,40607.45264785466,1050514800.0,sum of states
2017,47-4090,33690.0,42367.20391807658,1427351100.0,sum of states
2017,47-5011,8810.0,47451.71396140749,418049600.0,sum of states
2017,47-5012,14450.0,56032.35986159169,809667600.0,sum of states
2017,47-5013,38520.0,53412.65057113188,2057455300.0,sum of states
2017,47-5023,17290.0,47449.33487565067,820399000.0,sum of states
2017,47-5041,9190.0,55018.15016322089,505616800.0,sum of states
2017,47-5049,1770.0,49982.259887005646,88468600.0,sum of states
2017,47-5051,3310.0,35908.549848942595,118857300.0,sum of states
2017,47-5071,47820.0,39854.67168548724,1905850400.0,sum of states
2017,47-5081,14750.0,36844.36610169491,543454400.0,sum of states
2017,47-5099,3620.0,50686.21546961326,183484100.0,sum of states
2017,49-1011,462930.0,67983.99758062774,31471832000.0,sum of states
2017,49-2011,96780.0,39815.58689811944,3853352500.0,sum of states
2017,49-2021,13830.0,55835.169920462766,772200400.0,sum of states
2017,49-2022,234250.0,54970.59509071505,12876861900.0,sum of states
2017,49-2091,15090.0,61876.62027833002,933718200.0,sum of states
2017,49-2092,17210.0,45973.57931435212,791205300.0,sum of states
2017,49-2093,7600.0,61500.86842105263,467406600.0,sum of states
2017,49-2094,64890.0,58051.35460009246,3766952400.0,sum of states
2017,49-2095,24300.0,77069.44444444444,1872787500.0,sum of states
2017,49-2096,9860.0,35316.227180527385,348218000.0,sum of states
2017,49-2097,22620.0,38264.58885941644,865545000.0,sum of states
2017,49-2098,68030.0,46843.99823607232,3186797200.0,sum of states
2017,49-3011,123750.0,62691.66868686869,7758094000.0,sum of states
2017,49-3021,144700.0,45540.74429854872,6589745700.0,sum of states
2017,49-3022,16470.0,35861.67577413479,590641800.0,sum of states
2017,49-3023,642900.0,42526.822211852545,27340494000.0,sum of states
2017,49-3031,261600.0,47898.99808868502,12530377900.0,sum of states
2017,49-3041,34400.0,40873.36627906977,1406043800.0,sum of states
2017,49-3042,126110.0,52291.56926492744,6594489800.0,sum of states
2017,49-3043,14520.0,56013.93939393939,813322400.0,sum of states
2017,49-3051,20890.0,41216.27094303494,861007900.0,sum of states
2017,49-3052,15580.0,38294.672657252886,596631000.0,sum of states
2017,49-3053,31290.0,35975.58964525408,1125676200.0,sum of states
2017,49-3091,10420.0,29710.940499040305,309588000.0,sum of states
2017,49-3092,12570.0,39586.49164677804,497602200.0,sum of states
2017,49-3093,112690.0,28459.09574940101,3207055500.0,sum of states
2017,49-9011,18040.0,41451.67405764967,747788200.0,sum of states
2017,49-9012,44490.0,58283.05012362329,2593012900.0,sum of states
2017,49-9021,307800.0,49375.390188434045,15197745100.0,sum of states
2017,49-9031,28720.0,40778.87534818942,1171169300.0,sum of states
2017,49-9041,345130.0,52870.48126792803,18247189200.0,sum of states
2017,49-9043,83770.0,47109.56308941149,3946368100.0,sum of states
2017,49-9044,38630.0,54767.13694020192,2115654500.0,sum of states
2017,49-9045,990.0,49710.30303030303,49213200.0,sum of states
2017,49-9051,117130.0,68407.13480747887,8012527700.0,sum of states
2017,49-9052,104360.0,56015.062284400155,5845731900.0,sum of states
2017,49-9061,1750.0,39921.25714285715,69862200.0,sum of states
2017,49-9062,42680.0,51959.55482661668,2217633800.0,sum of states
2017,49-9063,6720.0,38206.770833333336,256749500.0,sum of states
2017,49-9064,1160.0,40328.18965517241,46780700.0,sum of states
2017,49-9069,10520.0,56771.226235741444,597233300.0,sum of states
2017,49-9071,1355800.0,40167.36318041009,54458911000.0,sum of states
2017,49-9081,2490.0,58608.072289156626,145934100.0,sum of states
2017,49-9091,33680.0,35186.87054631829,1185093800.0,sum of states
2017,49-9092,2000.0,54514.75,109029500.0,sum of states
2017,49-9094,16970.0,42828.49734826164,726799600.0,sum of states
2017,49-9095,1440.0,31663.125,45594900.0,sum of states
2017,49-9096,19260.0,49524.58463136033,953843500.0,sum of states
2017,49-9097,2520.0,70957.97619047618,178814100.0,sum of states
2017,49-9098,113390.0,30300.62262986154,3435787600.0,sum of states
2017,49-9099,145820.0,42594.49663969277,6211129500.0,sum of states
2017,51-1011,613390.0,62514.42018943902,38345720200.0,sum of states
2017,51-2011,24320.0,54612.30263157895,1328171200.0,sum of states
2017,51-2021,12440.0,35113.57717041801,436812900.0,sum of states
2017,51-2028,264160.0,34835.58335857056,9202167700.0,sum of states
2017,51-2031,36280.0,44542.66538037486,1616007900.0,sum of states
2017,51-2041,76150.0,40259.8043335522,3065784100.0,sum of states
2017,51-3011,184750.0,27824.060081190797,5140495100.0,sum of states
2017,51-3021,133160.0,32310.868128567137,4302515200.0,sum of states
2017,51-3022,149950.0,26422.724908302767,3962087600.0,sum of states
2017,51-3023,65450.0,27950.94881588999,1829389600.0,sum of states
2017,51-3091,20270.0,31722.422298963986,643013500.0,sum of states
2017,51-3092,152460.0,30787.777777777777,4693904600.0,sum of states
2017,51-3093,32620.0,30284.947884733294,987895000.0,sum of states
2017,51-3099,43090.0,26394.502204687862,1137339100.0,sum of states
2017,51-4021,72990.0,36054.201945471985,2631596200.0,sum of states
2017,51-4022,17080.0,40510.649882903985,691921900.0,sum of states
2017,51-4023,24670.0,39703.32792865829,979481100.0,sum of states
2017,51-4031,189190.0,34714.900364712725,6567712000.0,sum of states
2017,51-4032,10740.0,41009.27374301676,440439600.0,sum of states
2017,51-4033,74590.0,35524.63332886446,2649782400.0,sum of states
2017,51-4034,29230.0,40374.057475196714,1180133700.0,sum of states
2017,51-4035,15080.0,42926.81034482759,647336300.0,sum of states
2017,51-4041,379030.0,44126.55357095745,16725287600.0,sum of states
2017,51-4051,16550.0,41578.561933534744,688125200.0,sum of states
2017,51-4052,6190.0,40273.82875605816,249295000.0,sum of states
2017,51-4061,5020.0,55631.17529880478,279268500.0,sum of states
2017,51-4062,2820.0,45680.95744680851,128820300.0,sum of states
2017,51-4071,13330.0,36531.08027006752,486959300.0,sum of states
2017,51-4072,151480.0,33431.38170055453,5064185700.0,sum of states
2017,51-4081,121640.0,36549.39493587636,4445868400.0,sum of states
2017,51-4111,71960.0,52345.68788215675,3766795700.0,sum of states
2017,51-4121,378520.0,43348.56916411286,16408300400.0,sum of states
2017,51-4122,38640.0,38858.16511387163,1501479500.0,sum of states
2017,51-4191,18210.0,38947.380560131794,709231800.0,sum of states
2017,51-4192,6650.0,46287.41353383459,307811300.0,sum of states
2017,51-4193,36610.0,34185.23627424201,1251521500.0,sum of states
2017,51-4194,7480.0,39219.786096256685,293364000.0,sum of states
2017,51-4199,22180.0,37264.296663660956,826522100.0,sum of states
2017,51-5111,31290.0,41415.96356663471,1295905500.0,sum of states
2017,51-5112,171830.0,37792.5664901356,6493896700.0,sum of states
2017,51-5113,48830.0,33980.51607618268,1659268600.0,sum of states
2017,51-6011,210560.0,23744.490406534955,4999639900.0,sum of states
2017,51-6021,42960.0,23032.209031657356,989463700.0,sum of states
2017,51-6041,5990.0,27331.96994991653,163718500.0,sum of states
2017,51-6042,1900.0,28998.78947368421,55097700.0,sum of states
2017,51-6051,4740.0,26749.345991561182,126791900.0,sum of states
2017,51-6052,15250.0,32725.370491803278,499061900.0,sum of states
2017,51-6061,8800.0,29060.340909090908,255731000.0,sum of states
2017,51-6062,13610.0,28386.392358559882,386338800.0,sum of states
2017,51-6063,19470.0,29220.69337442219,568926900.0,sum of states
2017,51-6064,29970.0,28856.836836836836,864839400.0,sum of states
2017,51-6091,16550.0,34992.664652567975,579128600.0,sum of states
2017,51-6092,4530.0,50245.3642384106,227611500.0,sum of states
2017,51-6093,31720.0,34997.59773013871,1110123800.0,sum of states
2017,51-6099,11260.0,31216.34103019538,351496000.0,sum of states
2017,51-7011,98220.0,35664.14681327632,3502932500.0,sum of states
2017,51-7021,17050.0,33100.10557184751,564356800.0,sum of states
2017,51-7031,110.0,49510.90909090909,5446200.0,sum of states
2017,51-7032,320.0,51693.4375,16541900.0,sum of states
2017,51-7041,51870.0,30668.228262965105,1590761000.0,sum of states
2017,51-7042,76800.0,30182.338541666668,2318003600.0,sum of states
2017,51-7099,5420.0,33329.64944649446,180646700.0,sum of states
2017,51-8011,1600.0,86919.5625,139071300.0,sum of states
2017,51-8012,11460.0,82643.02792321116,947089100.0,sum of states
2017,51-8013,34020.0,75987.810111699,2585105300.0,sum of states
2017,51-8021,31700.0,62771.55520504732,1989858300.0,sum of states
2017,51-8031,117950.0,47965.07672742687,5657480800.0,sum of states
2017,51-8091,28600.0,61186.16433566433,1749924300.0,sum of states
2017,51-8092,14720.0,69524.76222826086,1023404500.0,sum of states
2017,51-8093,35260.0,68568.9733408962,2417742000.0,sum of states
2017,51-8099,11370.0,56592.59454705365,643457800.0,sum of states
2017,51-9011,77120.0,50741.932053941906,3913217800.0,sum of states
2017,51-9012,48020.0,42570.31445231153,2044226500.0,sum of states
2017,51-9021,31470.0,37068.73530346362,1166553100.0,sum of states
2017,51-9022,25200.0,30960.488095238095,780204300.0,sum of states
2017,51-9023,131320.0,38569.32378921718,5064923600.0,sum of states
2017,51-9031,11980.0,30348.355592654425,363573300.0,sum of states
2017,51-9032,58290.0,34635.34053868588,2018894000.0,sum of states
2017,51-9041,73500.0,35488.68163265306,2608418100.0,sum of states
2017,51-9051,17420.0,39224.075774971294,683283400.0,sum of states
2017,51-9061,541110.0,40982.62442017335,22176107900.0,sum of states
2017,51-9071,25300.0,42171.57312252965,1066940800.0,sum of states
2017,51-9081,35190.0,41944.563796533104,1476029200.0,sum of states
2017,51-9082,12970.0,40263.98612181958,522223900.0,sum of states
2017,51-9083,30230.0,33693.31458815746,1018548900.0,sum of states
2017,51-9111,389030.0,31873.536231138987,12399761800.0,sum of states
2017,51-9123,12670.0,32970.72612470402,417739100.0,sum of states
2017,51-9141,17790.0,38704.204609331086,688547800.0,sum of states
2017,51-9151,22030.0,32913.30912392192,725080200.0,sum of states
2017,51-9191,14910.0,34159.68477531858,509320900.0,sum of states
2017,51-9192,17020.0,32262.309048178613,549104500.0,sum of states
2017,51-9193,8210.0,33403.66626065774,274244100.0,sum of states
2017,51-9194,8270.0,33281.99516324063,275242100.0,sum of states
2017,51-9195,38830.0,33972.67834148854,1319159100.0,sum of states
2017,51-9196,94000.0,39697.86170212766,3731599000.0,sum of states
2017,51-9197,13560.0,40453.54719764012,548550100.0,sum of states
2017,51-9198,402860.0,28030.671697363847,11292436400.0,sum of states
2017,51-9199,254450.0,32708.469247396344,8322670000.0,sum of states
2017,53-2011,68800.0,156346.64970930232,10756649500.0,sum of states
2017,53-2012,37890.0,89435.19398258116,3388699500.0,sum of states
2017,53-2021,18330.0,119712.30769230769,2194326600.0,sum of states
2017,53-2022,8730.0,56656.49484536082,494611200.0,sum of states
2017,53-2031,88510.0,51219.232855044625,4533414300.0,sum of states
2017,53-3011,15010.0,26403.784143904064,396320800.0,sum of states
2017,53-3031,427100.0,29060.96651837977,12411938800.0,sum of states
2017,53-3032,1756800.0,44380.391450364295,77967471700.0,sum of states
2017,53-3033,883150.0,35520.04597180547,31369528600.0,sum of states
2017,53-3099,55890.0,32539.92485238862,1818656400.0,sum of states
2017,53-4011,23780.0,67013.37678721616,1593578100.0,sum of states
2017,53-4013,3200.0,49449.53125,158238500.0,sum of states
2017,53-4031,33370.0,63363.356308061135,2114435200.0,sum of states
2017,53-4041,9850.0,65439.00507614213,644574200.0,sum of states
2017,53-4099,1400.0,65096.71428571428,91135400.0,sum of states
2017,53-5011,27820.0,47220.32710280374,1313669500.0,sum of states
2017,53-5021,31520.0,81983.62944162436,2584124000.0,sum of states
2017,53-5022,1490.0,41090.536912751675,61224900.0,sum of states
2017,53-5031,5930.0,80829.05564924114,479316300.0,sum of states
2017,53-6011,2710.0,48008.59778597786,130103300.0,sum of states
2017,53-6021,146740.0,24263.85579937304,3560478200.0,sum of states
2017,53-6030,118770.0,25095.31194746148,2980570200.0,sum of states
2017,53-6041,6600.0,49364.545454545456,325806000.0,sum of states
2017,53-6051,28960.0,74473.96754143646,2156766100.0,sum of states
2017,53-6061,19240.0,33343.191268191265,641523000.0,sum of states
2017,53-6099,32840.0,38866.71741778319,1276383000.0,sum of states
2017,53-7011,26410.0,34434.339265429764,909410900.0,sum of states
2017,53-7031,900.0,48004.444444444445,43204000.0,sum of states
2017,53-7041,1850.0,48201.51351351351,89172800.0,sum of states
2017,53-7051,573210.0,35301.20060710734,20235001200.0,sum of states
2017,53-7061,374350.0,25762.550287164417,9644210700.0,sum of states
2017,53-7062,2722300.0,29666.71997942916,80761711800.0,sum of states
2017,53-7063,72310.0,30755.23302447794,2223910900.0,sum of states
2017,53-7064,697800.0,25378.86041845801,17709368800.0,sum of states
2017,53-7065,2066010.0,27376.46623201243,56560053000.0,sum of states
2017,53-7071,2770.0,61931.08303249098,171549100.0,sum of states
2017,53-7072,10240.0,46681.26953125,478016200.0,sum of states
2017,53-7073,11020.0,53232.5499092559,586622700.0,sum of states
2017,53-7081,115940.0,38595.41400724513,4474752300.0,sum of states
2017,53-7121,8280.0,39304.67391304348,325442700.0,sum of states
2017,53-7199,24680.0,35181.21961102107,868272500.0,sum of states
2018,11-1011,195240.0,200584.2230075804,39162063700.0,sum of states
2018,11-1021,2298080.0,123716.2387297222,284309813900.0,sum of states
2018,11-1031,37970.0,48527.785093494866,1842600000.0,sum of states
2018,11-2011,22410.0,135479.09415439537,3036086500.0,sum of states
2018,11-2021,241250.0,147024.01533678756,35469543700.0,sum of states
2018,11-2022,377260.0,140053.99618300376,52836770600.0,sum of states
2018,11-2030,70920.0,130609.19063733784,9262803800.0,sum of states
2018,11-3021,392850.0,152595.99923634974,59947338300.0,sum of states
2018,11-3031,612370.0,146374.21787481423,89635179800.0,sum of states
2018,11-3051,182420.0,113347.60936300844,20676870900.0,sum of states
2018,11-3061,69680.0,125215.49225028703,8725015500.0,sum of states
2018,11-3071,125870.0,102630.8063875427,12918139600.0,sum of states
2018,11-3111,13420.0,129902.62295081967,1743293200.0,sum of states
2018,11-3121,141070.0,126913.61097327567,17903703100.0,sum of states
2018,11-3131,35740.0,121619.39283715724,4346677100.0,sum of states
2018,11-9013,4240.0,80391.10849056604,340858300.0,sum of states
2018,11-9021,278090.0,102973.27411988925,28635837800.0,sum of states
2018,11-9031,49310.0,53846.34151287771,2655163100.0,sum of states
2018,11-9032,254860.0,99020.83300635644,25236449500.0,sum of states
2018,11-9033,120750.0,110538.10600414079,13347476300.0,sum of states
2018,11-9039,34980.0,88443.29045168668,3093746300.0,sum of states
2018,11-9041,189290.0,148707.7568809763,28148891300.0,sum of states
2018,11-9051,198470.0,59164.37597621807,11742353700.0,sum of states
2018,11-9070,3360.0,85355.56547619047,286794700.0,sum of states
2018,11-9081,35150.0,62119.04125177809,2183484300.0,sum of states
2018,11-9111,355240.0,113751.57977705213,40409111200.0,sum of states
2018,11-9121,51740.0,138309.77386934674,7156147700.0,sum of states
2018,11-9131,13880.0,77073.9409221902,1069786300.0,sum of states
2018,11-9141,202730.0,71728.66916588566,14541553100.0,sum of states
2018,11-9151,116670.0,71407.9317733779,8331163400.0,sum of states
2018,11-9171,7390.0,93509.79702300407,691037400.0,sum of states
2018,11-9199,418760.0,117906.94741618111,49374713300.0,sum of states
2018,13-1011,13550.0,91023.32841328414,1233366100.0,sum of states
2018,13-1020,411730.0,67146.15864765744,27646087900.0,sum of states
2018,13-1031,282190.0,67327.33371132925,18999100300.0,sum of states
2018,13-1032,14070.0,64846.560056858565,912391100.0,sum of states
2018,13-1041,305140.0,72195.0419479583,22029595100.0,sum of states
2018,13-1051,212110.0,69643.81830182452,14772150300.0,sum of states
2018,13-1071,596540.0,66655.82576189359,39762866300.0,sum of states
2018,13-1074,160.0,56920.0,9107200.0,sum of states
2018,13-1075,77000.0,70551.96883116884,5432501600.0,sum of states
2018,13-1111,686180.0,94312.49438922731,64715347400.0,sum of states
2018,13-1121,110670.0,53597.01183699286,5931581300.0,sum of states
2018,13-1131,75690.0,61612.094067908576,4663419400.0,sum of states
2018,13-1141,83830.0,67820.73243468926,5685412000.0,sum of states
2018,13-1151,292070.0,65057.75978361352,19001419900.0,sum of states
2018,13-1199,1068070.0,76721.46282547024,81943892800.0,sum of states
2018,13-2011,1268600.0,78539.19486047611,99634822600.0,sum of states
2018,13-2020,57720.0,61754.94629244629,3564495500.0,sum of states
2018,13-2031,53380.0,79464.83701760959,4241833000.0,sum of states
2018,13-2041,75480.0,81934.34552199258,6184404400.0,sum of states
2018,13-2051,307640.0,100776.10128721883,31002759800.0,sum of states
2018,13-2052,200550.0,121697.72924457741,24406479600.0,sum of states
2018,13-2053,94040.0,76699.68843045512,7212838700.0,sum of states
2018,13-2061,59410.0,89650.12287493687,5326113800.0,sum of states
2018,13-2071,34460.0,50319.129425420775,1733997200.0,sum of states
2018,13-2072,297160.0,76301.12363709786,22673641900.0,sum of states
2018,13-2081,54560.0,59940.846774193546,3270372600.0,sum of states
2018,13-2082,67370.0,46865.49354312009,3157328300.0,sum of states
2018,13-2099,127290.0,77379.34951685129,9849617400.0,sum of states
2018,15-1211,589330.0,93506.77583018003,55106348200.0,sum of states
2018,15-1212,108440.0,102271.92272224271,11090367300.0,sum of states
2018,15-1221,29010.0,123510.04481213375,3583026400.0,sum of states
2018,15-1241,152270.0,111223.09910028239,16935941300.0,sum of states
2018,15-1244,367320.0,86954.7574322117,31940221500.0,sum of states
2018,15-1299,360980.0,93232.49404399136,33655065700.0,sum of states
2018,15-2011,18890.0,116981.35521439915,2209777800.0,sum of states
2018,15-2021,1960.0,108515.05102040817,212689500.0,sum of states
2018,15-2031,103910.0,88436.89731498412,9189478000.0,sum of states
2018,15-2041,39920.0,92240.66132264529,3682247200.0,sum of states
2018,17-1011,101570.0,88544.15477010928,8993429800.0,sum of states
2018,17-1012,17840.0,73025.45403587444,1302774100.0,sum of states
2018,17-1021,10830.0,68303.07479224377,739722300.0,sum of states
2018,17-1022,45100.0,66326.64523281596,2991331700.0,sum of states
2018,17-2011,54700.0,116772.42047531993,6387451400.0,sum of states
2018,17-2021,950.0,78382.84210526316,74463700.0,sum of states
2018,17-2031,18170.0,94843.29113924051,1723302600.0,sum of states
2018,17-2041,32000.0,114258.05625,3656257800.0,sum of states
2018,17-2051,308270.0,93451.95023842735,28808432700.0,sum of states
2018,17-2061,56540.0,118266.90838344535,6686811000.0,sum of states
2018,17-2071,187310.0,101412.32128556937,18995541900.0,sum of states
2018,17-2072,132080.0,107967.20472440944,14260308400.0,sum of states
2018,17-2081,52280.0,92160.44758990053,4818148200.0,sum of states
2018,17-2111,26430.0,93309.94324631101,2466181800.0,sum of states
2018,17-2112,282500.0,91373.25415929203,25812944300.0,sum of states
2018,17-2121,5680.0,96542.30633802817,548360300.0,sum of states
2018,17-2131,24920.0,95476.16372391653,2379266000.0,sum of states
2018,17-2141,304500.0,92681.93596059113,28221649500.0,sum of states
2018,17-2151,4240.0,99169.50471698113,420478700.0,sum of states
2018,17-2161,10500.0,110090.28571428571,1155948000.0,sum of states
2018,17-2171,29970.0,158359.94327660993,4746047500.0,sum of states
2018,17-2199,131490.0,100086.53509772607,13160378500.0,sum of states
2018,17-3011,98090.0,56588.63186869202,5550778900.0,sum of states
2018,17-3012,24860.0,64449.53740949316,1602215500.0,sum of states
2018,17-3013,56350.0,58945.336291038155,3321569700.0,sum of states
2018,17-3019,14360.0,54099.41504178273,776867600.0,sum of states
2018,17-3021,9460.0,68856.9133192389,651386400.0,sum of states
2018,17-3022,71220.0,54471.58382476832,3879466200.0,sum of states
2018,17-3023,128130.0,64821.53359868883,8305583100.0,sum of states
2018,17-3024,13020.0,59808.27188940092,778703700.0,sum of states
2018,17-3025,16300.0,53771.9018404908,876482000.0,sum of states
2018,17-3026,64870.0,57485.77154308617,3729102000.0,sum of states
2018,17-3027,41510.0,58155.02047699349,2414014900.0,sum of states
2018,17-3029,83580.0,65660.0981095956,5487871000.0,sum of states
2018,17-3031,51730.0,47660.91242992461,2465499000.0,sum of states
2018,19-1011,2070.0,67800.62801932367,140347300.0,sum of states
2018,19-1012,12310.0,73448.47278635256,904150700.0,sum of states
2018,19-1013,14370.0,69631.81628392484,1000609200.0,sum of states
2018,19-1021,26480.0,107315.09818731117,2841703800.0,sum of states
2018,19-1022,18040.0,83080.76496674058,1498777000.0,sum of states
2018,19-1023,17640.0,67934.24603174604,1198360100.0,sum of states
2018,19-1029,42470.0,83613.26583470685,3551055400.0,sum of states
2018,19-1031,21400.0,64603.96728971963,1382524900.0,sum of states
2018,19-1032,8130.0,63246.37146371464,514193000.0,sum of states
2018,19-1041,6510.0,76257.28110599078,496434900.0,sum of states
2018,19-1042,118160.0,95237.65825998646,11253281700.0,sum of states
2018,19-1099,6180.0,88531.94174757281,547127400.0,sum of states
2018,19-2011,920.0,110140.65217391304,101329400.0,sum of states
2018,19-2012,17000.0,125345.07058823529,2130866200.0,sum of states
2018,19-2021,8580.0,94361.34032634033,809620300.0,sum of states
2018,19-2031,85680.0,83563.79435107377,7159745900.0,sum of states
2018,19-2032,6670.0,101155.95202398801,674710200.0,sum of states
2018,19-2041,80440.0,77452.68896071606,6230294300.0,sum of states
2018,19-2042,28810.0,108350.02082610205,3121564100.0,sum of states
2018,19-2043,5700.0,82777.73684210527,471833100.0,sum of states
2018,19-2099,16290.0,108997.605893186,1775571000.0,sum of states
2018,19-3011,18250.0,116541.9397260274,2126890400.0,sum of states
2018,19-3022,9960.0,63318.79518072289,630655200.0,sum of states
2018,19-3031,110940.0,85201.89291508924,9452298000.0,sum of states
2018,19-3032,370.0,114577.83783783784,42393800.0,sum of states
2018,19-3039,12650.0,95568.94861660078,1208947200.0,sum of states
2018,19-3041,2380.0,91311.42857142857,217321200.0,sum of states
2018,19-3051,37940.0,76160.07643647864,2889513300.0,sum of states
2018,19-3091,5500.0,65001.818181818184,357510000.0,sum of states
2018,19-3092,880.0,79108.97727272728,69615900.0,sum of states
2018,19-3093,2580.0,66805.77519379844,172358900.0,sum of states
2018,19-3094,5260.0,116811.33079847909,614427600.0,sum of states
2018,19-3099,35020.0,85899.07481439177,3008185600.0,sum of states
2018,19-4010,21170.0,44169.01275389703,935058000.0,sum of states
2018,19-4021,73230.0,48284.77263416632,3535893900.0,sum of states
2018,19-4031,66350.0,51490.886209495104,3416420300.0,sum of states
2018,19-4040,13660.0,60536.661786237186,826930800.0,sum of states
2018,19-4051,4740.0,81151.70886075949,384659100.0,sum of states
2018,19-4061,30260.0,51487.31658955717,1558006200.0,sum of states
2018,19-4092,15250.0,62439.03606557377,952195300.0,sum of states
2018,19-4099,65620.0,52783.070710149346,3463625100.0,sum of states
2018,21-1012,286870.0,60059.71450482797,17229330300.0,sum of states
2018,21-1013,47750.0,54061.692146596855,2581445800.0,sum of states
2018,21-1015,107260.0,39882.99366026478,4277849900.0,sum of states
2018,21-1018,267510.0,47875.137378041945,12807078000.0,sum of states
2018,21-1019,25910.0,47949.72597452721,1242377400.0,sum of states
2018,21-1021,323730.0,49561.45090044173,16044528500.0,sum of states
2018,21-1022,169080.0,58340.44180269695,9864201900.0,sum of states
2018,21-1023,117130.0,49562.23597711944,5805224700.0,sum of states
2018,21-1029,58720.0,62035.32697547684,3642714400.0,sum of states
2018,21-1091,59530.0,59338.92995128506,3532446500.0,sum of states
2018,21-1092,79840.0,59335.97820641282,4737384500.0,sum of states
2018,21-1093,397100.0,35683.895995970786,14170075100.0,sum of states
2018,21-1094,55650.0,43408.48697214735,2415682300.0,sum of states
2018,21-1099,98890.0,45921.341895034886,4541161500.0,sum of states
2018,21-2011,50810.0,53241.115922062585,2705181100.0,sum of states
2018,21-2021,21420.0,46853.97292250233,1003612100.0,sum of states
2018,21-2099,7660.0,36002.04960835509,275775700.0,sum of states
2018,23-1011,643670.0,143752.48248326004,92529160400.0,sum of states
2018,23-1012,11030.0,59286.328195829556,653928200.0,sum of states
2018,23-1021,13900.0,100179.58992805755,1392496300.0,sum of states
2018,23-1022,5370.0,73564.78584729982,395042900.0,sum of states
2018,23-1023,21450.0,119159.05827505827,2555961800.0,sum of states
2018,23-2011,310760.0,54458.916527223584,16923652900.0,sum of states
2018,23-2093,46910.0,51948.06011511405,2436883500.0,sum of states
2018,23-2099,41570.0,71361.43853740678,2966495000.0,sum of states
2018,25-1011,78940.0,102962.48289840385,8127858400.0,sum of states
2018,25-1021,31520.0,95963.77855329949,3024778300.0,sum of states
2018,25-1022,50170.0,87088.40542156667,4369225300.0,sum of states
2018,25-1031,5180.0,104514.16988416988,541383400.0,sum of states
2018,25-1032,32850.0,113725.47945205479,3735882000.0,sum of states
2018,25-1041,7960.0,90570.89195979899,720944300.0,sum of states
2018,25-1042,50010.0,96015.94881023795,4801757600.0,sum of states
2018,25-1043,1170.0,90903.93162393162,106357600.0,sum of states
2018,25-1051,10110.0,102838.85262116716,1039700800.0,sum of states
2018,25-1052,20460.0,92121.24633431085,1884800700.0,sum of states
2018,25-1053,4650.0,93190.36559139784,433335200.0,sum of states
2018,25-1054,13540.0,103913.84047267356,1406993400.0,sum of states
2018,25-1061,5310.0,94450.97928436911,501534700.0,sum of states
2018,25-1062,8130.0,83763.9729397294,681001100.0,sum of states
2018,25-1063,12340.0,117249.59481361427,1446860000.0,sum of states
2018,25-1064,2910.0,87424.98281786942,254406700.0,sum of states
2018,25-1065,14070.0,100942.99218194741,1420267900.0,sum of states
2018,25-1066,37080.0,88255.46116504855,3272512500.0,sum of states
2018,25-1067,13760.0,83073.95348837209,1143097600.0,sum of states
2018,25-1069,17270.0,87875.61088592936,1517611800.0,sum of states
2018,25-1071,174180.0,121544.71351475485,21170658200.0,sum of states
2018,25-1072,51780.0,78405.99073001159,4059862200.0,sum of states
2018,25-1081,56740.0,73453.46492774057,4167749600.0,sum of states
2018,25-1082,4190.0,75206.82577565633,315116600.0,sum of states
2018,25-1111,14090.0,72525.62100780696,1021886000.0,sum of states
2018,25-1112,13950.0,130314.99641577061,1817894200.0,sum of states
2018,25-1113,11210.0,77900.89206066013,873269000.0,sum of states
2018,25-1121,90830.0,83032.12925244964,7541808300.0,sum of states
2018,25-1122,24230.0,74911.17210070162,1815097700.0,sum of states
2018,25-1123,66570.0,78310.29442691903,5213116300.0,sum of states
2018,25-1124,24490.0,79502.95222539813,1947027300.0,sum of states
2018,25-1125,20450.0,83969.03667481663,1717166800.0,sum of states
2018,25-1126,22870.0,82425.48753825972,1885070900.0,sum of states
2018,25-1192,1150.0,73918.52173913043,85006300.0,sum of states
2018,25-1193,13390.0,73058.57356235998,978254300.0,sum of states
2018,25-1194,112110.0,57967.48193738293,6498734400.0,sum of states
2018,25-1199,61450.0,67704.6151342555,4160448600.0,sum of states
2018,25-2011,428110.0,34315.58571395202,14690845400.0,sum of states
2018,25-2012,130650.0,58406.17757367011,7630767100.0,sum of states
2018,25-2021,1423610.0,61959.297981891104,88205876200.0,sum of states
2018,25-2022,614010.0,61846.11683848797,37974134200.0,sum of states
2018,25-2023,10230.0,62036.64711632454,634634900.0,sum of states
2018,25-2031,1058550.0,64147.82778328846,67903683100.0,sum of states
2018,25-2032,76860.0,62342.25474889409,4791625700.0,sum of states
2018,25-2051,22730.0,61657.19313682358,1401468000.0,sum of states
2018,25-2052,187770.0,62712.05783671513,11775443100.0,sum of states
2018,25-2059,32120.0,60192.951432129514,1933397600.0,sum of states
2018,25-3011,51940.0,58861.24181748171,3057252900.0,sum of states
2018,25-3021,243430.0,44938.65546563694,10939416900.0,sum of states
2018,25-3097,280500.0,48614.4367201426,13636349500.0,sum of states
2018,25-4011,6080.0,56307.79605263158,342351400.0,sum of states
2018,25-4012,12220.0,58544.6317512275,715415400.0,sum of states
2018,25-4013,12910.0,46900.89078233927,605490500.0,sum of states
2018,25-4022,127110.0,61291.58052080875,7790772800.0,sum of states
2018,25-4031,89240.0,36013.297848498434,3213826700.0,sum of states
2018,25-9021,7330.0,51593.656207366985,378181500.0,sum of states
2018,25-9031,165260.0,67238.38375892532,11111815300.0,sum of states
2018,25-9040,1341830.0,28687.705521563836,38494023900.0,sum of states
2018,25-9099,92360.0,49248.8046773495,4548619600.0,sum of states
2018,27-1011,40160.0,104637.86852589641,4202256800.0,sum of states
2018,27-1012,2650.0,41507.88679245283,109995900.0,sum of states
2018,27-1013,9040.0,56872.986725663715,514131800.0,sum of states
2018,27-1014,27140.0,77727.4134119381,2109522000.0,sum of states
2018,27-1019,3700.0,67101.91891891892,248277100.0,sum of states
2018,27-1021,31100.0,71812.2765273312,2233361800.0,sum of states
2018,27-1022,18270.0,89092.90093048714,1627727300.0,sum of states
2018,27-1023,43370.0,28893.158865575282,1253096300.0,sum of states
2018,27-1024,219070.0,54524.92993107226,11944776400.0,sum of states
2018,27-1025,55270.0,58526.00325673964,3234732200.0,sum of states
2018,27-1026,127270.0,31738.5016107488,4039359100.0,sum of states
2018,27-1027,9890.0,61782.20424671385,611026000.0,sum of states
2018,27-1029,7780.0,69318.27763496144,539296200.0,sum of states
2018,27-2012,118510.0,89760.21432790482,10637483000.0,sum of states
2018,27-2021,6940.0,84814.51008645532,588612700.0,sum of states
2018,27-2022,227810.0,43828.47811772969,9984565600.0,sum of states
2018,27-2023,17490.0,32766.821040594627,573091700.0,sum of states
2018,27-2032,3820.0,53956.51832460733,206113900.0,sum of states
2018,27-2041,11150.0,60492.07174887892,674486600.0,sum of states
2018,27-3011,25750.0,51544.30679611651,1327265900.0,sum of states
2018,27-3031,239790.0,68328.91738604613,16384591100.0,sum of states
2018,27-3041,95580.0,69328.64825277255,6626432200.0,sum of states
2018,27-3042,50450.0,75442.76709613479,3806087600.0,sum of states
2018,27-3043,44990.0,73173.39408757501,3292071000.0,sum of states
2018,27-3091,57290.0,55202.91150288008,3162574800.0,sum of states
2018,27-3099,19980.0,52510.67067067067,1049163200.0,sum of states
2018,27-4011,76410.0,48835.4102866117,3731513700.0,sum of states
2018,27-4012,31300.0,46764.25878594249,1463721300.0,sum of states
2018,27-4014,8440.0,61476.24407582938,518859500.0,sum of states
2018,27-4021,47830.0,42397.17332218273,2027856800.0,sum of states
2018,27-4031,20910.0,61958.30224772836,1295548100.0,sum of states
2018,27-4032,27220.0,87781.62380602499,2389415800.0,sum of states
2018,27-4099,17820.0,78646.24579124579,1401476100.0,sum of states
2018,29-1011,34520.0,85993.34298957126,2968490200.0,sum of states
2018,29-1021,112840.0,175514.87681673164,19805098700.0,sum of states
2018,29-1022,2610.0,233808.92720306513,610241300.0,sum of states
2018,29-1023,3490.0,222240.63037249283,775619800.0,sum of states
2018,29-1029,2580.0,175805.3100775194,453577700.0,sum of states
2018,29-1031,65330.0,61021.58426450329,3986540100.0,sum of states
2018,29-1041,37100.0,119783.0781671159,4443952200.0,sum of states
2018,29-1051,311820.0,123418.7803861202,38484444100.0,sum of states
2018,29-1071,114750.0,108405.85098039216,12439571400.0,sum of states
2018,29-1081,9270.0,147994.98381877024,1371913500.0,sum of states
2018,29-1122,126480.0,85286.71252371916,10787063400.0,sum of states
2018,29-1123,229060.0,88800.16327599756,20340565400.0,sum of states
2018,29-1124,17610.0,87182.85065303804,1535290000.0,sum of states
2018,29-1125,18980.0,50441.25922023183,957375100.0,sum of states
2018,29-1126,130190.0,62320.68976111837,8113530600.0,sum of states
2018,29-1127,147010.0,80671.35977144411,11859496600.0,sum of states
2018,29-1128,6510.0,54821.98156682028,356891100.0,sum of states
2018,29-1129,10260.0,58486.72514619883,600073800.0,sum of states
2018,29-1131,70890.0,105197.87276061504,7457477200.0,sum of states
2018,29-1141,2972150.0,75239.99259795097,223624544000.0,sum of states
2018,29-1151,42010.0,173684.11330635563,7296469600.0,sum of states
2018,29-1161,5220.0,108630.38314176245,567050600.0,sum of states
2018,29-1171,179670.0,110027.46423999555,19768634500.0,sum of states
2018,29-1181,11270.0,80941.1091393079,912206300.0,sum of states
2018,29-1292,215240.0,75496.6126184724,16249890900.0,sum of states
2018,29-2010,324210.0,53661.648931248266,17397643200.0,sum of states
2018,29-2031,56520.0,58484.5771408351,3305548300.0,sum of states
2018,29-2032,71590.0,73534.44335801089,5264330800.0,sum of states
2018,29-2033,18920.0,78558.34566596194,1486323900.0,sum of states
2018,29-2034,206930.0,61321.09070700237,12689173300.0,sum of states
2018,29-2035,38820.0,71939.17310664606,2792678700.0,sum of states
2018,29-2051,33690.0,30093.87948946275,1013862800.0,sum of states
2018,29-2052,423010.0,33872.78149452731,14328525300.0,sum of states
2018,29-2053,69950.0,37774.62616154396,2642335100.0,sum of states
2018,29-2055,111260.0,48770.422433938526,5426197200.0,sum of states
2018,29-2056,106810.0,35554.22338732328,3797546600.0,sum of states
2018,29-2057,43620.0,37630.54103622192,1641444200.0,sum of states
2018,29-2061,706140.0,46906.34435097856,33122446000.0,sum of states
2018,29-2072,210270.0,43855.24468540448,9221442300.0,sum of states
2018,29-2081,73020.0,39732.68556559847,2901280700.0,sum of states
2018,29-2091,8340.0,73724.71223021582,614864100.0,sum of states
2018,29-2092,5820.0,56770.53264604811,330404500.0,sum of states
2018,29-2099,125950.0,47350.236601826124,5963762300.0,sum of states
2018,29-9091,26240.0,49277.82774390244,1293050200.0,sum of states
2018,29-9092,2040.0,82509.75490196078,168319900.0,sum of states
2018,29-9099,31510.0,63347.25166613774,1996071900.0,sum of states
2018,31-1122,2216860.0,25071.261243380275,55579476200.0,sum of states
2018,31-2011,42490.0,60375.598964462224,2565359200.0,sum of states
2018,31-2012,7250.0,32542.593103448275,235933800.0,sum of states
2018,31-2021,94640.0,57502.94378698225,5442078600.0,sum of states
2018,31-2022,47320.0,28496.020710059172,1348431700.0,sum of states
2018,31-9011,105240.0,45820.11307487647,4822108700.0,sum of states
2018,31-9091,343330.0,39649.526694433924,13612872000.0,sum of states
2018,31-9092,674220.0,34535.99077452464,23284855700.0,sum of states
2018,31-9093,55860.0,37929.41818832796,2118737300.0,sum of states
2018,31-9094,53570.0,36307.15512413665,1944974300.0,sum of states
2018,31-9095,37360.0,28831.852248394003,1077158000.0,sum of states
2018,31-9096,89970.0,28638.807380237857,2576633500.0,sum of states
2018,31-9097,124210.0,35519.90902503824,4411927900.0,sum of states
2018,31-9099,84510.0,39117.949355105906,3305857900.0,sum of states
2018,33-1011,41510.0,67788.94001445435,2813918900.0,sum of states
2018,33-1012,119600.0,91731.79431438127,10971122600.0,sum of states
2018,33-1021,65820.0,80042.7484047402,5268413700.0,sum of states
2018,33-2011,322330.0,53089.56814444824,17112360500.0,sum of states
2018,33-2021,12050.0,64085.078838174275,772225200.0,sum of states
2018,33-2022,980.0,55290.91836734694,54185100.0,sum of states
2018,33-3011,17920.0,48550.6640625,870027900.0,sum of states
2018,33-3012,373450.0,50021.98286249833,18680709500.0,sum of states
2018,33-3021,104060.0,84927.11993080915,8837516100.0,sum of states
2018,33-3031,4570.0,59443.71991247265,271657800.0,sum of states
2018,33-3051,675230.0,64711.09799623832,43694874700.0,sum of states
2018,33-3052,2960.0,76374.72972972973,226069200.0,sum of states
2018,33-9011,12060.0,38473.689883913765,463992700.0,sum of states
2018,33-9021,23360.0,53373.75856164384,1246811000.0,sum of states
2018,33-9031,9700.0,35609.78350515464,345414900.0,sum of states
2018,33-9032,1143660.0,31696.362030673452,36249861400.0,sum of states
2018,33-9092,137970.0,24471.529317967674,3376336900.0,sum of states
2018,33-9093,36400.0,41426.53296703297,1507925800.0,sum of states
2018,33-9099,141570.0,34541.82877728332,4890086700.0,sum of states
2018,35-1011,126090.0,52038.11721786026,6561486200.0,sum of states
2018,35-1012,970630.0,36104.37293304349,35043987500.0,sum of states
2018,35-2011,492830.0,22593.661708905707,11134834300.0,sum of states
2018,35-2012,407600.0,28197.53704612365,11493316100.0,sum of states
2018,35-2013,170.0,40080.0,6813600.0,sum of states
2018,35-2014,1347890.0,27531.93843711282,37110024500.0,sum of states
2018,35-2015,156570.0,25080.76004343105,3926894600.0,sum of states
2018,35-2019,16680.0,30061.32494004796,501422900.0,sum of states
2018,35-2021,823310.0,24767.551104687176,20391372500.0,sum of states
2018,35-3031,2595100.0,25794.268159223153,66938705300.0,sum of states
2018,35-3041,266530.0,24968.210707987844,6654777200.0,sum of states
2018,35-9011,456160.0,23950.11136443353,10925082800.0,sum of states
2018,35-9021,506850.0,23168.04735128736,11742724800.0,sum of states
2018,35-9031,418790.0,23233.941832421977,9730142500.0,sum of states
2018,35-9099,54770.0,25430.02921307285,1392802700.0,sum of states
2018,37-1011,155150.0,42991.51208507895,6670133100.0,sum of states
2018,37-1012,102120.0,51121.3562475519,5220512900.0,sum of states
2018,37-2011,2187130.0,28822.731433431025,63039060600.0,sum of states
2018,37-2012,928010.0,25550.29266926003,23710927100.0,sum of states
2018,37-2019,4180.0,33056.124401913876,138174600.0,sum of states
2018,37-2021,77660.0,37860.72366726758,2940263800.0,sum of states
2018,37-3011,920110.0,30869.329428003173,28403178700.0,sum of states
2018,37-3012,23290.0,37687.56547874624,877743400.0,sum of states
2018,37-3013,39650.0,40371.737704918036,1600739400.0,sum of states
2018,37-3019,13140.0,35398.356164383564,465134400.0,sum of states
2018,39-2011,13710.0,35588.417213712615,487917200.0,sum of states
2018,39-2021,200140.0,25884.218547017088,5180467500.0,sum of states
2018,39-3011,85040.0,23136.606302916276,1967537000.0,sum of states
2018,39-3012,8870.0,28248.2412626832,250561900.0,sum of states
2018,39-3019,9280.0,31099.719827586207,288605400.0,sum of states
2018,39-3021,3770.0,25976.392572944296,97931000.0,sum of states
2018,39-3031,133860.0,23517.268041237112,3148021500.0,sum of states
2018,39-3091,312890.0,23502.221227907572,7353610000.0,sum of states
2018,39-3092,5430.0,48669.2817679558,264274200.0,sum of states
2018,39-3093,17460.0,26748.304696449028,467025400.0,sum of states
2018,39-3099,4300.0,30964.3488372093,133146700.0,sum of states
2018,39-4011,3250.0,46057.93846153846,149688300.0,sum of states
2018,39-4021,35270.0,28360.49900765523,1000274800.0,sum of states
2018,39-4031,25540.0,57608.58261550509,1471323200.0,sum of states
2018,39-5011,12140.0,32642.421746293247,396279000.0,sum of states
2018,39-5012,378090.0,30179.06715332328,11410403500.0,sum of states
2018,39-5091,2610.0,73868.27586206897,192796200.0,sum of states
2018,39-5092,106930.0,25790.799588515853,2757810200.0,sum of states
2018,39-5093,13100.0,22152.42748091603,290196800.0,sum of states
2018,39-5094,50530.0,36110.601622798335,1824668700.0,sum of states
2018,39-6011,42630.0,26913.39432324654,1147318000.0,sum of states
2018,39-6012,36700.0,33532.55858310626,1230644900.0,sum of states
2018,39-7010,50310.0,29557.950705625124,1487060500.0,sum of states
2018,39-9011,566700.0,24593.08328921828,13936900300.0,sum of states
2018,39-9031,308580.0,44573.91276168254,13754618000.0,sum of states
2018,39-9032,354830.0,28272.907871375024,10032075900.0,sum of states
2018,39-9041,108080.0,29949.497594374538,3236941700.0,sum of states
2018,39-9099,54850.0,28325.24703737466,1553639800.0,sum of states
2018,41-1011,1192970.0,44926.95256376942,53596506600.0,sum of states
2018,41-1012,249680.0,84238.68671900032,21032715300.0,sum of states
2018,41-2011,3668230.0,23201.04219201086,85106759000.0,sum of states
2018,41-2012,20450.0,26999.315403422985,552136000.0,sum of states
2018,41-2021,428060.0,31171.45166565435,13343251600.0,sum of states
2018,41-2022,257160.0,33951.995644734794,8731095200.0,sum of states
2018,41-2031,4483240.0,28245.686244769407,126632190400.0,sum of states
2018,41-3011,133270.0,63243.6354768515,8428479300.0,sum of states
2018,41-3021,395460.0,67657.72745663278,26755924900.0,sum of states
2018,41-3031,416170.0,98724.38763005503,41086128400.0,sum of states
2018,41-3041,69040.0,42590.85747392816,2940472800.0,sum of states
2018,41-3091,1037020.0,64763.69848218935,67161250600.0,sum of states
2018,41-4011,314440.0,91676.78603231141,28826848600.0,sum of states
2018,41-4012,1358840.0,69221.36712195697,94060762500.0,sum of states
2018,41-9011,77240.0,32753.87234593475,2529909100.0,sum of states
2018,41-9012,910.0,36560.10989010989,33269700.0,sum of states
2018,41-9021,37030.0,75675.263300027,2802255000.0,sum of states
2018,41-9022,157110.0,61731.65425498059,9698660200.0,sum of states
2018,41-9031,64990.0,108500.47699646099,7051446000.0,sum of states
2018,41-9041,163620.0,28516.519985331866,4665873000.0,sum of states
2018,41-9091,5610.0,35632.60249554367,199898900.0,sum of states
2018,41-9099,87030.0,41010.75721015742,3569166200.0,sum of states
2018,43-1011,1494240.0,59091.61660777385,88297057200.0,sum of states
2018,43-2011,70540.0,31361.144031755033,2212215100.0,sum of states
2018,43-2021,4560.0,38794.7149122807,176903900.0,sum of states
2018,43-2099,1370.0,40744.30656934307,55819700.0,sum of states
2018,43-3011,254040.0,38077.70036214769,9673259000.0,sum of states
2018,43-3021,473270.0,39375.07680605151,18635042600.0,sum of states
2018,43-3031,1539200.0,42013.88734407484,64667775400.0,sum of states
2018,43-3041,14970.0,28865.404141616567,432115100.0,sum of states
2018,43-3051,144860.0,46007.9752864835,6664715300.0,sum of states
2018,43-3061,68750.0,43029.24072727273,2958260300.0,sum of states
2018,43-3071,471550.0,30088.362633867033,14188167400.0,sum of states
2018,43-3099,30370.0,43610.07573263089,1324438000.0,sum of states
2018,43-4011,54640.0,53914.0574670571,2945864100.0,sum of states
2018,43-4021,5050.0,39083.38613861386,197371100.0,sum of states
2018,43-4031,141560.0,41082.57558632382,5815649400.0,sum of states
2018,43-4041,27310.0,40420.329549615526,1103879200.0,sum of states
2018,43-4051,2887790.0,36396.88713514487,105106566700.0,sum of states
2018,43-4061,127050.0,46133.82920110193,5861303000.0,sum of states
2018,43-4071,110490.0,33762.217395239386,3730387400.0,sum of states
2018,43-4081,262070.0,25103.576906933264,6578894400.0,sum of states
2018,43-4111,193280.0,35498.90469784768,6861228300.0,sum of states
2018,43-4121,88510.0,28920.364930516327,2559741500.0,sum of states
2018,43-4131,224180.0,41193.8036399322,9234826900.0,sum of states
2018,43-4141,41310.0,36988.42895182764,1527992000.0,sum of states
2018,43-4151,155940.0,35932.02834423496,5603240500.0,sum of states
2018,43-4161,125950.0,41458.89162366018,5221747400.0,sum of states
2018,43-4171,1047060.0,30315.448493878095,31742093500.0,sum of states
2018,43-4181,127810.0,41906.01674360379,5356008000.0,sum of states
2018,43-4199,157050.0,41741.21553645336,6555457900.0,sum of states
2018,43-5011,91290.0,45686.67104830759,4170736200.0,sum of states
2018,43-5021,78300.0,30327.830140485312,2374669100.0,sum of states
2018,43-5031,95280.0,43227.97963895886,4118761900.0,sum of states
2018,43-5032,200900.0,42835.662020905926,8605684500.0,sum of states
2018,43-5041,32340.0,43688.23747680891,1412877600.0,sum of states
2018,43-5051,79600.0,50874.04522613066,4049574000.0,sum of states
2018,43-5052,343610.0,51781.598032653295,17792674900.0,sum of states
2018,43-5053,104480.0,51216.19735834609,5351068300.0,sum of states
2018,43-5061,351590.0,49963.41164424472,17566635900.0,sum of states
2018,43-5071,658340.0,34932.23152170611,22997285300.0,sum of states
2018,43-5111,65890.0,34047.04355744422,2243359700.0,sum of states
2018,43-6011,579380.0,61116.03455417861,35409408100.0,sum of states
2018,43-6012,177250.0,49179.8634696756,8717130800.0,sum of states
2018,43-6013,591830.0,36934.128719395776,21858725400.0,sum of states
2018,43-6014,2185970.0,37889.22354835611,82824706000.0,sum of states
2018,43-9021,177300.0,33593.98589960519,5956213700.0,sum of states
2018,43-9022,55710.0,40490.28540656974,2255713800.0,sum of states
2018,43-9031,10370.0,46047.0106075217,477507500.0,sum of states
2018,43-9041,261760.0,42081.27712408313,11015195100.0,sum of states
2018,43-9051,86230.0,32036.64038037806,2762519500.0,sum of states
2018,43-9061,2995540.0,35101.635665022,105148353700.0,sum of states
2018,43-9071,47100.0,34409.0,1620663900.0,sum of states
2018,43-9081,7790.0,42221.3863928113,328904600.0,sum of states
2018,43-9111,11070.0,49492.484191508585,547881800.0,sum of states
2018,43-9199,177000.0,38303.42598870057,6779706400.0,sum of states
2018,45-1011,21300.0,50724.27699530516,1080427100.0,sum of states
2018,45-2011,12260.0,45237.487765089725,554611600.0,sum of states
2018,45-2021,1250.0,43169.6,53962000.0,sum of states
2018,45-2041,34890.0,25886.910289481228,903194300.0,sum of states
2018,45-2091,25130.0,32636.17190608834,820147000.0,sum of states
2018,45-2092,286720.0,26418.42459542411,7574690700.0,sum of states
2018,45-2093,36580.0,28797.54510661564,1053414200.0,sum of states
2018,45-2099,5110.0,35474.109589041094,181272700.0,sum of states
2018,45-4011,6320.0,31088.101265822785,196476800.0,sum of states
2018,45-4021,2970.0,51440.23569023569,152777500.0,sum of states
2018,45-4022,25420.0,41713.59559402046,1060359600.0,sum of states
2018,45-4023,2930.0,38608.0204778157,113121500.0,sum of states
2018,45-4029,2860.0,40366.92307692308,115449400.0,sum of states
2018,47-1011,601980.0,70300.11246220805,42319261700.0,sum of states
2018,47-2011,12590.0,62909.857029388404,792035100.0,sum of states
2018,47-2021,64020.0,54295.0218681662,3475967300.0,sum of states
2018,47-2022,10520.0,44095.49429657795,463884600.0,sum of states
2018,47-2031,721890.0,51015.65238471235,36827689300.0,sum of states
2018,47-2041,25550.0,44629.42074363992,1140281700.0,sum of states
2018,47-2042,11410.0,46536.62576687116,530982900.0,sum of states
2018,47-2043,3000.0,39820.433333333334,119461300.0,sum of states
2018,47-2044,38750.0,46046.40258064516,1784298100.0,sum of states
2018,47-2051,183820.0,47135.19910782287,8664392300.0,sum of states
2018,47-2053,1770.0,49847.57062146893,88230200.0,sum of states
2018,47-2071,46640.0,44346.6102058319,2068325900.0,sum of states
2018,47-2072,2760.0,61929.02173913043,170924100.0,sum of states
2018,47-2073,385560.0,52884.799253034544,20390263200.0,sum of states
2018,47-2081,101500.0,49151.45320197044,4988872500.0,sum of states
2018,47-2082,17130.0,58204.85113835376,997049100.0,sum of states
2018,47-2111,657970.0,59110.58330926942,38892990500.0,sum of states
2018,47-2121,50140.0,48797.08017550858,2446685600.0,sum of states
2018,47-2131,29050.0,41687.590361445786,1211024500.0,sum of states
2018,47-2132,22550.0,52875.148558758316,1192334600.0,sum of states
2018,47-2141,229250.0,42981.82769901854,9853584000.0,sum of states
2018,47-2142,950.0,39069.05263157895,37115600.0,sum of states
2018,47-2151,37970.0,43527.71135106663,1652747200.0,sum of states
2018,47-2152,437700.0,58085.154672149874,25423872200.0,sum of states
2018,47-2161,21970.0,47767.95630405098,1049462000.0,sum of states
2018,47-2171,17200.0,54574.08720930233,938674300.0,sum of states
2018,47-2181,129010.0,43798.36524300442,5650427100.0,sum of states
2018,47-2211,131980.0,52631.08046673738,6946250000.0,sum of states
2018,47-2221,77730.0,58019.065997684294,4509822000.0,sum of states
2018,47-2231,7700.0,45903.98701298701,353460700.0,sum of states
2018,47-3011,23990.0,36424.04751979992,873812900.0,sum of states
2018,47-3012,33560.0,31586.266388557808,1060035100.0,sum of states
2018,47-3013,76350.0,32758.70595939751,2501127200.0,sum of states
2018,47-3014,8420.0,31765.973871733968,267469500.0,sum of states
2018,47-3015,54390.0,32442.41588527303,1764543000.0,sum of states
2018,47-3016,6420.0,31656.043613707167,203231800.0,sum of states
2018,47-3019,26100.0,32244.724137931036,841587300.0,sum of states
2018,47-4011,104580.0,63001.72882004207,6588720800.0,sum of states
2018,47-4021,23240.0,77884.66006884682,1810039500.0,sum of states
2018,47-4031,20900.0,37753.7990430622,789054400.0,sum of states
2018,47-4041,43100.0,46758.6102088167,2015296100.0,sum of states
2018,47-4051,153180.0,40855.03916960439,6258174900.0,sum of states
2018,47-4061,12530.0,57840.87789305666,724746200.0,sum of states
2018,47-4071,26780.0,41517.5429424944,1111839800.0,sum of states
2018,47-4090,33060.0,42876.16152450091,1417485900.0,sum of states
2018,47-5011,10590.0,47704.12653446648,505186700.0,sum of states
2018,47-5012,17280.0,56625.804398148146,978493900.0,sum of states
2018,47-5013,49190.0,52772.99247814596,2595903500.0,sum of states
2018,47-5023,17770.0,47843.97298818233,850187400.0,sum of states
2018,47-5041,11160.0,53977.60752688172,602390100.0,sum of states
2018,47-5049,1880.0,52496.17021276596,98692800.0,sum of states
2018,47-5051,3560.0,35601.769662921346,126742300.0,sum of states
2018,47-5071,54080.0,40139.00332840237,2170717300.0,sum of states
2018,47-5081,15460.0,37689.01681759379,582672200.0,sum of states
2018,47-5099,4330.0,55053.441108545034,238381400.0,sum of states
2018,49-1011,474380.0,69166.41806146971,32811165400.0,sum of states
2018,49-2011,102990.0,40863.41392368191,4208523000.0,sum of states
2018,49-2021,12850.0,55762.863813229575,716552800.0,sum of states
2018,49-2022,230280.0,56963.42452666319,13117537400.0,sum of states
2018,49-2091,15190.0,62538.637261356154,949961900.0,sum of states
2018,49-2092,15600.0,45454.846153846156,709095600.0,sum of states
2018,49-2093,9760.0,60740.112704918036,592823500.0,sum of states
2018,49-2094,59470.0,59081.37212039684,3513569200.0,sum of states
2018,49-2095,23000.0,79430.96086956521,1826912100.0,sum of states
2018,49-2096,9030.0,36798.42746400886,332289800.0,sum of states
2018,49-2097,24870.0,39567.14113389626,984034800.0,sum of states
2018,49-2098,71160.0,48371.67088251827,3442128100.0,sum of states
2018,49-3011,124330.0,65496.99831094668,8143241800.0,sum of states
2018,49-3021,142540.0,46378.6628314859,6610814600.0,sum of states
2018,49-3022,14770.0,36402.89099526066,537670700.0,sum of states
2018,49-3023,651520.0,43613.58960584479,28415125900.0,sum of states
2018,49-3031,266070.0,49044.11357913331,13049167300.0,sum of states
2018,49-3041,34160.0,42202.766393442624,1441646500.0,sum of states
2018,49-3042,140780.0,53290.310413410996,7502209900.0,sum of states
2018,49-3043,21410.0,55540.233535730964,1189116400.0,sum of states
2018,49-3051,22030.0,42268.833408987746,931182400.0,sum of states
2018,49-3052,14830.0,39246.72285906945,582028900.0,sum of states
2018,49-3053,31750.0,36936.831496062994,1172744400.0,sum of states
2018,49-3091,10120.0,30415.622529644268,307806100.0,sum of states
2018,49-3092,15150.0,40125.02310231023,607894100.0,sum of states
2018,49-3093,112380.0,29467.367859049653,3311542800.0,sum of states
2018,49-9011,21140.0,43402.65846736045,917532200.0,sum of states
2018,49-9012,51820.0,57851.06136626785,2997842000.0,sum of states
2018,49-9021,326270.0,50029.27483372667,16323051500.0,sum of states
2018,49-9031,29690.0,41006.56786796901,1217485000.0,sum of states
2018,49-9041,365320.0,53828.50350377751,19664628900.0,sum of states
2018,49-9043,80580.0,48562.85678828493,3913195000.0,sum of states
2018,49-9044,43490.0,56210.46907335019,2444593300.0,sum of states
2018,49-9045,790.0,52237.9746835443,41268000.0,sum of states
2018,49-9051,113230.0,70049.44361035062,7931698500.0,sum of states
2018,49-9052,112710.0,59353.83728151894,6689771000.0,sum of states
2018,49-9061,2370.0,41957.510548523205,99439300.0,sum of states
2018,49-9062,46500.0,52571.15268817204,2444558600.0,sum of states
2018,49-9063,6720.0,39033.09523809524,262302400.0,sum of states
2018,49-9064,1560.0,46339.48717948718,72289600.0,sum of states
2018,49-9069,10780.0,57786.22448979592,622935500.0,sum of states
2018,49-9071,1392730.0,40910.100162989234,56976723800.0,sum of states
2018,49-9081,4820.0,57538.547717842324,277335800.0,sum of states
2018,49-9091,31490.0,36421.695776436965,1146919200.0,sum of states
2018,49-9092,1860.0,55528.81720430108,103283600.0,sum of states
2018,49-9094,16010.0,43784.61586508432,700991700.0,sum of states
2018,49-9095,1280.0,31546.25,40379200.0,sum of states
2018,49-9096,20730.0,51313.89773275446,1063737100.0,sum of states
2018,49-9097,3620.0,69998.34254143646,253394000.0,sum of states
2018,49-9098,106620.0,31271.410617145,3334157800.0,sum of states
2018,49-9099,157580.0,43002.90328721919,6776397500.0,sum of states
2018,51-1011,627190.0,64192.222452526345,40260720000.0,sum of states
2018,51-2011,17800.0,55834.106741573036,993847100.0,sum of states
2018,51-2021,9960.0,36981.32530120482,368334000.0,sum of states
2018,51-2028,276360.0,35825.26668114054,9900670700.0,sum of states
2018,51-2031,36770.0,45315.40114223552,1666247300.0,sum of states
2018,51-2041,72050.0,41137.69188063844,2963970700.0,sum of states
2018,51-3011,181820.0,28572.819271807282,5195110000.0,sum of states
2018,51-3021,135970.0,32988.449658012796,4485439500.0,sum of states
2018,51-3022,152440.0,27785.81933875623,4235670300.0,sum of states
2018,51-3023,62860.0,28575.609290486795,1796262800.0,sum of states
2018,51-3091,19770.0,32831.98786039454,649088400.0,sum of states
2018,51-3092,160270.0,31979.674299619393,5125382400.0,sum of states
2018,51-3093,31680.0,31718.409090909092,1004839200.0,sum of states
2018,51-3099,40400.0,27688.445544554455,1118613200.0,sum of states
2018,51-4021,75160.0,36600.858169238956,2750920500.0,sum of states
2018,51-4022,17510.0,40854.68874928612,715365600.0,sum of states
2018,51-4023,24400.0,40741.79918032787,994099900.0,sum of states
2018,51-4031,187290.0,36124.6665598804,6765788800.0,sum of states
2018,51-4032,10370.0,41298.38958534233,428264300.0,sum of states
2018,51-4033,71900.0,36678.944367176635,2637216100.0,sum of states
2018,51-4034,29300.0,41104.61774744027,1204365300.0,sum of states
2018,51-4035,15310.0,43834.2586544742,671102500.0,sum of states
2018,51-4041,377190.0,45129.73143508576,17022483400.0,sum of states
2018,51-4051,17110.0,41840.701344243134,715894400.0,sum of states
2018,51-4052,6030.0,40108.739635157544,241855700.0,sum of states
2018,51-4061,4730.0,57238.92177589852,270740100.0,sum of states
2018,51-4062,2490.0,47164.97991967871,117440800.0,sum of states
2018,51-4071,14610.0,36949.14442162902,539827000.0,sum of states
2018,51-4072,163090.0,33807.08565822552,5513597600.0,sum of states
2018,51-4081,131210.0,37259.47641185885,4888815900.0,sum of states
2018,51-4111,71290.0,52730.59194837986,3759163900.0,sum of states
2018,51-4121,390530.0,44297.31621130259,17299430900.0,sum of states
2018,51-4122,34150.0,39159.08638360176,1337282800.0,sum of states
2018,51-4191,19180.0,39033.070907195,748654300.0,sum of states
2018,51-4192,5070.0,45571.55818540434,231047800.0,sum of states
2018,51-4193,39850.0,34832.60225846926,1388079200.0,sum of states
2018,51-4194,6450.0,40860.88372093023,263552700.0,sum of states
2018,51-4199,19130.0,38604.01463669629,738494800.0,sum of states
2018,51-5111,29990.0,42168.44948316106,1264631800.0,sum of states
2018,51-5112,174150.0,38417.630778064886,6690430400.0,sum of states
2018,51-5113,45080.0,34764.9157054126,1567202400.0,sum of states
2018,51-6011,214240.0,24460.514843166544,5240420700.0,sum of states
2018,51-6021,38390.0,24028.984110445428,922472700.0,sum of states
2018,51-6041,6040.0,29127.71523178808,175931400.0,sum of states
2018,51-6042,710.0,32433.23943661972,23027600.0,sum of states
2018,51-6051,3760.0,29100.07978723404,109416300.0,sum of states
2018,51-6052,15130.0,35243.66820885658,533236700.0,sum of states
2018,51-6061,8430.0,30204.483985765124,254623800.0,sum of states
2018,51-6062,12020.0,29183.91846921797,350790700.0,sum of states
2018,51-6063,20630.0,30456.703829374695,628321800.0,sum of states
2018,51-6064,29850.0,29492.840871021777,880361300.0,sum of states
2018,51-6091,16820.0,35524.08442330559,597515100.0,sum of states
2018,51-6092,4610.0,49530.65075921909,228336300.0,sum of states
2018,51-6093,29060.0,36154.29112181693,1050643700.0,sum of states
2018,51-6099,12980.0,30839.90755007704,400302000.0,sum of states
2018,51-7011,102450.0,36504.028306490975,3739837700.0,sum of states
2018,51-7021,17130.0,33830.44950379451,579515600.0,sum of states
2018,51-7031,30.0,44730.0,1341900.0,sum of states
2018,51-7032,110.0,64819.09090909091,7130100.0,sum of states
2018,51-7041,51920.0,31195.991910631743,1619695900.0,sum of states
2018,51-7042,76470.0,30932.952791944554,2365442900.0,sum of states
2018,51-7099,4720.0,35039.8093220339,165387900.0,sum of states
2018,51-8011,2070.0,92391.83574879228,191251100.0,sum of states
2018,51-8012,11180.0,85506.0107334526,955957200.0,sum of states
2018,51-8013,32910.0,77933.11455484656,2564778800.0,sum of states
2018,51-8021,30480.0,63717.542650918636,1942110700.0,sum of states
2018,51-8031,124020.0,49186.106273181744,6100060900.0,sum of states
2018,51-8091,26190.0,61598.91179839634,1613275500.0,sum of states
2018,51-8092,14040.0,71162.04415954417,999115100.0,sum of states
2018,51-8093,34280.0,71105.17794632439,2437485500.0,sum of states
2018,51-8099,11660.0,57432.72727272727,669665600.0,sum of states
2018,51-9011,81890.0,51074.58541946513,4182497800.0,sum of states
2018,51-9012,48500.0,44076.527835051544,2137711600.0,sum of states
2018,51-9021,31920.0,37939.649122807015,1211033600.0,sum of states
2018,51-9022,30020.0,31815.859427048636,955112100.0,sum of states
2018,51-9023,128390.0,39274.38585559623,5042438400.0,sum of states
2018,51-9031,10250.0,31688.839024390243,324810600.0,sum of states
2018,51-9032,58870.0,35707.58620689655,2102105600.0,sum of states
2018,51-9041,72240.0,36551.82170542636,2640503600.0,sum of states
2018,51-9051,16750.0,40616.54925373134,680327200.0,sum of states
2018,51-9061,560890.0,41961.499937599176,23535785700.0,sum of states
2018,51-9071,25380.0,43803.12844759653,1111723400.0,sum of states
2018,51-9081,34450.0,43126.56313497823,1485710100.0,sum of states
2018,51-9082,12380.0,41788.85298869144,517346000.0,sum of states
2018,51-9083,27610.0,34390.15211879754,949512100.0,sum of states
2018,51-9111,390960.0,32642.52429916104,12761921300.0,sum of states
2018,51-9123,11800.0,33878.627118644064,399767800.0,sum of states
2018,51-9141,18930.0,39957.96619123085,756404300.0,sum of states
2018,51-9151,16240.0,34956.08374384236,567686800.0,sum of states
2018,51-9191,15820.0,35849.601769911504,567140700.0,sum of states
2018,51-9192,17070.0,33113.16344463972,565241700.0,sum of states
2018,51-9193,8090.0,34514.17799752781,279219700.0,sum of states
2018,51-9194,7900.0,34547.0253164557,272921500.0,sum of states
2018,51-9195,41730.0,35125.35346273664,1465781000.0,sum of states
2018,51-9196,98170.0,40270.27197718244,3953332600.0,sum of states
2018,51-9197,16230.0,45245.60073937153,734336100.0,sum of states
2018,51-9198,352180.0,29337.634732239196,10332128200.0,sum of states
2018,51-9199,234710.0,34201.393634698135,8027409100.0,sum of states
2018,53-2011,59460.0,178204.08846283215,10596015100.0,sum of states
2018,53-2012,36290.0,96714.26563791677,3509760700.0,sum of states
2018,53-2021,18240.0,122779.16118421052,2239491900.0,sum of states
2018,53-2022,8390.0,56647.31823599523,475271000.0,sum of states
2018,53-2031,87820.0,55957.63265770895,4914199300.0,sum of states
2018,53-3011,14590.0,28822.23440712817,420516400.0,sum of states
2018,53-3031,415180.0,29572.398718628065,12277868500.0,sum of states
2018,53-3032,1809430.0,45444.76779980436,82229126200.0,sum of states
2018,53-3033,920450.0,36832.53104459775,33902503200.0,sum of states
2018,53-3099,50860.0,33738.189146677156,1715924300.0,sum of states
2018,53-4011,26800.0,67148.2723880597,1799573700.0,sum of states
2018,53-4013,2880.0,53151.28472222222,153075700.0,sum of states
2018,53-4031,31750.0,66749.88031496062,2119308700.0,sum of states
2018,53-4041,2320.0,54840.0,127228800.0,sum of states
2018,53-4099,1530.0,66305.4248366013,101447300.0,sum of states
2018,53-5011,26900.0,46634.018587360595,1254455100.0,sum of states
2018,53-5021,30390.0,81665.81112207963,2481824000.0,sum of states
2018,53-5022,1290.0,48490.8527131783,62553200.0,sum of states
2018,53-5031,6390.0,76692.55086071987,490065400.0,sum of states
2018,53-6011,2700.0,47463.40740740741,128151200.0,sum of states
2018,53-6021,146840.0,25080.3813674748,3682803200.0,sum of states
2018,53-6030,111770.0,25844.25248277713,2888612100.0,sum of states
2018,53-6041,6880.0,50837.688953488374,349763300.0,sum of states
2018,53-6051,24520.0,76666.89641109298,1879872300.0,sum of states
2018,53-6061,22520.0,30839.00976909414,694494500.0,sum of states
2018,53-6099,23520.0,37555.05952380953,883295000.0,sum of states
2018,53-7011,23080.0,34998.721837088386,807770500.0,sum of states
2018,53-7031,560.0,46495.53571428572,26037500.0,sum of states
2018,53-7041,1940.0,48545.0,94177300.0,sum of states
2018,53-7051,607320.0,36409.92557465586,22112476000.0,sum of states
2018,53-7061,380240.0,26876.725226172945,10219606000.0,sum of states
2018,53-7062,2902930.0,30869.749218892637,89612721100.0,sum of states
2018,53-7063,63140.0,31777.971175166298,2006461100.0,sum of states
2018,53-7064,662670.0,26464.23151795011,17537052300.0,sum of states
2018,53-7065,2075800.0,28439.056701030928,59033793900.0,sum of states
2018,53-7071,3050.0,62120.360655737706,189467100.0,sum of states
2018,53-7072,9980.0,46986.332665330665,468923600.0,sum of states
2018,53-7073,12790.0,53908.42845973417,689488800.0,sum of states
2018,53-7081,119860.0,40063.61671950609,4802025100.0,sum of states
2018,53-7121,7550.0,42672.70198675497,322178900.0,sum of states
2018,53-7199,23260.0,33456.65950128977,778201900.0,sum of states
2019,11-1011,205890.0,193850.0,39911776500.0,national file
2019,11-1021,2400280.0,123030.0,295306448400.0,national file
2019,11-1031,52280.0,49440.0,2584723200.0,national file
2019,11-2011,25100.0,141890.0,3561439000.0,national file
2019,11-2021,263680.0,149200.0,39341056000.0,national file
2019,11-2022,402600.0,141690.0,57044394000.0,national file
2019,11-2030,79160.0,132630.0,10498990800.0,national file
2019,11-3010,307280.0,106550.0,32740684000.0,national file
2019,11-3021,433960.0,156390.0,67867004400.0,national file
2019,11-3031,654790.0,147530.0,96601168700.0,national file
2019,11-3051,185790.0,115110.0,21386286900.0,national file
2019,11-3061,72100.0,128400.0,9257640000.0,national file
2019,11-3071,132040.0,103320.0,13642372800.0,national file
2019,11-3111,16900.0,134210.0,2268149000.0,national file
2019,11-3121,154800.0,129570.0,20057436000.0,national file
2019,11-3131,38510.0,123470.0,4754829700.0,national file
2019,11-9013,5060.0,80360.0,406621600.0,national file
2019,11-9021,293380.0,105000.0,30804900000.0,national file
2019,11-9031,52360.0,53690.0,2811208400.0,national file
2019,11-9032,271020.0,100340.0,27194146800.0,national file
2019,11-9033,144880.0,112400.0,16284512000.0,national file
2019,11-9039,44550.0,92150.0,4105282500.0,national file
2019,11-9041,194250.0,152930.0,29706652500.0,national file
2019,11-9051,235470.0,59820.0,14085815400.0,national file
2019,11-9071,4450.0,84700.0,376915000.0,national file
2019,11-9081,38340.0,63570.0,2437273800.0,national file
2019,11-9111,394910.0,115160.0,45477835600.0,national file
2019,11-9121,67720.0,145450.0,9849874000.0,national file
2019,11-9131,13850.0,78220.0,1083347000.0,national file
2019,11-9141,220750.0,71720.0,15832190000.0,national file
2019,11-9151,156460.0,72900.0,11405934000.0,national file
2019,11-9161,10060.0,82530.0,830251800.0,national file
2019,11-9171,9400.0,95220.0,895068000.0,national file
2019,11-9198,472060.0,118710.0,56038242600.0,national file
2019,13-1011,17060.0,97170.0,1657720200.0,national file
2019,13-1020,421280.0,69680.0,29354790400.0,national file
2019,13-1031,287960.0,68940.0,19851962400.0,national file
2019,13-1032,13750.0,66240.0,910800000.0,national file
2019,13-1041,317600.0,72850.0,23137160000.0,national file
2019,13-1051,210000.0,71350.0,14983500000.0,national file
2019,13-1071,633040.0,67760.0,42894790400.0,national file
2019,13-1074,160.0,62060.0,9929600.0,national file
2019,13-1075,75580.0,71870.0,5431934600.0,national file
2019,13-1081,182050.0,78680.0,14323694000.0,national file
2019,13-1111,709750.0,95560.0,67823710000.0,national file
2019,13-1121,117610.0,54880.0,6454436800.0,national file
2019,13-1131,81660.0,62830.0,5130697800.0,national file
2019,13-1141,89300.0,69840.0,6236712000.0,national file
2019,13-1151,312450.0,65640.0,20509218000.0,national file
2019,13-1161,678500.0,71570.0,48560245000.0,national file
2019,13-1198,1279390.0,80220.0,102632665800.0,national file
2019,13-2011,1280700.0,79520.0,101841264000.0,national file
2019,13-2020,56320.0,63610.0,3582515200.0,national file
2019,13-2031,51460.0,80300.0,4132238000.0,national file
2019,13-2041,73930.0,84930.0,6278874900.0,national file
2019,13-2052,210190.0,119290.0,25073565100.0,national file
2019,13-2053,100050.0,77640.0,7767882000.0,national file
2019,13-2061,64550.0,92330.0,5959901500.0,national file
2019,13-2071,32110.0,50230.0,1612885300.0,national file
2019,13-2072,308370.0,76200.0,23497794000.0,national file
2019,13-2081,53760.0,60960.0,3277209600.0,national file
2019,13-2082,66670.0,49550.0,3303498500.0,national file
2019,13-2098,458510.0,94160.0,43173301600.0,national file
2019,15-1211,589060.0,96160.0,56644009600.0,national file
2019,15-1212,125570.0,104210.0,13085649700.0,national file
2019,15-1221,30780.0,127460.0,3923218800.0,national file
2019,15-1231,185430.0,68860.0,12768709800.0,national file
2019,15-1232,647330.0,56550.0,36606511500.0,national file
2019,15-1241,152420.0,115110.0,17545066200.0,national file
2019,15-1244,354450.0,88410.0,31336924500.0,national file
2019,15-1245,125460.0,96110.0,12057960600.0,national file
2019,15-1251,199540.0,92610.0,18479399400.0,national file
2019,15-1256,1406870.0,111620.0,157034829400.0,national file
2019,15-1257,148340.0,82370.0,12218765800.0,national file
2019,15-1299,393160.0,92410.0,36331915600.0,national file
2019,15-2011,22260.0,120970.0,2692792200.0,national file
2019,15-2021,2630.0,107280.0,282146400.0,national file
2019,15-2031,99680.0,90600.0,9031008000.0,national file
2019,15-2041,39090.0,95680.0,3740131200.0,national file
2019,15-2098,30810.0,100560.0,3098253600.0,national file
2019,17-1011,105850.0,89560.0,9479926000.0,national file
2019,17-1012,20280.0,73970.0,1500111600.0,national file
2019,17-1021,11300.0,69790.0,788627000.0,national file
2019,17-1022,45220.0,67920.0,3071342400.0,national file
2019,17-2011,63200.0,119220.0,7534704000.0,national file
2019,17-2021,1550.0,98290.0,152349500.0,national file
2019,17-2031,19780.0,97090.0,1920440200.0,national file
2019,17-2041,30120.0,117090.0,3526750800.0,national file
2019,17-2051,310850.0,94360.0,29331806000.0,national file
2019,17-2061,67880.0,123030.0,8351276400.0,national file
2019,17-2071,185570.0,103480.0,19202783600.0,national file
2019,17-2072,128800.0,110210.0,14195048000.0,national file
2019,17-2081,53150.0,94220.0,5007793000.0,national file
2019,17-2111,25860.0,94810.0,2451786600.0,national file
2019,17-2112,291710.0,92660.0,27029848600.0,national file
2019,17-2121,11360.0,98730.0,1121572800.0,national file
2019,17-2131,26820.0,97890.0,2625409800.0,national file
2019,17-2141,306990.0,93540.0,28715844600.0,national file
2019,17-2151,6280.0,96990.0,609097200.0,national file
2019,17-2161,15850.0,120700.0,1913095000.0,national file
2019,17-2171,32620.0,156780.0,5114163600.0,national file
2019,17-2199,152340.0,102460.0,15608756400.0,national file
2019,17-3011,98800.0,58080.0,5738304000.0,national file
2019,17-3012,24140.0,65720.0,1586480800.0,national file
2019,17-3013,55210.0,60500.0,3340205000.0,national file
2019,17-3019,14600.0,54840.0,800664000.0,national file
2019,17-3021,11540.0,68340.0,788643600.0,national file
2019,17-3022,68870.0,55480.0,3820907600.0,national file
2019,17-3023,122550.0,66240.0,8117712000.0,national file
2019,17-3024,14290.0,61420.0,877691800.0,national file
2019,17-3025,18010.0,54740.0,985867400.0,national file
2019,17-3026,67110.0,59400.0,3986334000.0,national file
2019,17-3027,42820.0,59160.0,2533231200.0,national file
2019,17-3031,53030.0,48500.0,2571955000.0,national file
2019,17-3098,88330.0,65940.0,5824480200.0,national file
2019,19-1011,2690.0,68570.0,184453300.0,national file
2019,19-1012,13460.0,76190.0,1025517400.0,national file
2019,19-1013,14150.0,69860.0,988519000.0,national file
2019,19-1021,31360.0,108180.0,3392524800.0,national file
2019,19-1022,18270.0,82760.0,1512025200.0,national file
2019,19-1023,19250.0,67200.0,1293600000.0,national file
2019,19-1029,40100.0,87590.0,3512359000.0,national file
2019,19-1031,22070.0,67040.0,1479572800.0,national file
2019,19-1032,9510.0,63270.0,601697700.0,national file
2019,19-1041,7410.0,78290.0,580128900.0,national file
2019,19-1042,127180.0,98770.0,12561568600.0,national file
2019,19-1099,6450.0,85890.0,553990500.0,national file
2019,19-2011,2070.0,122270.0,253098900.0,national file
2019,19-2012,16730.0,131080.0,2192968400.0,national file
2019,19-2021,9290.0,97160.0,902616400.0,national file
2019,19-2031,83530.0,84150.0,7029049500.0,national file
2019,19-2032,6710.0,100430.0,673885300.0,national file
2019,19-2041,84290.0,77940.0,6569562600.0,national file
2019,19-2042,29200.0,108350.0,3163820000.0,national file
2019,19-2043,6440.0,86330.0,555965200.0,national file
2019,19-2099,17550.0,112070.0,1966828500.0,national file
2019,19-3011,19000.0,116630.0,2215970000.0,national file
2019,19-3022,9930.0,65760.0,652996800.0,national file
2019,19-3031,113270.0,87450.0,9905461500.0,national file
2019,19-3032,630.0,111150.0,70024500.0,national file
2019,19-3039,14220.0,98230.0,1396830600.0,national file
2019,19-3041,2630.0,90590.0,238251700.0,national file
2019,19-3051,38560.0,77750.0,2998040000.0,national file
2019,19-3091,6720.0,66810.0,448963200.0,national file
2019,19-3092,1400.0,81970.0,114758000.0,national file
2019,19-3093,3040.0,68690.0,208817600.0,national file
2019,19-3094,6010.0,120260.0,722762600.0,national file
2019,19-3099,33690.0,87690.0,2954276100.0,national file
2019,19-4010,21870.0,44440.0,971902800.0,national file
2019,19-4021,79530.0,49110.0,3905718300.0,national file
2019,19-4031,65760.0,52910.0,3479361600.0,national file
2019,19-4042,32620.0,50760.0,1655791200.0,national file
2019,19-4045,17110.0,60800.0,1040288000.0,national file
2019,19-4051,6420.0,82710.0,530998200.0,national file
2019,19-4061,35580.0,51340.0,1826677200.0,national file
2019,19-4071,19060.0,45860.0,874091600.0,national file
2019,19-4092,16520.0,63170.0,1043568400.0,national file
2019,19-4099,64260.0,53670.0,3448834200.0,national file
2019,19-5011,92780.0,76290.0,7078186200.0,national file
2019,19-5012,20580.0,56470.0,1162152600.0,national file
2019,21-1012,296460.0,61000.0,18084060000.0,national file
2019,21-1013,59050.0,54590.0,3223539500.0,national file
2019,21-1015,109040.0,40160.0,4379046400.0,national file
2019,21-1018,283540.0,49950.0,14162823000.0,national file
2019,21-1019,25420.0,48800.0,1240496000.0,national file
2019,21-1021,327710.0,51030.0,16723041300.0,national file
2019,21-1022,174890.0,59300.0,10370977000.0,national file
2019,21-1023,117770.0,51670.0,6085175900.0,national file
2019,21-1029,58410.0,61750.0,3606817500.0,national file
2019,21-1091,58590.0,60500.0,3544695000.0,national file
2019,21-1092,88120.0,59910.0,5279269200.0,national file
2019,21-1093,404450.0,37050.0,14984872500.0,national file
2019,21-1094,58950.0,44390.0,2616790500.0,national file
2019,21-1099,97480.0,46900.0,4571812000.0,national file
2019,21-2011,53180.0,55190.0,2935004200.0,national file
2019,21-2021,21820.0,50490.0,1101691800.0,national file
2019,21-2099,9450.0,39830.0,376393500.0,national file
2019,23-1011,657170.0,145300.0,95486801000.0,national file
2019,23-1012,16630.0,59890.0,995970700.0,national file
2019,23-1021,14380.0,100230.0,1441307400.0,national file
2019,23-1022,6090.0,73720.0,448954800.0,national file
2019,23-1023,28670.0,128550.0,3685528500.0,national file
2019,23-2011,329870.0,55020.0,18149447400.0,national file
2019,23-2093,52890.0,52050.0,2752924500.0,national file
2019,23-2099,45080.0,70840.0,3193467200.0,national file
2019,25-1011,83920.0,105440.0,8848524800.0,national file
2019,25-1021,31800.0,98430.0,3130074000.0,national file
2019,25-1022,51150.0,86330.0,4415779500.0,national file
2019,25-1031,6780.0,98980.0,671084400.0,national file
2019,25-1032,36080.0,112110.0,4044928800.0,national file
2019,25-1041,9470.0,89320.0,845860400.0,national file
2019,25-1042,53090.0,98700.0,5239983000.0,national file
2019,25-1043,1770.0,90940.0,160963800.0,national file
2019,25-1051,11020.0,102690.0,1131643800.0,national file
2019,25-1052,21380.0,92650.0,1980857000.0,national file
2019,25-1053,6060.0,93450.0,566307000.0,national file
2019,25-1054,13780.0,101110.0,1393295800.0,national file
2019,25-1061,5850.0,95140.0,556569000.0,national file
2019,25-1062,10600.0,88410.0,937146000.0,national file
2019,25-1063,13270.0,119160.0,1581253200.0,national file
2019,25-1064,3970.0,86540.0,343563800.0,national file
2019,25-1065,15750.0,102290.0,1611067500.0,national file
2019,25-1066,37480.0,87530.0,3280624400.0,national file
2019,25-1067,13850.0,85240.0,1180574000.0,national file
2019,25-1069,16830.0,85390.0,1437113700.0,national file
2019,25-1071,201920.0,121620.0,24557510400.0,national file
2019,25-1072,59680.0,83160.0,4962988800.0,national file
2019,25-1081,61300.0,74560.0,4570528000.0,national file
2019,25-1082,4390.0,77170.0,338776300.0,national file
2019,25-1111,14070.0,72980.0,1026828600.0,national file
2019,25-1112,16180.0,129950.0,2102591000.0,national file
2019,25-1113,13640.0,77910.0,1062692400.0,national file
2019,25-1121,94060.0,83220.0,7827673200.0,national file
2019,25-1122,29120.0,79830.0,2324649600.0,national file
2019,25-1123,67930.0,80180.0,5446627400.0,national file
2019,25-1124,24860.0,80170.0,1993026200.0,national file
2019,25-1125,21030.0,84210.0,1770936300.0,national file
2019,25-1126,23490.0,88970.0,2089905300.0,national file
2019,25-1192,2150.0,85270.0,183330500.0,national file
2019,25-1193,15880.0,73720.0,1170673600.0,national file
2019,25-1194,112210.0,60420.0,6779728200.0,national file
2019,25-1199,201320.0,80720.0,16250550400.0,national file
2019,25-2011,431350.0,34650.0,14946277500.0,national file
2019,25-2012,124290.0,60210.0,7483500900.0,national file
2019,25-2021,1430480.0,63930.0,91450586400.0,national file
2019,25-2022,622330.0,63550.0,39549071500.0,national file
2019,25-2023,11860.0,64900.0,769714000.0,national file
2019,25-2031,1035850.0,65930.0,68293590500.0,national file
2019,25-2032,74520.0,64800.0,4828896000.0,national file
2019,25-2051,22340.0,67060.0,1498120400.0,national file
2019,25-2052,193830.0,64420.0,12486528600.0,national file
2019,25-2057,85840.0,65740.0,5643121600.0,national file
2019,25-2058,143170.0,65710.0,9407700700.0,national file
2019,25-2059,35600.0,65350.0,2326460000.0,national file
2019,25-3011,51950.0,58980.0,3064011000.0,national file
2019,25-3021,252780.0,46120.0,11658213600.0,national file
2019,25-3031,587120.0,32460.0,19057915200.0,national file
2019,25-3097,320250.0,48700.0,15596175000.0,national file
2019,25-4011,6560.0,57500.0,377200000.0,national file
2019,25-4012,12890.0,59130.0,762185700.0,national file
2019,25-4013,13190.0,48030.0,633515700.0,national file
2019,25-4022,135690.0,61920.0,8401924800.0,national file
2019,25-4031,88720.0,36950.0,3278204000.0,national file
2019,25-9021,8720.0,52720.0,459718400.0,national file
2019,25-9031,176690.0,69180.0,12223414200.0,national file
2019,25-9044,137500.0,36460.0,5013250000.0,national file
2019,25-9045,1346910.0,29640.0,39922412400.0,national file
2019,25-9099,129040.0,45970.0,5931968800.0,national file
2019,27-1011,42890.0,109600.0,4700744000.0,national file
2019,27-1012,4640.0,38740.0,179753600.0,national file
2019,27-1013,12350.0,63030.0,778420500.0,national file
2019,27-1014,29340.0,84780.0,2487445200.0,national file
2019,27-1019,7550.0,67750.0,511512500.0,national file
2019,27-1021,32770.0,73820.0,2419081400.0,national file
2019,27-1022,22030.0,86110.0,1897003300.0,national file
2019,27-1023,41770.0,29760.0,1243075200.0,national file
2019,27-1024,215930.0,56510.0,12202204300.0,national file
2019,27-1025,60650.0,60990.0,3699043500.0,national file
2019,27-1026,140850.0,32940.0,4639599000.0,national file
2019,27-1027,12040.0,62480.0,752259200.0,national file
2019,27-1029,10610.0,73510.0,779941100.0,national file
2019,27-2012,129210.0,93940.0,12137987400.0,national file
2019,27-2021,11330.0,93140.0,1055276200.0,national file
2019,27-2022,241390.0,44910.0,10840824900.0,national file
2019,27-2023,20120.0,38810.0,780857200.0,national file
2019,27-2032,4630.0,53590.0,248121700.0,national file
2019,27-2041,10580.0,64670.0,684208600.0,national file
2019,27-3011,29230.0,53580.0,1566143400.0,national file
2019,27-3023,44100.0,62400.0,2751840000.0,national file
2019,27-3031,244730.0,70190.0,17177598700.0,national file
2019,27-3041,95970.0,71910.0,6901202700.0,national file
2019,27-3042,50760.0,76860.0,3901413600.0,national file
2019,27-3043,45860.0,73860.0,3387219600.0,national file
2019,27-3091,58870.0,57000.0,3355590000.0,national file
2019,27-3092,14530.0,64990.0,944304700.0,national file
2019,27-3099,25160.0,53060.0,1334989600.0,national file
2019,27-4011,73960.0,51260.0,3791189600.0,national file
2019,27-4012,28650.0,46800.0,1340820000.0,national file
2019,27-4014,12890.0,67090.0,864790100.0,national file
2019,27-4021,50620.0,45440.0,2300172800.0,national file
2019,27-4031,21500.0,64960.0,1396640000.0,national file
2019,27-4032,27570.0,87300.0,2406861000.0,national file
2019,27-4098,23440.0,73700.0,1727528000.0,national file
2019,29-1011,35010.0,85010.0,2976200100.0,national file
2019,29-1021,110730.0,178260.0,19738729800.0,national file
2019,29-1022,4650.0,237570.0,1104700500.0,national file
2019,29-1023,5990.0,230830.0,1382671700.0,national file
2019,29-1024,490.0,220840.0,108211600.0,national file
2019,29-1029,5330.0,178040.0,948953200.0,national file
2019,29-1031,67670.0,62330.0,4217871100.0,national file
2019,29-1041,39420.0,122980.0,4847871600.0,national file
2019,29-1051,311200.0,125510.0,39058712000.0,national file
2019,29-1071,120090.0,112410.0,13499316900.0,national file
2019,29-1081,9770.0,142680.0,1393983600.0,national file
2019,29-1122,133570.0,86210.0,11515069700.0,national file
2019,29-1123,233350.0,90170.0,21041169500.0,national file
2019,29-1124,17860.0,91620.0,1636333200.0,national file
2019,29-1125,19070.0,51130.0,975049100.0,national file
2019,29-1126,132090.0,63950.0,8447155500.0,national file
2019,29-1127,154360.0,82000.0,12657520000.0,national file
2019,29-1128,7280.0,54750.0,398580000.0,national file
2019,29-1129,12170.0,58600.0,713162000.0,national file
2019,29-1131,74540.0,104820.0,7813282800.0,national file
2019,29-1141,2982280.0,77460.0,231007408800.0,national file
2019,29-1151,43570.0,181040.0,7887912800.0,national file
2019,29-1161,6930.0,108810.0,754053300.0,national file
2019,29-1171,200600.0,111840.0,22435104000.0,national file
2019,29-1181,13590.0,83900.0,1140201000.0,national file
2019,29-1211,31010.0,261730.0,8116247300.0,national file
2019,29-1215,109370.0,213270.0,23325339900.0,national file
2019,29-1216,44610.0,201440.0,8986238400.0,national file
2019,29-1218,18620.0,233610.0,4349818200.0,national file
2019,29-1221,29740.0,184410.0,5484353400.0,national file
2019,29-1223,25530.0,220430.0,5627577900.0,national file
2019,29-1228,390680.0,203450.0,79483846000.0,national file
2019,29-1248,36270.0,252040.0,9141490800.0,national file
2019,29-1292,221560.0,77230.0,17111078800.0,national file
2019,29-1298,36500.0,89060.0,3250690000.0,national file
2019,29-2010,326020.0,54780.0,17859375600.0,national file
2019,29-2031,56110.0,59600.0,3344156000.0,national file
2019,29-2032,72790.0,75780.0,5516026200.0,national file
2019,29-2033,18110.0,80240.0,1453146400.0,national file
2019,29-2034,207360.0,63120.0,13088563200.0,national file
2019,29-2035,37900.0,74270.0,2814833000.0,national file
2019,29-2040,260600.0,38830.0,10119098000.0,national file
2019,29-2051,29230.0,31180.0,911391400.0,national file
2019,29-2052,417780.0,35250.0,14726745000.0,national file
2019,29-2053,78470.0,37550.0,2946548500.0,national file
2019,29-2055,109000.0,50110.0,5461990000.0,national file
2019,29-2056,110650.0,36670.0,4057535500.0,national file
2019,29-2057,58600.0,38760.0,2271336000.0,national file
2019,29-2061,697510.0,48500.0,33829235000.0,national file
2019,29-2081,72330.0,40730.0,2946000900.0,national file
2019,29-2091,9830.0,72810.0,715722300.0,national file
2019,29-2092,8210.0,55360.0,454505600.0,national file
2019,29-2098,331790.0,46590.0,15458096100.0,national file
2019,29-9091,28600.0,50540.0,1445444000.0,national file
2019,29-9092,2390.0,84310.0,201500900.0,national file
2019,29-9098,54350.0,58600.0,3184910000.0,national file
2019,31-1120,3161500.0,26440.0,83590060000.0,national file
2019,31-1131,1419920.0,30720.0,43619942400.0,national file
2019,31-1132,46990.0,30710.0,1443062900.0,national file
2019,31-1133,55020.0,32590.0,1793101800.0,national file
2019,31-2011,44990.0,61880.0,2783981200.0,national file
2019,31-2012,7560.0,34310.0,259383600.0,national file
2019,31-2021,96840.0,58520.0,5667076800.0,national file
2019,31-2022,49270.0,29180.0,1437698600.0,national file
2019,31-9011,107240.0,47180.0,5059583200.0,national file
2019,31-9091,351470.0,41170.0,14470019900.0,national file
2019,31-9092,712430.0,35720.0,25447999600.0,national file
2019,31-9093,56900.0,39530.0,2249257000.0,national file
2019,31-9094,55780.0,35210.0,1964013800.0,national file
2019,31-9095,37280.0,30490.0,1136667200.0,national file
2019,31-9096,97030.0,29690.0,2880820700.0,national file
2019,31-9097,128290.0,36480.0,4680019200.0,national file
2019,31-9099,93270.0,40010.0,3731732700.0,national file
2019,33-1011,46430.0,69000.0,3203670000.0,national file
2019,33-1012,121340.0,94950.0,11521233000.0,national file
2019,33-1021,69590.0,82010.0,5707075900.0,national file
2019,33-1090,82590.0,53210.0,4394613900.0,national file
2019,33-2011,324620.0,54650.0,17740483000.0,national file
2019,33-2021,13710.0,64730.0,887448300.0,national file
2019,33-2022,2160.0,53350.0,115236000.0,national file
2019,33-3011,19650.0,51840.0,1018656000.0,national file
2019,33-3012,423050.0,50130.0,21207496500.0,national file
2019,33-3021,105620.0,86030.0,9086488600.0,national file
2019,33-3031,6800.0,57690.0,392292000.0,national file
2019,33-3041,7650.0,43420.0,332163000.0,national file
2019,33-3051,665280.0,67600.0,44972928000.0,national file
2019,33-3052,4690.0,71120.0,333552800.0,national file
2019,33-9011,11980.0,39710.0,475725800.0,national file
2019,33-9021,35000.0,57000.0,1995000000.0,national file
2019,33-9031,10280.0,38030.0,390948400.0,national file
2019,33-9032,1126370.0,33030.0,37204001100.0,national file
2019,33-9091,84920.0,32920.0,2795566400.0,national file
2019,33-9092,143940.0,25380.0,3653197200.0,national file
2019,33-9093,46730.0,42310.0,1977146300.0,national file
2019,33-9098,146390.0,34880.0,5106083200.0,national file
2019,35-1011,128190.0,56310.0,7218378900.0,national file
2019,35-1012,1011100.0,36960.0,37370256000.0,national file
2019,35-2011,527220.0,23530.0,12405486600.0,national file
2019,35-2012,402480.0,29030.0,11683994400.0,national file
2019,35-2013,390.0,45600.0,17784000.0,national file
2019,35-2014,1401890.0,28700.0,40234243000.0,national file
2019,35-2015,152670.0,26240.0,4006060800.0,national file
2019,35-2019,19340.0,32240.0,623521600.0,national file
2019,35-2021,863740.0,25820.0,22301766800.0,national file
2019,35-3011,646850.0,28000.0,18111800000.0,national file
2019,35-3023,3996820.0,23250.0,92926065000.0,national file
2019,35-3031,2579020.0,26800.0,69117736000.0,national file
2019,35-3041,277580.0,26080.0,7239286400.0,national file
2019,35-9011,477270.0,25020.0,11941295400.0,national file
2019,35-9021,514330.0,24410.0,12554795300.0,national file
2019,35-9031,423380.0,24010.0,10165353800.0,national file
2019,35-9099,72300.0,26510.0,1916673000.0,national file
2019,37-1011,155550.0,44160.0,6869088000.0,national file
2019,37-1012,103580.0,52340.0,5421377200.0,national file
2019,37-2011,2145450.0,30010.0,64384954500.0,national file
2019,37-2012,926960.0,26810.0,24851797600.0,national file
2019,37-2019,18150.0,35270.0,640150500.0,national file
2019,37-2021,79450.0,39910.0,3170849500.0,national file
2019,37-3011,912660.0,32360.0,29533677600.0,national file
2019,37-3012,25780.0,39230.0,1011349400.0,national file
2019,37-3013,47210.0,42510.0,2006897100.0,national file
2019,37-3019,14310.0,37870.0,541919700.0,national file
2019,39-1013,29420.0,51850.0,1525427000.0,national file
2019,39-1098,217680.0,43400.0,9447312000.0,national file
2019,39-2011,16530.0,36240.0,599047200.0,national file
2019,39-2021,212450.0,27060.0,5748897000.0,national file
2019,39-3011,98890.0,23980.0,2371382200.0,national file
2019,39-3012,9970.0,27830.0,277465100.0,national file
2019,39-3019,10470.0,32000.0,335040000.0,national file
2019,39-3021,4540.0,29890.0,135700600.0,national file
2019,39-3031,138160.0,24870.0,3436039200.0,national file
2019,39-3091,338110.0,24330.0,8226216300.0,national file
2019,39-3092,7460.0,48970.0,365316200.0,national file
2019,39-3093,15990.0,28230.0,451397700.0,national file
2019,39-3099,4500.0,31790.0,143055000.0,national file
2019,39-4011,3890.0,50100.0,194889000.0,national file
2019,39-4021,34370.0,29830.0,1025257100.0,national file
2019,39-4031,25440.0,58360.0,1484678400.0,national file
2019,39-5011,20030.0,35190.0,704855700.0,national file
2019,39-5012,385960.0,31530.0,12169318800.0,national file
2019,39-5091,3400.0,81600.0,277440000.0,national file
2019,39-5092,111780.0,27390.0,3061654200.0,national file
2019,39-5093,12120.0,22910.0,277669200.0,national file
2019,39-5094,56660.0,38970.0,2208040200.0,national file
2019,39-6011,39790.0,28230.0,1123271700.0,national file
2019,39-6012,41670.0,34290.0,1428864300.0,national file
2019,39-7010,48710.0,30670.0,1493935700.0,national file
2019,39-9011,561520.0,25510.0,14324375200.0,national file
2019,39-9031,325500.0,45110.0,14683305000.0,national file
2019,39-9032,358750.0,29330.0,10522137500.0,national file
2019,39-9041,107930.0,31610.0,3411667300.0,national file
2019,39-9098,61510.0,29190.0,1795476900.0,national file
2019,41-1011,1171900.0,45830.0,53708177000.0,national file
2019,41-1012,249090.0,86180.0,21466576200.0,national file
2019,41-2011,3596630.0,24370.0,87649873100.0,national file
2019,41-2012,21290.0,28010.0,596332900.0,national file
2019,41-2021,411560.0,32600.0,13416856000.0,national file
2019,41-2022,256170.0,35220.0,9022307400.0,national file
2019,41-2031,4317950.0,29360.0,126775012000.0,national file
2019,41-3011,129740.0,64660.0,8388988400.0,national file
2019,41-3021,410050.0,67780.0,27793189000.0,national file
2019,41-3031,437880.0,93090.0,40762249200.0,national file
2019,41-3041,66670.0,44690.0,2979482300.0,national file
2019,41-3091,1039670.0,66760.0,69408369200.0,national file
2019,41-4011,306980.0,92980.0,28543000400.0,national file
2019,41-4012,1344530.0,71110.0,95609528300.0,national file
2019,41-9011,77760.0,35320.0,2746483200.0,national file
2019,41-9012,2320.0,36430.0,84517600.0,national file
2019,41-9021,42730.0,81450.0,3480358500.0,national file
2019,41-9022,162330.0,62060.0,10074199800.0,national file
2019,41-9031,63550.0,112780.0,7167169000.0,national file
2019,41-9041,134800.0,29770.0,4012996000.0,national file
2019,41-9091,8930.0,35150.0,313889500.0,national file
2019,41-9099,118910.0,40620.0,4830124200.0,national file
2019,43-1011,1487870.0,60130.0,89465623100.0,national file
2019,43-2011,68050.0,33030.0,2247691500.0,national file
2019,43-2021,4740.0,37940.0,179835600.0,national file
2019,43-2099,3240.0,46050.0,149202000.0,national file
2019,43-3011,235870.0,39300.0,9269691000.0,national file
2019,43-3021,466450.0,40620.0,18947199000.0,national file
2019,43-3031,1512660.0,42960.0,64983873600.0,national file
2019,43-3041,14330.0,29600.0,424168000.0,national file
2019,43-3051,142700.0,47390.0,6762553000.0,national file
2019,43-3061,66030.0,43980.0,2903999400.0,national file
2019,43-3071,442120.0,31660.0,13997519200.0,national file
2019,43-3099,30500.0,44740.0,1364570000.0,national file
2019,43-4011,47990.0,55190.0,2648568100.0,national file
2019,43-4021,6250.0,39570.0,247312500.0,national file
2019,43-4031,154020.0,42030.0,6473460600.0,national file
2019,43-4041,26700.0,41880.0,1118196000.0,national file
2019,43-4051,2919230.0,37320.0,108945663600.0,national file
2019,43-4061,139780.0,47110.0,6585035800.0,national file
2019,43-4071,102300.0,34610.0,3540603000.0,national file
2019,43-4081,267940.0,25950.0,6953043000.0,national file
2019,43-4111,188570.0,36390.0,6862062300.0,national file
2019,43-4121,85910.0,29820.0,2561836200.0,national file
2019,43-4131,208530.0,41960.0,8749918800.0,national file
2019,43-4141,43420.0,38490.0,1671235800.0,national file
2019,43-4151,137180.0,36600.0,5020788000.0,national file
2019,43-4161,117340.0,42620.0,5001030800.0,national file
2019,43-4171,1057370.0,31250.0,33042812500.0,national file
2019,43-4181,123660.0,44390.0,5489267400.0,national file
2019,43-4199,153850.0,42410.0,6524778500.0,national file
2019,43-5011,95810.0,46770.0,4481033700.0,national file
2019,43-5021,74720.0,31640.0,2364140800.0,national file
2019,43-5031,95320.0,44310.0,4223629200.0,national file
2019,43-5032,199360.0,44100.0,8791776000.0,national file
2019,43-5041,30450.0,46250.0,1408312500.0,national file
2019,43-5051,81170.0,50610.0,4108013700.0,national file
2019,43-5052,339650.0,52180.0,17722937000.0,national file
2019,43-5053,102390.0,51190.0,5241344100.0,national file
2019,43-5061,370380.0,50640.0,18756043200.0,national file
2019,43-5071,704910.0,36030.0,25397907300.0,national file
2019,43-5111,60920.0,36650.0,2232718000.0,national file
2019,43-6011,542690.0,62920.0,34146054800.0,national file
2019,43-6012,168140.0,50900.0,8558326000.0,national file
2019,43-6013,604780.0,38090.0,23036070200.0,national file
2019,43-6014,2038340.0,39180.0,79862161200.0,national file
2019,43-9021,159930.0,34820.0,5568762600.0,national file
2019,43-9022,47460.0,41880.0,1987624800.0,national file
2019,43-9031,8740.0,48740.0,425987600.0,national file
2019,43-9041,257000.0,43280.0,11122960000.0,national file
2019,43-9051,83580.0,32620.0,2726379600.0,national file
2019,43-9061,2956060.0,36360.0,107482341600.0,national file
2019,43-9071,45960.0,35150.0,1615494000.0,national file
2019,43-9081,7730.0,43200.0,333936000.0,national file
2019,43-9111,9810.0,51640.0,506588400.0,national file
2019,43-9199,188360.0,38290.0,7212304400.0,national file
2019,45-1011,22560.0,52520.0,1184851200.0,national file
2019,45-2011,13760.0,47160.0,648921600.0,national file
2019,45-2021,1610.0,46420.0,74736200.0,national file
2019,45-2041,34340.0,27570.0,946753800.0,national file
2019,45-2091,26990.0,33300.0,898767000.0,national file
2019,45-2092,295520.0,27780.0,8209545600.0,national file
2019,45-2093,36630.0,29880.0,1094504400.0,national file
2019,45-2099,6540.0,33930.0,221902200.0,national file
2019,45-4011,6760.0,32790.0,221660400.0,national file
2019,45-4021,4890.0,49670.0,242886300.0,national file
2019,45-4022,26030.0,42060.0,1094821800.0,national file
2019,45-4023,3300.0,39110.0,129063000.0,national file
2019,45-4029,3750.0,40390.0,151462500.0,national file
2019,47-1011,626180.0,71440.0,44734299200.0,national file
2019,47-2011,15820.0,65040.0,1028932800.0,national file
2019,47-2021,60650.0,56470.0,3424905500.0,national file
2019,47-2022,12390.0,48070.0,595587300.0,national file
2019,47-2031,734170.0,52850.0,38800884500.0,national file
2019,47-2041,26010.0,45320.0,1178773200.0,national file
2019,47-2042,16290.0,48610.0,791856900.0,national file
2019,47-2043,4940.0,42300.0,208962000.0,national file
2019,47-2044,40470.0,47300.0,1914231000.0,national file
2019,47-2051,196120.0,48330.0,9478479600.0,national file
2019,47-2053,2970.0,56340.0,167329800.0,national file
2019,47-2061,1020350.0,41730.0,42579205500.0,national file
2019,47-2071,45770.0,44630.0,2042715100.0,national file
2019,47-2072,3540.0,70230.0,248614200.0,national file
2019,47-2073,405750.0,54210.0,21995707500.0,national file
2019,47-2081,102850.0,50560.0,5200096000.0,national file
2019,47-2082,17970.0,61550.0,1106053500.0,national file
2019,47-2111,688620.0,60370.0,41571989400.0,national file
2019,47-2121,52400.0,49810.0,2610044000.0,national file
2019,47-2131,33550.0,45100.0,1513105000.0,national file
2019,47-2132,26670.0,54120.0,1443380400.0,national file
2019,47-2141,232760.0,44640.0,10390406400.0,national file
2019,47-2142,3380.0,44470.0,150308600.0,national file
2019,47-2151,36270.0,43600.0,1581372000.0,national file
2019,47-2152,442870.0,59800.0,26483626000.0,national file
2019,47-2161,27360.0,49710.0,1360065600.0,national file
2019,47-2171,18870.0,54650.0,1031245500.0,national file
2019,47-2181,129690.0,45820.0,5942395800.0,national file
2019,47-2211,131300.0,54480.0,7153224000.0,national file
2019,47-2221,76570.0,59170.0,4530646900.0,national file
2019,47-2231,11080.0,46850.0,519098000.0,national file
2019,47-3011,23480.0,38440.0,902571200.0,national file
2019,47-3012,32920.0,33830.0,1113683600.0,national file
2019,47-3013,79260.0,34300.0,2718618000.0,national file
2019,47-3014,10850.0,32930.0,357290500.0,national file
2019,47-3015,58400.0,33750.0,1971000000.0,national file
2019,47-3016,8960.0,33350.0,298816000.0,national file
2019,47-3019,28530.0,33400.0,952902000.0,national file
2019,47-4011,110420.0,64390.0,7109943800.0,national file
2019,47-4021,28350.0,83250.0,2360137500.0,national file
2019,47-4031,25900.0,38600.0,999740000.0,national file
2019,47-4041,44240.0,47740.0,2112017600.0,national file
2019,47-4051,150860.0,42410.0,6397972600.0,national file
2019,47-4061,16180.0,57160.0,924848800.0,national file
2019,47-4071,29750.0,42760.0,1272110000.0,national file
2019,47-4090,32040.0,44030.0,1410721200.0,national file
2019,47-5011,12110.0,48030.0,581643300.0,national file
2019,47-5012,21010.0,57070.0,1199040700.0,national file
2019,47-5013,51760.0,51390.0,2659946400.0,national file
2019,47-5022,44090.0,48580.0,2141892200.0,national file
2019,47-5041,14630.0,56530.0,827033900.0,national file
2019,47-5043,3140.0,59560.0,187018400.0,national file
2019,47-5044,4200.0,53730.0,225666000.0,national file
2019,47-5051,5080.0,37390.0,189941200.0,national file
2019,47-5071,58930.0,41280.0,2432630400.0,national file
2019,47-5081,16700.0,38390.0,641113000.0,national file
2019,47-5097,24940.0,48890.0,1219316600.0,national file
2019,47-5098,13790.0,52280.0,720941200.0,national file
2019,49-1011,485700.0,70550.0,34266135000.0,national file
2019,49-2011,98260.0,42070.0,4133798200.0,national file
2019,49-2021,14370.0,57820.0,830873400.0,national file
2019,49-2022,208480.0,58560.0,12208588800.0,national file
2019,49-2091,21750.0,66970.0,1456597500.0,national file
2019,49-2092,15890.0,46620.0,740791800.0,national file
2019,49-2093,9790.0,63670.0,623329300.0,national file
2019,49-2094,58930.0,60360.0,3557014800.0,national file
2019,49-2095,22650.0,81280.0,1840992000.0,national file
2019,49-2096,10310.0,38910.0,401162100.0,national file
2019,49-2097,25590.0,42130.0,1078106700.0,national file
2019,49-2098,71600.0,50210.0,3595036000.0,national file
2019,49-3011,133310.0,67110.0,8946434100.0,national file
2019,49-3021,144180.0,47390.0,6832690200.0,national file
2019,49-3022,19410.0,37440.0,726710400.0,national file
2019,49-3023,655330.0,44890.0,29417763700.0,national file
2019,49-3031,266330.0,50360.0,13412378800.0,national file
2019,49-3041,36290.0,43630.0,1583332700.0,national file
2019,49-3042,147800.0,54840.0,8105352000.0,national file
2019,49-3043,25930.0,56810.0,1473083300.0,national file
2019,49-3051,22940.0,43440.0,996513600.0,national file
2019,49-3052,15590.0,39970.0,623132300.0,national file
2019,49-3053,32160.0,37670.0,1211467200.0,national file
2019,49-3091,13190.0,31360.0,413638400.0,national file
2019,49-3092,15580.0,41660.0,649062800.0,national file
2019,49-3093,110880.0,30350.0,3365208000.0,national file
2019,49-9011,23050.0,43740.0,1008207000.0,national file
2019,49-9012,52270.0,59920.0,3132018400.0,national file
2019,49-9021,342040.0,51420.0,17587696800.0,national file
2019,49-9031,31100.0,42400.0,1318640000.0,national file
2019,49-9041,387630.0,55320.0,21443691600.0,national file
2019,49-9043,72890.0,49450.0,3604410500.0,national file
2019,49-9044,47320.0,57050.0,2699606000.0,national file
2019,49-9045,820.0,55750.0,45715000.0,national file
2019,49-9051,111660.0,71960.0,8035053600.0,national file
2019,49-9052,120900.0,59670.0,7214103000.0,national file
2019,49-9061,3620.0,40720.0,147406400.0,national file
2019,49-9062,46370.0,53130.0,2463638100.0,national file
2019,49-9063,8020.0,39750.0,318795000.0,national file
2019,49-9064,2780.0,45280.0,125878400.0,national file
2019,49-9069,10570.0,59940.0,633565800.0,national file
2019,49-9071,1418990.0,41960.0,59540820400.0,national file
2019,49-9081,5960.0,56700.0,337932000.0,national file
2019,49-9091,31370.0,37380.0,1172610600.0,national file
2019,49-9092,3420.0,67100.0,229482000.0,national file
2019,49-9094,17010.0,44460.0,756264600.0,national file
2019,49-9095,2810.0,34300.0,96383000.0,national file
2019,49-9096,23000.0,52420.0,1205660000.0,national file
2019,49-9097,6860.0,72690.0,498653400.0,national file
2019,49-9098,99460.0,32570.0,3239412200.0,national file
2019,49-9099,161290.0,43800.0,7064502000.0,national file
2019,51-1011,631100.0,65220.0,41160342000.0,national file
2019,51-2011,42940.0,56460.0,2424392400.0,national file
2019,51-2021,12690.0,38760.0,491864400.0,national file
2019,51-2028,285190.0,36930.0,10532066700.0,national file
2019,51-2031,45980.0,46570.0,2141288600.0,national file
2019,51-2041,76890.0,43000.0,3306270000.0,national file
2019,51-2051,20010.0,36970.0,739769700.0,national file
2019,51-2061,1260.0,38110.0,48018600.0,national file
2019,51-2090,1371920.0,34800.0,47742816000.0,national file
2019,51-3011,184990.0,29630.0,5481253700.0,national file
2019,51-3021,136770.0,34010.0,4651547700.0,national file
2019,51-3022,153990.0,28810.0,4436451900.0,national file
2019,51-3023,73390.0,29600.0,2172344000.0,national file
2019,51-3091,20830.0,33880.0,705720400.0,national file
2019,51-3092,159390.0,33120.0,5278996800.0,national file
2019,51-3093,30030.0,32320.0,970569600.0,national file
2019,51-3099,42890.0,28820.0,1236089800.0,national file
2019,51-4021,76940.0,37770.0,2906023800.0,national file
2019,51-4022,16320.0,41200.0,672384000.0,national file
2019,51-4023,32470.0,41920.0,1361142400.0,national file
2019,51-4031,195040.0,37310.0,7276942400.0,national file
2019,51-4032,10870.0,42630.0,463388100.0,national file
2019,51-4033,76810.0,37860.0,2908026600.0,national file
2019,51-4034,28070.0,41990.0,1178659300.0,national file
2019,51-4035,18730.0,44820.0,839478600.0,national file
2019,51-4041,383470.0,46120.0,17685636400.0,national file
2019,51-4051,17150.0,43280.0,742252000.0,national file
2019,51-4052,8010.0,40850.0,327208500.0,national file
2019,51-4061,4300.0,57420.0,246906000.0,national file
2019,51-4062,3010.0,48050.0,144630500.0,national file
2019,51-4071,17590.0,36920.0,649422800.0,national file
2019,51-4072,172520.0,34670.0,5981268400.0,national file
2019,51-4081,146950.0,38410.0,5644349500.0,national file
2019,51-4111,70770.0,54980.0,3890934600.0,national file
2019,51-4121,410750.0,45190.0,18561792500.0,national file
2019,51-4122,35110.0,40240.0,1412826400.0,national file
2019,51-4191,19560.0,39840.0,779270400.0,national file
2019,51-4192,8150.0,48900.0,398535000.0,national file
2019,51-4193,41810.0,35640.0,1490108400.0,national file
2019,51-4194,6440.0,41970.0,270286800.0,national file
2019,51-4199,24340.0,37790.0,919808600.0,national file
2019,51-5111,30270.0,42540.0,1287685800.0,national file
2019,51-5112,173430.0,39100.0,6781113000.0,national file
2019,51-5113,45600.0,35130.0,1601928000.0,national file
2019,51-6011,209330.0,25420.0,5321168600.0,national file
2019,51-6021,38070.0,24820.0,944897400.0,national file
2019,51-6031,133410.0,28000.0,3735480000.0,national file
2019,51-6041,8760.0,30580.0,267880800.0,national file
2019,51-6042,5020.0,30540.0,153310800.0,national file
2019,51-6051,4770.0,31020.0,147965400.0,national file
2019,51-6052,24110.0,34530.0,832518300.0,national file
2019,51-6061,8690.0,30810.0,267738900.0,national file
2019,51-6062,13210.0,29660.0,391808600.0,national file
2019,51-6063,21130.0,31300.0,661369000.0,national file
2019,51-6064,31190.0,30740.0,958780600.0,national file
2019,51-6091,18230.0,37760.0,688364800.0,national file
2019,51-6092,5870.0,52740.0,309583800.0,national file
2019,51-6093,29420.0,36640.0,1077948800.0,national file
2019,51-6099,18060.0,30710.0,554622600.0,national file
2019,51-7011,99400.0,37620.0,3739428000.0,national file
2019,51-7021,16220.0,34350.0,557157000.0,national file
2019,51-7031,810.0,57320.0,46429200.0,national file
2019,51-7032,370.0,63490.0,23491300.0,national file
2019,51-7041,50730.0,32150.0,1630969500.0,national file
2019,51-7042,78850.0,32180.0,2537393000.0,national file
2019,51-7099,6700.0,35270.0,236309000.0,national file
2019,51-8011,5050.0,100990.0,509999500.0,national file
2019,51-8012,10770.0,88910.0,957560700.0,national file
2019,51-8013,33620.0,79370.0,2668419400.0,national file
2019,51-8021,32520.0,65970.0,2145344400.0,national file
2019,51-8031,123730.0,50490.0,6247127700.0,national file
2019,51-8091,28840.0,62710.0,1808556400.0,national file
2019,51-8092,14410.0,71050.0,1023830500.0,national file
2019,51-8093,40370.0,73830.0,2980517100.0,national file
2019,51-8099,12950.0,59500.0,770525000.0,national file
2019,51-9011,87120.0,51540.0,4490164800.0,national file
2019,51-9012,51160.0,45370.0,2321129200.0,national file
2019,51-9021,33360.0,39270.0,1310047200.0,national file
2019,51-9022,29170.0,33060.0,964360200.0,national file
2019,51-9023,125340.0,39920.0,5003572800.0,national file
2019,51-9031,9670.0,32340.0,312727800.0,national file
2019,51-9032,57960.0,36750.0,2130030000.0,national file
2019,51-9041,71850.0,37240.0,2675694000.0,national file
2019,51-9051,18970.0,41350.0,784409500.0,national file
2019,51-9061,576950.0,43000.0,24808850000.0,national file
2019,51-9071,23590.0,45950.0,1083960500.0,national file
2019,51-9081,34460.0,44330.0,1527611800.0,national file
2019,51-9082,14130.0,44200.0,624546000.0,national file
2019,51-9083,29150.0,34800.0,1014420000.0,national file
2019,51-9111,390540.0,33590.0,13118238600.0,national file
2019,51-9123,12430.0,35600.0,442508000.0,national file
2019,51-9124,146350.0,41260.0,6038401000.0,national file
2019,51-9141,27680.0,41950.0,1161176000.0,national file
2019,51-9151,11940.0,36890.0,440466600.0,national file
2019,51-9161,151700.0,43170.0,6548889000.0,national file
2019,51-9162,25570.0,59730.0,1527296100.0,national file
2019,51-9191,13890.0,36010.0,500178900.0,national file
2019,51-9192,16410.0,34230.0,561714300.0,national file
2019,51-9193,8740.0,37010.0,323467400.0,national file
2019,51-9194,10310.0,33770.0,348168700.0,national file
2019,51-9195,44890.0,36000.0,1616040000.0,national file
2019,51-9196,100290.0,40980.0,4109884200.0,national file
2019,51-9197,20790.0,45010.0,935757900.0,national file
2019,51-9198,303030.0,30540.0,9254536200.0,national file
2019,51-9199,222230.0,33830.0,7518040900.0,national file
2019,53-1041,9500.0,57960.0,550620000.0,national file
2019,53-1047,455390.0,57840.0,26339757600.0,national file
2019,53-2011,84520.0,174870.0,14780012400.0,national file
2019,53-2012,37830.0,102870.0,3891572100.0,national file
2019,53-2021,22090.0,120140.0,2653892600.0,national file
2019,53-2022,10680.0,57620.0,615381600.0,national file
2019,53-2031,120840.0,56230.0,6794833200.0,national file
2019,53-3011,14740.0,29600.0,436304000.0,national file
2019,53-3031,444660.0,30230.0,13442071800.0,national file
2019,53-3032,1856130.0,46850.0,86959690500.0,national file
2019,53-3033,923050.0,38520.0,35555886000.0,national file
2019,53-3052,179510.0,45830.0,8226943300.0,national file
2019,53-3058,700030.0,33210.0,23247996300.0,national file
2019,53-3099,56590.0,37300.0,2110807000.0,national file
2019,53-4011,35520.0,71570.0,2542166400.0,national file
2019,53-4013,5400.0,52690.0,284526000.0,national file
2019,53-4022,11080.0,62380.0,691170400.0,national file
2019,53-4031,45710.0,68350.0,3124278500.0,national file
2019,53-4041,10730.0,63770.0,684252100.0,national file
2019,53-4099,2650.0,54170.0,143550500.0,national file
2019,53-5011,31290.0,53250.0,1666192500.0,national file
2019,53-5021,33370.0,87420.0,2917205400.0,national file
2019,53-5022,2120.0,49030.0,103943600.0,national file
2019,53-5031,8410.0,79540.0,668931400.0,national file
2019,53-6011,3150.0,47880.0,150822000.0,national file
2019,53-6021,147390.0,26450.0,3898465500.0,national file
2019,53-6031,117670.0,26860.0,3160616200.0,national file
2019,53-6041,7470.0,52590.0,392847300.0,national file
2019,53-6051,30020.0,77530.0,2327450600.0,national file
2019,53-6061,28200.0,29420.0,829644000.0,national file
2019,53-6098,34940.0,42940.0,1500323600.0,national file
2019,53-7011,24050.0,36150.0,869407500.0,national file
2019,53-7021,45480.0,60530.0,2752904400.0,national file
2019,53-7031,1550.0,51340.0,79577000.0,national file
2019,53-7041,4800.0,62690.0,300912000.0,national file
2019,53-7051,629270.0,37930.0,23868211100.0,national file
2019,53-7061,382670.0,27940.0,10691799800.0,national file
2019,53-7062,2953170.0,32130.0,94885352100.0,national file
2019,53-7063,63280.0,33010.0,2088872800.0,national file
2019,53-7064,633640.0,27680.0,17539155200.0,national file
2019,53-7065,2135850.0,29660.0,63349311000.0,national file
2019,53-7071,3440.0,62710.0,215722400.0,national file
2019,53-7072,10000.0,49120.0,491200000.0,national file
2019,53-7073,12970.0,55080.0,714387600.0,national file
2019,53-7081,121330.0,41400.0,5023062000.0,national file
2019,53-7121,11620.0,47580.0,552879600.0,national file
2019,53-7199,28240.0,36530.0,1031607200.0,national file
2020,11-1011,177720.0,201596.60083277064,35827747900.0,sum of states
2020,11-1021,2355000.0,125579.61401273885,295739991000.0,sum of states
2020,11-1031,35360.0,55668.59162895928,1968441400.0,sum of states
2020,11-2011,21420.0,149151.52661064424,3194825700.0,sum of states
2020,11-2021,261000.0,153758.02681992337,40130845000.0,sum of states
2020,11-2022,391940.0,147298.957748635,57732353500.0,sum of states
2020,11-2030,77270.0,135213.62883395885,10447957100.0,sum of states
2020,11-3010,311840.0,107451.39109799897,33507641800.0,sum of states
2020,11-3021,436650.0,161460.3923050498,70501680300.0,sum of states
2020,11-3031,657670.0,151035.02866179086,99331207300.0,sum of states
2020,11-3051,176820.0,117975.37721977152,20860406200.0,sum of states
2020,11-3061,71160.0,132026.88729623385,9395033300.0,sum of states
2020,11-3071,132460.0,104961.01691076551,13903136300.0,sum of states
2020,11-3111,15080.0,137038.65384615384,2066542900.0,sum of states
2020,11-3121,158070.0,133948.89542607704,21173301900.0,sum of states
2020,11-3131,38700.0,125839.00775193798,4869969600.0,sum of states
2020,11-9013,3160.0,78958.60759493671,249509200.0,sum of states
2020,11-9021,285020.0,107144.95824854396,30538456000.0,sum of states
2020,11-9031,45480.0,55028.72251539138,2502706300.0,sum of states
2020,11-9032,251710.0,103482.2057129236,26047506000.0,sum of states
2020,11-9033,127710.0,110924.61905880511,14166183100.0,sum of states
2020,11-9039,26510.0,91531.7653715579,2426507100.0,sum of states
2020,11-9041,191210.0,157784.61116050417,30169995500.0,sum of states
2020,11-9051,197660.0,60519.82141050288,11962347900.0,sum of states
2020,11-9071,2650.0,86699.77358490566,229754400.0,sum of states
2020,11-9081,30270.0,65325.44433432441,1977401200.0,sum of states
2020,11-9111,366620.0,119761.62675249577,43907007600.0,sum of states
2020,11-9121,44280.0,141092.21093044264,6247563100.0,sum of states
2020,11-9131,13970.0,79694.31639226915,1113329600.0,sum of states
2020,11-9141,220020.0,73203.41105354059,16106214500.0,sum of states
2020,11-9151,149700.0,75172.37875751503,11253305100.0,sum of states
2020,11-9161,10260.0,83344.08382066277,855110300.0,sum of states
2020,11-9171,9140.0,88315.84245076586,807206800.0,sum of states
2020,11-9198,437780.0,124871.9142034812,54666426600.0,sum of states
2020,13-1011,6740.0,89845.3709198813,605557800.0,sum of states
2020,13-1020,424350.0,71931.8065276305,30524262100.0,sum of states
2020,13-1031,288460.0,70438.33772446787,20318642900.0,sum of states
2020,13-1032,11890.0,67942.75021026072,807839300.0,sum of states
2020,13-1041,331590.0,75307.09611266926,24971080000.0,sum of states
2020,13-1051,199800.0,72902.7082082082,14565961100.0,sum of states
2020,13-1071,650810.0,69291.53885158495,45095626400.0,sum of states
2020,13-1075,69980.0,74625.24721348957,5222274800.0,sum of states
2020,13-1081,185000.0,79685.19621621621,14741761300.0,sum of states
2020,13-1111,734950.0,97469.40649023744,71635140300.0,sum of states
2020,13-1121,110530.0,55731.83027232425,6160039200.0,sum of states
2020,13-1131,81830.0,64539.30343394843,5281251200.0,sum of states
2020,13-1141,88130.0,72516.336094406,6390864700.0,sum of states
2020,13-1151,318780.0,67382.03808269025,21480046100.0,sum of states
2020,13-1161,691700.0,73884.13705363598,51105657600.0,sum of states
2020,13-1198,1451650.0,84121.4232769607,122114864100.0,sum of states
2020,13-2011,1283680.0,81369.56725975321,104452486100.0,sum of states
2020,13-2020,55490.0,65255.435213551995,3621024100.0,sum of states
2020,13-2031,49800.0,82309.14457831325,4098995400.0,sum of states
2020,13-2041,68710.0,85407.6932033183,5868362600.0,sum of states
2020,13-2052,217400.0,122442.80358785648,26619065500.0,sum of states
2020,13-2053,100000.0,80112.857,8011285700.0,sum of states
2020,13-2061,68970.0,92146.30998985066,6355331000.0,sum of states
2020,13-2071,28740.0,50221.656228253305,1443370400.0,sum of states
2020,13-2072,308770.0,76805.19124267255,23715138900.0,sum of states
2020,13-2081,53160.0,61562.22159518435,3272647700.0,sum of states
2020,13-2082,62370.0,52549.30254930255,3277500000.0,sum of states
2020,13-2098,462140.0,96451.98532912105,44574320500.0,sum of states
2020,15-1211,575740.0,98918.58616736722,56951386800.0,sum of states
2020,15-1212,138380.0,107450.545599075,14869006500.0,sum of states
2020,15-1221,28630.0,132181.62766329024,3784360000.0,sum of states
2020,15-1231,184910.0,70929.04223676382,13115489200.0,sum of states
2020,15-1232,638860.0,56848.463982719215,36318209700.0,sum of states
2020,15-1241,158980.0,119238.71619071582,18956571100.0,sum of states
2020,15-1244,340600.0,89334.54433352906,30427345800.0,sum of states
2020,15-1245,133970.0,100955.58781816825,13525020100.0,sum of states
2020,15-1251,178320.0,95220.68752803947,16979753000.0,sum of states
2020,15-1256,1478780.0,114184.86319804162,168854292000.0,sum of states
2020,15-1257,156600.0,85380.21008939974,13370540900.0,sum of states
2020,15-1299,355550.0,96929.89874841794,34463425500.0,sum of states
2020,15-2011,20720.0,124192.14285714286,2573261200.0,sum of states
2020,15-2021,2040.0,114555.83333333333,233693900.0,sum of states
2020,15-2031,96200.0,92284.53118503118,8877771900.0,sum of states
2020,15-2041,36560.0,97275.1012035011,3556377700.0,sum of states
2020,15-2098,59480.0,103957.27639542703,6183378800.0,sum of states
2020,17-1011,104300.0,89339.51773729626,9318111700.0,sum of states
2020,17-1012,19460.0,75685.04624871531,1472831000.0,sum of states
2020,17-1021,12480.0,72477.1875,904515300.0,sum of states
2020,17-1022,42780.0,70532.55493221131,3017382700.0,sum of states
2020,17-2011,58020.0,121884.11237504309,7071716200.0,sum of states
2020,17-2021,740.0,87981.35135135135,65106200.0,sum of states
2020,17-2031,17730.0,98071.86125211506,1738814100.0,sum of states
2020,17-2041,25740.0,114400.67987567988,2944673500.0,sum of states
2020,17-2051,300520.0,95002.89032343937,28550268600.0,sum of states
2020,17-2061,57170.0,127202.08151128214,7272143000.0,sum of states
2020,17-2071,185280.0,105978.56541450777,19635708600.0,sum of states
2020,17-2072,120150.0,112340.20224719102,13497675300.0,sum of states
2020,17-2081,50500.0,96769.13861386139,4886841500.0,sum of states
2020,17-2111,23740.0,97290.34540859309,2309672800.0,sum of states
2020,17-2112,292220.0,93389.53151734994,27290288900.0,sum of states
2020,17-2121,6230.0,100331.23595505618,625063600.0,sum of states
2020,17-2131,22700.0,98711.82378854626,2240758400.0,sum of states
2020,17-2141,294670.0,95481.70631553941,28135594400.0,sum of states
2020,17-2151,5270.0,101097.40037950664,532783300.0,sum of states
2020,17-2161,8670.0,114415.57093425606,991983000.0,sum of states
2020,17-2171,27120.0,155561.2721238938,4218821700.0,sum of states
2020,17-2199,152750.0,106958.30834697218,16337881600.0,sum of states
2020,17-3011,99730.0,58983.745111801865,5882448900.0,sum of states
2020,17-3012,22520.0,65542.44227353463,1476015800.0,sum of states
2020,17-3013,51420.0,61391.97782963827,3156775500.0,sum of states
2020,17-3019,12490.0,56316.877502001604,703397800.0,sum of states
2020,17-3021,10500.0,70343.77142857143,738609600.0,sum of states
2020,17-3022,67360.0,56382.04127078385,3797894300.0,sum of states
2020,17-3023,116770.0,67997.47452256572,7940065100.0,sum of states
2020,17-3024,11920.0,62799.7399328859,748572900.0,sum of states
2020,17-3025,17160.0,56351.47435897436,966991300.0,sum of states
2020,17-3026,61120.0,59065.58736910995,3610088700.0,sum of states
2020,17-3027,39790.0,60426.90374465946,2404386500.0,sum of states
2020,17-3031,53590.0,49666.54972942713,2661630400.0,sum of states
2020,17-3098,92170.0,67625.55712270804,6233047600.0,sum of states
2020,19-1011,2070.0,70538.84057971014,146015400.0,sum of states
2020,19-1012,12500.0,80113.408,1001417600.0,sum of states
2020,19-1013,13840.0,72271.93641618497,1000243600.0,sum of states
2020,19-1021,29420.0,104755.05438477226,3081893700.0,sum of states
2020,19-1022,19330.0,91757.12881531299,1773665300.0,sum of states
2020,19-1023,17040.0,70684.28990610328,1204460300.0,sum of states
2020,19-1029,41530.0,89876.2894293282,3732562300.0,sum of states
2020,19-1031,19900.0,69235.76884422111,1377791800.0,sum of states
2020,19-1032,8510.0,66491.28084606346,565840800.0,sum of states
2020,19-1041,6840.0,81026.94444444444,554224300.0,sum of states
2020,19-1042,123240.0,101569.81418370659,12517463900.0,sum of states
2020,19-1099,5230.0,90724.14913957936,474487300.0,sum of states
2020,19-2011,820.0,142081.70731707316,116507000.0,sum of states
2020,19-2012,15320.0,137124.19060052218,2100742600.0,sum of states
2020,19-2021,8620.0,99555.64965197215,858169700.0,sum of states
2020,19-2031,83880.0,86173.38459704339,7228223500.0,sum of states
2020,19-2032,5250.0,101958.68571428572,535283100.0,sum of states
2020,19-2041,85250.0,79819.87683284457,6804644500.0,sum of states
2020,19-2042,26920.0,112937.89004457652,3040288000.0,sum of states
2020,19-2043,5720.0,90133.6013986014,515564200.0,sum of states
2020,19-2099,18240.0,108463.94188596492,1978382300.0,sum of states
2020,19-3011,15930.0,120930.71563088513,1926426300.0,sum of states
2020,19-3022,9410.0,67216.65249734325,632508700.0,sum of states
2020,19-3031,111600.0,89215.14068100358,9956409700.0,sum of states
2020,19-3032,290.0,107016.89655172414,31034900.0,sum of states
2020,19-3039,12450.0,96108.54618473895,1196551400.0,sum of states
2020,19-3041,1900.0,94655.52631578948,179845500.0,sum of states
2020,19-3051,38250.0,79359.60522875817,3035504900.0,sum of states
2020,19-3091,6240.0,69135.56089743589,431405900.0,sum of states
2020,19-3092,960.0,83853.95833333333,80499800.0,sum of states
2020,19-3093,2200.0,64465.954545454544,141825100.0,sum of states
2020,19-3094,5170.0,123818.18181818182,640140000.0,sum of states
2020,19-3099,34570.0,91281.26120914087,3155593200.0,sum of states
2020,19-4010,20500.0,45042.18536585366,923364800.0,sum of states
2020,19-4021,81160.0,49428.65450961065,4011629600.0,sum of states
2020,19-4031,64110.0,53483.33645297145,3428816700.0,sum of states
2020,19-4042,31930.0,50845.34293767616,1623491800.0,sum of states
2020,19-4045,14700.0,59769.02721088436,878604700.0,sum of states
2020,19-4051,2890.0,80416.26297577855,232403000.0,sum of states
2020,19-4061,32710.0,53552.78508101498,1751711600.0,sum of states
2020,19-4071,29550.0,42596.73773265651,1258733600.0,sum of states
2020,19-4092,15630.0,65089.34101087652,1017346400.0,sum of states
2020,19-4099,58870.0,55829.05045014439,3286656200.0,sum of states
2020,19-5011,96920.0,77765.77280231118,7537058700.0,sum of states
2020,19-5012,20170.0,57031.244422409516,1150320200.0,sum of states
2020,21-1012,293500.0,62220.934241908006,18261844200.0,sum of states
2020,21-1013,58930.0,56884.02511454268,3352175600.0,sum of states
2020,21-1015,100590.0,42047.85664578984,4229593900.0,sum of states
2020,21-1018,292750.0,51515.88078565329,15081274100.0,sum of states
2020,21-1019,26600.0,50822.44736842105,1351877100.0,sum of states
2020,21-1021,331660.0,52140.56473496955,17292939700.0,sum of states
2020,21-1022,177430.0,60287.88310883165,10696879100.0,sum of states
2020,21-1023,117150.0,54464.02390098165,6380460400.0,sum of states
2020,21-1029,60820.0,64399.09898059849,3916753200.0,sum of states
2020,21-1091,58460.0,61892.42559014711,3618231200.0,sum of states
2020,21-1092,86630.0,61656.65473854323,5341316000.0,sum of states
2020,21-1093,386410.0,38153.6091198468,14742936100.0,sum of states
2020,21-1094,57290.0,45791.632047477746,2623402600.0,sum of states
2020,21-1099,88480.0,49449.376130198914,4375280800.0,sum of states
2020,21-2011,52180.0,56505.249137600615,2948443900.0,sum of states
2020,21-2021,18700.0,51923.449197860966,970968500.0,sum of states
2020,21-2099,8290.0,40171.20627261761,333019300.0,sum of states
2020,23-1011,658790.0,148447.92574264942,97796009000.0,sum of states
2020,23-1012,10760.0,61788.62453531598,664845600.0,sum of states
2020,23-1021,14100.0,100736.90070921986,1420390300.0,sum of states
2020,23-1022,5190.0,75183.37186897881,390201700.0,sum of states
2020,23-1023,25700.0,130351.58365758754,3350035700.0,sum of states
2020,23-2011,333420.0,56570.47807570032,18861728800.0,sum of states
2020,23-2093,51600.0,53202.78100775194,2745263500.0,sum of states
2020,23-2099,39710.0,73760.63460085621,2929034800.0,sum of states
2020,25-1011,68230.0,107024.5302652792,7302283700.0,sum of states
2020,25-1021,32060.0,98482.3986275733,3157345700.0,sum of states
2020,25-1022,48870.0,86724.22958870472,4238213100.0,sum of states
2020,25-1031,5130.0,98854.1910331384,507122000.0,sum of states
2020,25-1032,24820.0,114906.18452860597,2851971500.0,sum of states
2020,25-1041,6900.0,97459.02898550725,672467300.0,sum of states
2020,25-1042,47720.0,97622.38264878458,4658540100.0,sum of states
2020,25-1043,740.0,91466.08108108108,67684900.0,sum of states
2020,25-1051,10060.0,105086.82902584493,1057173500.0,sum of states
2020,25-1052,21630.0,94378.62690707351,2041409700.0,sum of states
2020,25-1053,4330.0,96330.53117782909,417111200.0,sum of states
2020,25-1054,12500.0,101804.8,1272560000.0,sum of states
2020,25-1061,4750.0,100192.5052631579,475914400.0,sum of states
2020,25-1062,8180.0,86500.88019559902,707577200.0,sum of states
2020,25-1063,12090.0,124116.95616211745,1500574000.0,sum of states
2020,25-1064,3010.0,88393.68770764119,266065000.0,sum of states
2020,25-1065,14300.0,101608.13986013985,1452996400.0,sum of states
2020,25-1066,35610.0,90334.18702611625,3216800400.0,sum of states
2020,25-1067,12780.0,85090.48513302034,1087456400.0,sum of states
2020,25-1069,17770.0,83144.89589195274,1477484800.0,sum of states
2020,25-1071,142440.0,125636.76074136478,17895700200.0,sum of states
2020,25-1072,61430.0,83518.72537847958,5130555300.0,sum of states
2020,25-1081,55890.0,74523.97208803006,4165144800.0,sum of states
2020,25-1082,3690.0,77891.92411924119,287421200.0,sum of states
2020,25-1111,12670.0,75364.66456195738,954870300.0,sum of states
2020,25-1112,11160.0,137622.64336917564,1535868700.0,sum of states
2020,25-1113,11600.0,79155.25,918200900.0,sum of states
2020,25-1121,84750.0,85685.1598820059,7261817300.0,sum of states
2020,25-1122,28220.0,80961.70092133239,2284739200.0,sum of states
2020,25-1123,64920.0,81329.50092421442,5279911200.0,sum of states
2020,25-1124,22670.0,80607.7150419056,1827376900.0,sum of states
2020,25-1125,19690.0,85276.2468257999,1679089300.0,sum of states
2020,25-1126,21090.0,91196.04551920341,1923324600.0,sum of states
2020,25-1192,1370.0,87382.1897810219,119713600.0,sum of states
2020,25-1193,13280.0,76379.90210843373,1014325100.0,sum of states
2020,25-1194,104550.0,61530.10329985653,6432972300.0,sum of states
2020,25-1199,174620.0,85419.92956133318,14916028100.0,sum of states
2020,25-2011,374680.0,36428.98500053379,13649212100.0,sum of states
2020,25-2012,120360.0,61111.360917248254,7355363400.0,sum of states
2020,25-2021,1376320.0,65178.280341780985,89706170800.0,sum of states
2020,25-2022,602860.0,64826.31191321368,39081190400.0,sum of states
2020,25-2023,9920.0,65519.6875,649955300.0,sum of states
2020,25-2031,972600.0,66891.68887517993,65058856600.0,sum of states
2020,25-2032,74380.0,65240.79053509008,4852610000.0,sum of states
2020,25-2051,18580.0,67506.92142088267,1254278600.0,sum of states
2020,25-2052,193380.0,64449.84796773193,12463311600.0,sum of states
2020,25-2057,77560.0,66359.25605982465,5146823900.0,sum of states
2020,25-2058,136350.0,66315.85478547854,9042166800.0,sum of states
2020,25-2059,31090.0,64864.963010614345,2016651700.0,sum of states
2020,25-3011,42540.0,59718.43206393982,2540422100.0,sum of states
2020,25-3021,223680.0,47887.93052575107,10711572300.0,sum of states
2020,25-3031,491310.0,34681.40094848466,17039319100.0,sum of states
2020,25-3097,313890.0,50105.12918538341,15727499000.0,sum of states
2020,25-4011,5620.0,61453.34519572954,345367800.0,sum of states
2020,25-4012,11690.0,61777.28828058169,722176500.0,sum of states
2020,25-4013,11500.0,50458.565217391304,580273500.0,sum of states
2020,25-4022,136270.0,63355.62706391722,8633471300.0,sum of states
2020,25-4031,89610.0,39550.31246512666,3544103500.0,sum of states
2020,25-9021,7690.0,52653.10793237972,404902400.0,sum of states
2020,25-9031,176070.0,69905.71704435736,12308299600.0,sum of states
2020,25-9044,138360.0,39504.618386817,5465859000.0,sum of states
2020,25-9045,1282190.0,30554.98701440504,39177298800.0,sum of states
2020,25-9099,120800.0,50150.99337748344,6058240000.0,sum of states
2020,27-1011,40810.0,114564.90811075717,4675393900.0,sum of states
2020,27-1012,2780.0,36827.625899280574,102380800.0,sum of states
2020,27-1013,7370.0,64265.454545454544,473636400.0,sum of states
2020,27-1014,25060.0,89341.80766161213,2238905700.0,sum of states
2020,27-1019,5250.0,66177.46666666666,347431700.0,sum of states
2020,27-1021,28900.0,76368.51903114187,2207050200.0,sum of states
2020,27-1022,19900.0,88607.39195979899,1763287100.0,sum of states
2020,27-1023,36850.0,30635.614654002715,1128922400.0,sum of states
2020,27-1024,202290.0,58267.78041425676,11786989300.0,sum of states
2020,27-1025,58930.0,61362.32139826913,3616081600.0,sum of states
2020,27-1026,135020.0,34523.06399051992,4661304100.0,sum of states
2020,27-1027,10760.0,64968.420074349444,699060200.0,sum of states
2020,27-1029,10410.0,71777.59846301633,747204800.0,sum of states
2020,27-2012,119920.0,96543.53569046031,11577500800.0,sum of states
2020,27-2021,5670.0,87669.04761904762,497083500.0,sum of states
2020,27-2022,207850.0,47074.37094058215,9784408000.0,sum of states
2020,27-2023,14890.0,36345.23169912693,541180500.0,sum of states
2020,27-2032,1420.0,54472.81690140845,77351400.0,sum of states
2020,27-2041,8350.0,65177.49700598802,544232100.0,sum of states
2020,27-3011,23720.0,55130.81787521079,1307703000.0,sum of states
2020,27-3023,39750.0,65843.10691823899,2617263500.0,sum of states
2020,27-3031,245220.0,71835.92814615447,17615606300.0,sum of states
2020,27-3041,93820.0,73779.42975911319,6921986100.0,sum of states
2020,27-3042,48850.0,78455.1054247697,3832531900.0,sum of states
2020,27-3043,44170.0,78611.88589540412,3472287000.0,sum of states
2020,27-3091,55150.0,57996.116047144154,3198485800.0,sum of states
2020,27-3092,11790.0,67150.96692111959,791709900.0,sum of states
2020,27-3099,20160.0,55802.82738095238,1124985000.0,sum of states
2020,27-4011,61900.0,53271.715670436184,3297519200.0,sum of states
2020,27-4012,25580.0,48919.60516028147,1251363500.0,sum of states
2020,27-4014,10310.0,67801.65858389913,699035100.0,sum of states
2020,27-4021,40990.0,50187.59209563308,2057189400.0,sum of states
2020,27-4031,19980.0,67394.13913913914,1346534900.0,sum of states
2020,27-4032,21780.0,84587.74563820018,1842321100.0,sum of states
2020,27-4098,18710.0,74438.41795831107,1392742800.0,sum of states
2020,29-1011,34840.0,83780.26119402985,2918904300.0,sum of states
2020,29-1021,95220.0,180405.13967653853,17178177400.0,sum of states
2020,29-1022,1470.0,200104.21768707482,294153200.0,sum of states
2020,29-1023,1570.0,226125.41401273885,355016900.0,sum of states
2020,29-1029,3870.0,182371.93798449612,705779400.0,sum of states
2020,29-1031,66920.0,63979.42020322773,4281502800.0,sum of states
2020,29-1041,35960.0,125302.67797552836,4505884300.0,sum of states
2020,29-1051,317400.0,125277.44896030246,39763062300.0,sum of states
2020,29-1071,125340.0,116073.75698101165,14548684700.0,sum of states
2020,29-1081,8770.0,147320.88939566704,1292004200.0,sum of states
2020,29-1122,126930.0,87376.91641062003,11090752000.0,sum of states
2020,29-1123,221360.0,91581.94615106613,20272579600.0,sum of states
2020,29-1124,16870.0,93501.41671606402,1577368900.0,sum of states
2020,29-1125,18770.0,51735.96696856686,971084100.0,sum of states
2020,29-1126,132500.0,65458.24377358491,8673217300.0,sum of states
2020,29-1127,148620.0,83202.27627506392,12365522300.0,sum of states
2020,29-1128,7070.0,54099.90099009901,382486300.0,sum of states
2020,29-1129,10610.0,61588.53911404336,653454400.0,sum of states
2020,29-1131,73860.0,108291.22529109125,7998389900.0,sum of states
2020,29-1141,3006970.0,79723.27795089409,239725505100.0,sum of states
2020,29-1151,41230.0,188010.98471986418,7751692900.0,sum of states
2020,29-1161,6560.0,114429.71036585367,750658900.0,sum of states
2020,29-1171,211330.0,114499.61150806794,24197202900.0,sum of states
2020,29-1181,11480.0,86082.24738675958,988224200.0,sum of states
2020,29-1211,14690.0,259960.53778080328,3818820300.0,sum of states
2020,29-1215,98010.0,214025.94123048667,20976682500.0,sum of states
2020,29-1216,49780.0,209715.45198875052,10439635200.0,sum of states
2020,29-1218,17610.0,237990.20442930152,4191007500.0,sum of states
2020,29-1221,26120.0,187318.41500765696,4892757000.0,sum of states
2020,29-1223,24850.0,217206.9134808853,5397591800.0,sum of states
2020,29-1228,375580.0,218833.63145002397,82189535300.0,sum of states
2020,29-1248,34230.0,246608.14490213263,8441396800.0,sum of states
2020,29-1292,194810.0,78052.44699964067,15205397200.0,sum of states
2020,29-1298,35460.0,96597.69881556684,3425354400.0,sum of states
2020,29-2010,329770.0,55749.98726385056,18384673300.0,sum of states
2020,29-2031,56210.0,60662.58850738303,3409844100.0,sum of states
2020,29-2032,74510.0,77377.21648100927,5765376400.0,sum of states
2020,29-2033,17580.0,81826.00682593857,1438501200.0,sum of states
2020,29-2034,208000.0,64610.210096153845,13438923700.0,sum of states
2020,29-2035,39510.0,75719.58491521134,2991680800.0,sum of states
2020,29-2040,259910.0,40211.55399946135,10451385000.0,sum of states
2020,29-2051,26400.0,32925.22348484849,869225900.0,sum of states
2020,29-2052,420800.0,36287.25784220533,15269678100.0,sum of states
2020,29-2053,84720.0,37981.82837582625,3217820500.0,sum of states
2020,29-2055,108460.0,51220.945970864836,5555423800.0,sum of states
2020,29-2056,109650.0,37846.03465572275,4149817700.0,sum of states
2020,29-2057,60030.0,39977.324670997834,2399838800.0,sum of states
2020,29-2061,681040.0,49924.88282626571,34000842200.0,sum of states
2020,29-2081,69180.0,41082.791269152935,2842107500.0,sum of states
2020,29-2091,9190.0,74471.76278563656,684395500.0,sum of states
2020,29-2092,6230.0,54886.75762439807,341944500.0,sum of states
2020,29-2098,320240.0,48128.07019735198,15412533200.0,sum of states
2020,29-9091,27290.0,52280.65591791865,1426739100.0,sum of states
2020,29-9092,1820.0,92077.85714285714,167581700.0,sum of states
2020,29-9098,76070.0,60857.295911660316,4629414500.0,sum of states
2020,31-1120,3218290.0,28036.935639734143,90230989600.0,sum of states
2020,31-1131,1372300.0,32042.939590468555,43972526000.0,sum of states
2020,31-1132,42630.0,31689.983579638752,1350944000.0,sum of states
2020,31-1133,41350.0,33803.53325272068,1397776100.0,sum of states
2020,31-2011,42780.0,63385.876577840114,2711647800.0,sum of states
2020,31-2012,5040.0,33221.468253968254,167436200.0,sum of states
2020,31-2021,93090.0,59195.13588999893,5510475200.0,sum of states
2020,31-2022,45660.0,30054.165571616293,1372273200.0,sum of states
2020,31-9011,84940.0,47257.83141040734,4014080200.0,sum of states
2020,31-9091,314500.0,42152.456597774246,13256947600.0,sum of states
2020,31-9092,711120.0,36915.94892563843,26251669600.0,sum of states
2020,31-9093,57140.0,40995.39201960098,2342476700.0,sum of states
2020,31-9094,49570.0,37286.95380270325,1848314300.0,sum of states
2020,31-9095,39590.0,31805.94342005557,1259197300.0,sum of states
2020,31-9096,99100.0,30903.885973763874,3062575100.0,sum of states
2020,31-9097,127850.0,37216.09933515839,4758078300.0,sum of states
2020,31-9099,88070.0,41569.176791188824,3660997400.0,sum of states
2020,33-1011,42310.0,71792.96856535098,3037560500.0,sum of states
2020,33-1012,125010.0,96030.44556435486,12004766000.0,sum of states
2020,33-1021,68700.0,82918.61426491995,5696508800.0,sum of states
2020,33-1090,79720.0,54988.77195183141,4383704900.0,sum of states
2020,33-2011,310870.0,56168.224981503525,17461016100.0,sum of states
2020,33-2021,12280.0,67669.03908794788,830975800.0,sum of states
2020,33-2022,2380.0,52268.529411764706,124399100.0,sum of states
2020,33-3011,17150.0,49121.86005830904,842439900.0,sum of states
2020,33-3012,361540.0,50601.887757924436,18294606500.0,sum of states
2020,33-3021,103370.0,88119.52790945148,9108915600.0,sum of states
2020,33-3031,5830.0,57646.27787307033,336077800.0,sum of states
2020,33-3041,6800.0,45125.75,306855100.0,sum of states
2020,33-3051,667960.0,69367.48173543326,46334703100.0,sum of states
2020,33-3052,2820.0,70351.45390070922,198391100.0,sum of states
2020,33-9011,11410.0,40549.92112182296,462674600.0,sum of states
2020,33-9021,24070.0,58727.9102617366,1413580800.0,sum of states
2020,33-9031,7470.0,39000.76305220884,291335700.0,sum of states
2020,33-9032,1081090.0,33993.37973711717,36749902900.0,sum of states
2020,33-9091,80460.0,33341.520009942826,2682658700.0,sum of states
2020,33-9092,110930.0,27106.209321193546,3006891800.0,sum of states
2020,33-9093,35520.0,43763.46565315315,1554478300.0,sum of states
2020,33-9098,144280.0,36027.22206820072,5198007600.0,sum of states
2020,35-1011,102090.0,58614.54109119404,5983958500.0,sum of states
2020,35-1012,898630.0,37768.21650735008,33939652400.0,sum of states
2020,35-2011,547330.0,24251.857563078946,13273769200.0,sum of states
2020,35-2012,393790.0,29841.221463216436,11751174600.0,sum of states
2020,35-2013,180.0,35690.0,6424200.0,sum of states
2020,35-2014,1115900.0,29476.58723899991,32892923700.0,sum of states
2020,35-2015,122210.0,26888.768513214956,3286076400.0,sum of states
2020,35-2019,18090.0,32267.66169154229,583722000.0,sum of states
2020,35-2021,800090.0,26737.713882188255,21392577500.0,sum of states
2020,35-3011,488240.0,28885.128215631656,14102875000.0,sum of states
2020,35-3023,3469830.0,24501.498978336116,85016036200.0,sum of states
2020,35-3031,1955060.0,27420.36290446329,53608454700.0,sum of states
2020,35-3041,253290.0,27459.827075684,6955299600.0,sum of states
2020,35-9011,375660.0,26285.97854442847,9874590700.0,sum of states
2020,35-9021,398060.0,25559.25086670351,10174115400.0,sum of states
2020,35-9031,318070.0,24774.022070613388,7879873200.0,sum of states
2020,35-9099,68370.0,27857.52815562381,1904619200.0,sum of states
2020,37-1011,142990.0,45273.96391356039,6473724100.0,sum of states
2020,37-1012,102460.0,53819.200663673626,5514315300.0,sum of states
2020,37-2011,2017650.0,31258.078854112457,63067862800.0,sum of states
2020,37-2012,799180.0,27974.65902550114,22356788000.0,sum of states
2020,37-2019,4390.0,35451.54897494305,155632300.0,sum of states
2020,37-2021,79790.0,40287.5736307808,3214545500.0,sum of states
2020,37-3011,879180.0,33702.29497941263,29630383700.0,sum of states
2020,37-3012,20880.0,38326.52777777778,800257900.0,sum of states
2020,37-3013,44090.0,42935.18031299614,1893012100.0,sum of states
2020,37-3019,13330.0,39177.36684171043,522234300.0,sum of states
2020,39-1013,18280.0,50927.34682713348,930951900.0,sum of states
2020,39-1098,175610.0,45741.20551221457,8032613100.0,sum of states
2020,39-2011,13770.0,38434.12490922295,529237900.0,sum of states
2020,39-2021,193810.0,28377.536762808937,5499850400.0,sum of states
2020,39-3011,57000.0,26178.97192982456,1492201400.0,sum of states
2020,39-3012,6540.0,26261.788990825688,171752100.0,sum of states
2020,39-3019,7340.0,32639.318801089918,239572600.0,sum of states
2020,39-3021,1930.0,34811.709844559584,67186600.0,sum of states
2020,39-3031,94920.0,26258.784239359462,2492483800.0,sum of states
2020,39-3091,248880.0,25597.31517197043,6370659800.0,sum of states
2020,39-3092,4830.0,52376.93581780538,252980600.0,sum of states
2020,39-3093,11100.0,28911.00900900901,320912200.0,sum of states
2020,39-3099,2720.0,33112.97794117647,90067300.0,sum of states
2020,39-4011,3150.0,50051.65079365079,157662700.0,sum of states
2020,39-4021,32630.0,31030.024517315353,1012509700.0,sum of states
2020,39-4031,24580.0,58952.48576078112,1449052100.0,sum of states
2020,39-5011,9770.0,37037.8198567042,361859500.0,sum of states
2020,39-5012,303150.0,32728.510638297874,9921648000.0,sum of states
2020,39-5091,2030.0,112210.59113300493,227787500.0,sum of states
2020,39-5092,71810.0,29004.77370839716,2082832800.0,sum of states
2020,39-5093,7790.0,24301.42490372272,189308100.0,sum of states
2020,39-5094,46850.0,41069.57737459979,1924109700.0,sum of states
2020,39-6011,28390.0,29051.63790066925,824776000.0,sum of states
2020,39-6012,36740.0,35221.07512248231,1294022300.0,sum of states
2020,39-7010,38520.0,32076.007268951194,1235567800.0,sum of states
2020,39-9011,496340.0,26761.690977958657,13282897700.0,sum of states
2020,39-9031,248160.0,45636.58607350097,11325175200.0,sum of states
2020,39-9032,326700.0,30924.3125191307,10102972900.0,sum of states
2020,39-9041,102520.0,33423.63928989466,3426591500.0,sum of states
2020,39-9098,55300.0,30606.48643761302,1692538700.0,sum of states
2020,41-1011,1073840.0,47138.97545258139,50619717400.0,sum of states
2020,41-1012,242260.0,89746.64079914142,21742021200.0,sum of states
2020,41-2011,3363980.0,25658.438813548237,86314475000.0,sum of states
2020,41-2012,13140.0,28714.27701674277,377305600.0,sum of states
2020,41-2021,370570.0,34622.23601478803,12829962000.0,sum of states
2020,41-2022,256650.0,36180.30469511007,9285675200.0,sum of states
2020,41-2031,3692960.0,30853.130361552794,113939376300.0,sum of states
2020,41-3011,110520.0,67892.42761491133,7503471100.0,sum of states
2020,41-3021,411180.0,68900.26679313196,28330411700.0,sum of states
2020,41-3031,431290.0,96891.27222982216,41788236800.0,sum of states
2020,41-3041,54620.0,46131.047235444894,2519677800.0,sum of states
2020,41-3091,978960.0,70429.66362261992,68947823500.0,sum of states
2020,41-4011,280230.0,98777.6986760875,27680474500.0,sum of states
2020,41-4012,1286110.0,73252.98007168905,94211390200.0,sum of states
2020,41-9011,67190.0,37028.653073374015,2487955200.0,sum of states
2020,41-9012,60.0,36230.0,2173800.0,sum of states
2020,41-9021,38360.0,77896.23044838374,2988099400.0,sum of states
2020,41-9022,165790.0,62915.49490319078,10430759900.0,sum of states
2020,41-9031,63280.0,117332.01327433628,7424769800.0,sum of states
2020,41-9041,117460.0,30758.6523071684,3612911300.0,sum of states
2020,41-9091,5880.0,38580.816326530614,226855200.0,sum of states
2020,41-9099,116050.0,42430.332615252046,4924040100.0,sum of states
2020,43-1011,1443300.0,61728.27998337144,89092426500.0,sum of states
2020,43-2011,57130.0,34156.17188867495,1951342100.0,sum of states
2020,43-2021,3740.0,37803.021390374335,141383300.0,sum of states
2020,43-2099,880.0,46742.045454545456,41133000.0,sum of states
2020,43-3011,224700.0,40434.83133066311,9085706600.0,sum of states
2020,43-3021,449510.0,41433.425285310674,18624739000.0,sum of states
2020,43-3031,1452800.0,43985.61515693833,63902301700.0,sum of states
2020,43-3041,9660.0,29602.505175983435,285960200.0,sum of states
2020,43-3051,134680.0,48172.41312741313,6487860600.0,sum of states
2020,43-3061,61600.0,45248.457792207795,2787305000.0,sum of states
2020,43-3071,426620.0,32873.41756129577,14024457400.0,sum of states
2020,43-3099,30380.0,46310.559578670174,1406914800.0,sum of states
2020,43-4011,43610.0,58555.68676908966,2553613500.0,sum of states
2020,43-4021,5590.0,40059.8747763864,223934700.0,sum of states
2020,43-4031,156090.0,43488.17413030944,6788069100.0,sum of states
2020,43-4041,21850.0,43541.83066361556,951389000.0,sum of states
2020,43-4051,2851580.0,38411.2668064722,109532800200.0,sum of states
2020,43-4061,137360.0,47718.760920209665,6554649000.0,sum of states
2020,43-4071,92010.0,36084.760352135636,3320158800.0,sum of states
2020,43-4081,223450.0,26883.187290221525,6007048200.0,sum of states
2020,43-4111,174970.0,37521.90146882323,6565207100.0,sum of states
2020,43-4121,84360.0,30718.622569938358,2591423000.0,sum of states
2020,43-4131,206130.0,42588.11526706447,8778688200.0,sum of states
2020,43-4141,41880.0,38355.962273161414,1606347700.0,sum of states
2020,43-4151,119810.0,37641.53493030632,4509832300.0,sum of states
2020,43-4161,110480.0,43831.23732802317,4842475100.0,sum of states
2020,43-4171,971570.0,32374.210813425692,31453812000.0,sum of states
2020,43-4181,104340.0,45467.262794709604,4744054200.0,sum of states
2020,43-4199,150850.0,43684.043089161416,6589737900.0,sum of states
2020,43-5011,96310.0,46795.42311286471,4506867200.0,sum of states
2020,43-5021,72680.0,32513.607594936708,2363089000.0,sum of states
2020,43-5031,93350.0,45692.519550080346,4265396700.0,sum of states
2020,43-5032,189770.0,44716.907835801234,8485927600.0,sum of states
2020,43-5041,25540.0,46121.01409553641,1177930700.0,sum of states
2020,43-5051,87950.0,51194.880045480386,4502589700.0,sum of states
2020,43-5052,334810.0,53169.747319375165,17801763100.0,sum of states
2020,43-5053,106070.0,51406.14499858584,5452649800.0,sum of states
2020,43-5061,363510.0,51948.756567907345,18883892500.0,sum of states
2020,43-5071,730630.0,37159.1037871426,27149556000.0,sum of states
2020,43-5111,57620.0,37864.03158625477,2181725500.0,sum of states
2020,43-6011,511980.0,64694.77577249111,33122431300.0,sum of states
2020,43-6012,164610.0,52171.7623473665,8587993800.0,sum of states
2020,43-6013,595270.0,38873.1788936113,23140037200.0,sum of states
2020,43-6014,1868790.0,40261.67562968552,75240616800.0,sum of states
2020,43-9021,153550.0,35672.56593943341,5477522500.0,sum of states
2020,43-9022,44510.0,41886.915299932596,1864386600.0,sum of states
2020,43-9031,6000.0,49982.25,299893500.0,sum of states
2020,43-9041,238810.0,44867.156735480086,10714725700.0,sum of states
2020,43-9051,78840.0,33697.72323693556,2656728500.0,sum of states
2020,43-9061,2808480.0,37657.32737993506,105759850800.0,sum of states
2020,43-9071,40250.0,36655.60745341615,1475388200.0,sum of states
2020,43-9081,5390.0,46538.144712430425,250840600.0,sum of states
2020,43-9111,8470.0,51261.47579693034,434184700.0,sum of states
2020,43-9199,160850.0,40173.6263599627,6461927800.0,sum of states
2020,45-1011,22630.0,54257.998232434824,1227858500.0,sum of states
2020,45-2011,12220.0,48099.697217675945,587778300.0,sum of states
2020,45-2021,520.0,43925.57692307692,22841300.0,sum of states
2020,45-2041,25610.0,28692.338930105427,734810800.0,sum of states
2020,45-2091,29120.0,33941.943681318684,988389400.0,sum of states
2020,45-2092,293560.0,30117.632851887178,8841332300.0,sum of states
2020,45-2093,36660.0,30972.073104200765,1135436200.0,sum of states
2020,45-2099,5570.0,33683.89587073609,187619300.0,sum of states
2020,45-4011,5710.0,33822.889667250434,193128700.0,sum of states
2020,45-4021,2420.0,50115.04132231405,121278400.0,sum of states
2020,45-4022,25200.0,43425.34126984127,1094318600.0,sum of states
2020,45-4023,3160.0,38675.98101265823,122216100.0,sum of states
2020,45-4029,2820.0,44884.397163120564,126574000.0,sum of states
2020,47-1011,618540.0,72725.01956219485,44983333600.0,sum of states
2020,47-2011,12200.0,66894.5737704918,816113800.0,sum of states
2020,47-2021,59910.0,58374.733767317644,3497230300.0,sum of states
2020,47-2022,10110.0,48071.90900098912,486007000.0,sum of states
2020,47-2031,702790.0,54067.68650663783,37998229400.0,sum of states
2020,47-2041,21080.0,46347.97912713473,977015400.0,sum of states
2020,47-2042,13830.0,49892.99349240781,690020100.0,sum of states
2020,47-2043,2710.0,43131.512915129155,116886400.0,sum of states
2020,47-2044,36780.0,48224.93474714519,1773713100.0,sum of states
2020,47-2051,196630.0,49257.83502008849,9685568100.0,sum of states
2020,47-2053,1780.0,54254.32584269663,96572700.0,sum of states
2020,47-2061,980100.0,42816.96449341904,41964906900.0,sum of states
2020,47-2071,43520.0,46500.50321691176,2023701900.0,sum of states
2020,47-2072,2880.0,72152.43055555556,207799000.0,sum of states
2020,47-2073,404800.0,55140.877717391304,22321027300.0,sum of states
2020,47-2081,99720.0,51853.78961091055,5170859900.0,sum of states
2020,47-2082,14700.0,62660.78911564626,921113600.0,sum of states
2020,47-2111,658790.0,61457.39476919807,40487517100.0,sum of states
2020,47-2121,51700.0,50939.59574468085,2633577100.0,sum of states
2020,47-2131,30670.0,46428.57841538963,1423964500.0,sum of states
2020,47-2132,26100.0,55350.14942528736,1444638900.0,sum of states
2020,47-2141,218960.0,46367.45295944465,10152617500.0,sum of states
2020,47-2142,1480.0,48052.43243243243,71117600.0,sum of states
2020,47-2151,33580.0,45073.814770696845,1513578700.0,sum of states
2020,47-2152,418660.0,61012.40027707448,25543451500.0,sum of states
2020,47-2161,21860.0,52129.583714547116,1139552700.0,sum of states
2020,47-2171,17430.0,54526.41996557659,950395500.0,sum of states
2020,47-2181,129160.0,46927.92815113038,6061211200.0,sum of states
2020,47-2211,127810.0,55217.59330255848,7057360600.0,sum of states
2020,47-2221,71720.0,58447.675683212496,4191867300.0,sum of states
2020,47-2231,9890.0,48186.31951466127,476562700.0,sum of states
2020,47-3011,21190.0,40102.067012741856,849762800.0,sum of states
2020,47-3012,30810.0,34915.61506004544,1075750100.0,sum of states
2020,47-3013,74670.0,35144.46899691978,2624237500.0,sum of states
2020,47-3014,7770.0,33617.657657657655,261209200.0,sum of states
2020,47-3015,55690.0,34937.231100736215,1945654400.0,sum of states
2020,47-3016,5770.0,33430.207972270364,192892300.0,sum of states
2020,47-3019,28140.0,34838.951670220325,980368100.0,sum of states
2020,47-4011,114300.0,66304.1697287839,7578566600.0,sum of states
2020,47-4021,22180.0,86635.73940486925,1921580700.0,sum of states
2020,47-4031,23650.0,40287.429175475685,952797700.0,sum of states
2020,47-4041,41630.0,49572.12587076627,2063687600.0,sum of states
2020,47-4051,153110.0,42654.424923257786,6530819000.0,sum of states
2020,47-4061,11950.0,58748.49372384937,702044500.0,sum of states
2020,47-4071,29040.0,43941.09848484849,1276049500.0,sum of states
2020,47-4090,31760.0,44107.34886649874,1400849400.0,sum of states
2020,47-5011,7840.0,50595.95663265306,396672300.0,sum of states
2020,47-5012,14870.0,59490.57162071284,884624800.0,sum of states
2020,47-5013,42360.0,52440.72001888574,2221388900.0,sum of states
2020,47-5022,39560.0,48540.44236602629,1920259900.0,sum of states
2020,47-5041,13410.0,58345.47352721849,782412800.0,sum of states
2020,47-5043,1310.0,62730.99236641221,82177600.0,sum of states
2020,47-5044,1980.0,55676.969696969696,110240400.0,sum of states
2020,47-5051,4050.0,38260.61728395062,154955500.0,sum of states
2020,47-5071,43860.0,42207.439580483355,1851218300.0,sum of states
2020,47-5081,11220.0,39005.561497326205,437642400.0,sum of states
2020,47-5097,22570.0,50936.61940629154,1149639500.0,sum of states
2020,47-5098,8150.0,55240.58895705522,450210800.0,sum of states
2020,49-1011,477780.0,72925.57369500607,34842380600.0,sum of states
2020,49-2011,92270.0,43738.53148368917,4035754300.0,sum of states
2020,49-2021,12300.0,60830.43089430894,748214300.0,sum of states
2020,49-2022,191340.0,61862.36855858681,11836745600.0,sum of states
2020,49-2091,20340.0,69580.54572271387,1415268300.0,sum of states
2020,49-2092,15070.0,48966.61579296616,737926900.0,sum of states
2020,49-2093,9210.0,70880.57546145494,652810100.0,sum of states
2020,49-2094,53340.0,62915.984251968504,3355938600.0,sum of states
2020,49-2095,22580.0,83042.32506643047,1875095700.0,sum of states
2020,49-2096,6910.0,40853.08248914617,282294800.0,sum of states
2020,49-2097,24360.0,45026.7816091954,1096852400.0,sum of states
2020,49-2098,69560.0,51890.22426682001,3609484000.0,sum of states
2020,49-3011,122410.0,68313.15742177927,8362213600.0,sum of states
2020,49-3021,137710.0,49328.36322707138,6793008900.0,sum of states
2020,49-3022,17400.0,39668.54022988506,690232600.0,sum of states
2020,49-3023,622880.0,46660.259279475984,29063742300.0,sum of states
2020,49-3031,254500.0,51948.7021611002,13220944700.0,sum of states
2020,49-3041,35540.0,45357.66178953292,1612011300.0,sum of states
2020,49-3042,148130.0,56927.628434483224,8432689600.0,sum of states
2020,49-3043,19840.0,58817.03125,1166929900.0,sum of states
2020,49-3051,19930.0,45617.119919719014,909149200.0,sum of states
2020,49-3052,13220.0,40446.30105900151,534700100.0,sum of states
2020,49-3053,31490.0,39092.27691330581,1231015800.0,sum of states
2020,49-3091,8820.0,33611.24716553288,296451200.0,sum of states
2020,49-3092,14040.0,44115.66239316239,619383900.0,sum of states
2020,49-3093,98630.0,31787.79884416506,3135230600.0,sum of states
2020,49-9011,20200.0,45695.925742574254,923057700.0,sum of states
2020,49-9012,50740.0,62246.55104454079,3158390000.0,sum of states
2020,49-9021,345680.0,53296.61768109234,18423574800.0,sum of states
2020,49-9031,27490.0,43824.22335394689,1204727900.0,sum of states
2020,49-9041,388860.0,57157.26791133056,22226175200.0,sum of states
2020,49-9043,65580.0,51823.7450442208,3398601200.0,sum of states
2020,49-9044,43950.0,59044.200227531284,2594992600.0,sum of states
2020,49-9045,440.0,56900.454545454544,25036200.0,sum of states
2020,49-9051,115000.0,74401.07739130435,8556123900.0,sum of states
2020,49-9052,122750.0,61327.63747454175,7527967500.0,sum of states
2020,49-9061,2610.0,43531.685823754786,113617700.0,sum of states
2020,49-9062,48560.0,54794.98558484349,2660844500.0,sum of states
2020,49-9063,5890.0,39608.590831918504,233294600.0,sum of states
2020,49-9064,1310.0,52362.36641221374,68594700.0,sum of states
2020,49-9069,9700.0,62423.82474226804,605511100.0,sum of states
2020,49-9071,1368300.0,43633.54469049185,59703779200.0,sum of states
2020,49-9081,4880.0,58980.55327868852,287825100.0,sum of states
2020,49-9091,25050.0,39483.41716566866,989059600.0,sum of states
2020,49-9092,1550.0,64747.22580645161,100358200.0,sum of states
2020,49-9094,14670.0,46246.72119972733,678439400.0,sum of states
2020,49-9095,1720.0,35565.58139534884,61172800.0,sum of states
2020,49-9096,21180.0,52630.30217186025,1114709800.0,sum of states
2020,49-9097,4790.0,78521.71189979123,376119000.0,sum of states
2020,49-9098,93130.0,33763.935359175346,3144435300.0,sum of states
2020,49-9099,151810.0,46084.341611224554,6996063900.0,sum of states
2020,51-1011,604450.0,66627.6628339813,40273090800.0,sum of states
2020,51-2011,17290.0,55291.55581260844,955991000.0,sum of states
2020,51-2021,10850.0,40258.866359447005,436808700.0,sum of states
2020,51-2028,274030.0,38307.164179104475,10497312200.0,sum of states
2020,51-2031,32160.0,46829.574004975126,1506039100.0,sum of states
2020,51-2041,67190.0,43928.27504092871,2951540800.0,sum of states
2020,51-2051,16890.0,38430.941385435166,649098600.0,sum of states
2020,51-2061,320.0,33712.5,10788000.0,sum of states
2020,51-2090,1269150.0,35853.93089863294,45504016400.0,sum of states
2020,51-3011,170400.0,30935.54694835681,5271417200.0,sum of states
2020,51-3021,144270.0,34378.05780827615,4959722400.0,sum of states
2020,51-3022,146850.0,30786.111678583587,4520940500.0,sum of states
2020,51-3023,75360.0,31139.60456475584,2346680600.0,sum of states
2020,51-3091,17830.0,35277.206954570946,628992600.0,sum of states
2020,51-3092,151130.0,34843.06689604976,5265832700.0,sum of states
2020,51-3093,24500.0,34202.57959183674,837963200.0,sum of states
2020,51-3099,40360.0,30603.3325074331,1235150500.0,sum of states
2020,51-4021,65990.0,38909.49537808759,2567637600.0,sum of states
2020,51-4022,10990.0,43344.88626023658,476360300.0,sum of states
2020,51-4023,23010.0,43769.50021729683,1007136200.0,sum of states
2020,51-4031,179960.0,38585.204489886644,6943793400.0,sum of states
2020,51-4032,7780.0,42177.03084832905,328137300.0,sum of states
2020,51-4033,69130.0,38761.02271083466,2679549500.0,sum of states
2020,51-4034,23440.0,43061.80034129693,1009368600.0,sum of states
2020,51-4035,12650.0,43768.14229249012,553667000.0,sum of states
2020,51-4041,353530.0,47643.274403869545,16843326800.0,sum of states
2020,51-4051,13440.0,45473.60119047619,611165200.0,sum of states
2020,51-4052,6090.0,42739.146141215104,260281400.0,sum of states
2020,51-4061,2680.0,60915.63432835821,163253900.0,sum of states
2020,51-4062,2020.0,50091.732673267325,101185300.0,sum of states
2020,51-4071,14660.0,38245.34106412005,560676700.0,sum of states
2020,51-4072,153010.0,35756.83027253121,5471152600.0,sum of states
2020,51-4081,132600.0,39677.30392156863,5261210500.0,sum of states
2020,51-4111,61490.0,55367.83054155147,3404567900.0,sum of states
2020,51-4121,399250.0,46637.33500313087,18619956000.0,sum of states
2020,51-4122,31800.0,41456.82389937107,1318327000.0,sum of states
2020,51-4191,16370.0,41687.483200977396,682424100.0,sum of states
2020,51-4192,5590.0,50081.07334525939,279953200.0,sum of states
2020,51-4193,38360.0,36927.41136600626,1416535500.0,sum of states
2020,51-4194,4630.0,44496.76025917927,206020000.0,sum of states
2020,51-4199,20640.0,39571.03197674418,816746100.0,sum of states
2020,51-5111,27370.0,43276.00657654366,1184464300.0,sum of states
2020,51-5112,161010.0,40145.69343519036,6463858100.0,sum of states
2020,51-5113,41990.0,36130.34770183377,1517113300.0,sum of states
2020,51-6011,180710.0,26572.899120137237,4801988600.0,sum of states
2020,51-6021,31760.0,25994.981108312342,825600600.0,sum of states
2020,51-6031,121210.0,28959.851497401203,3510223600.0,sum of states
2020,51-6041,6010.0,30945.440931780366,185982100.0,sum of states
2020,51-6042,610.0,31295.409836065573,19090200.0,sum of states
2020,51-6051,2390.0,30428.66108786611,72724500.0,sum of states
2020,51-6052,18420.0,36267.47557003258,668046900.0,sum of states
2020,51-6061,6030.0,31248.14262023217,188426300.0,sum of states
2020,51-6062,11050.0,30457.511312217193,336555500.0,sum of states
2020,51-6063,17860.0,32421.23740201568,579043300.0,sum of states
2020,51-6064,23580.0,31971.505513146734,753888100.0,sum of states
2020,51-6091,13590.0,38660.7799852833,525400000.0,sum of states
2020,51-6092,3290.0,62565.77507598784,205841400.0,sum of states
2020,51-6093,24200.0,37856.847107438014,916135700.0,sum of states
2020,51-6099,13300.0,30817.51879699248,409873000.0,sum of states
2020,51-7011,93720.0,38822.28233034571,3638424300.0,sum of states
2020,51-7021,14970.0,35094.32865731463,525362100.0,sum of states
2020,51-7031,50.0,69280.0,3464000.0,sum of states
2020,51-7041,48000.0,33209.13958333333,1594038700.0,sum of states
2020,51-7042,74860.0,33522.83462463265,2509519400.0,sum of states
2020,51-7099,6690.0,35413.18385650224,236914200.0,sum of states
2020,51-8011,1480.0,106881.95945945945,158185300.0,sum of states
2020,51-8012,9250.0,93275.22162162162,862795800.0,sum of states
2020,51-8013,31870.0,81861.9579541889,2608940600.0,sum of states
2020,51-8021,29630.0,68081.10361120486,2017243100.0,sum of states
2020,51-8031,118550.0,51751.690425980596,6135162900.0,sum of states
2020,51-8091,26910.0,64467.23894463025,1734813400.0,sum of states
2020,51-8092,13310.0,72667.10743801652,967199200.0,sum of states
2020,51-8093,39580.0,77711.94290045477,3075838700.0,sum of states
2020,51-8099,13910.0,59631.79726815241,829478300.0,sum of states
2020,51-9011,93790.0,53180.89775029321,4987836400.0,sum of states
2020,51-9012,46570.0,46788.222031350655,2178927500.0,sum of states
2020,51-9021,32480.0,41203.38362068965,1338285900.0,sum of states
2020,51-9022,23340.0,34349.151670951156,801709200.0,sum of states
2020,51-9023,117960.0,40812.592404204814,4814253400.0,sum of states
2020,51-9031,6980.0,34590.30085959885,241440300.0,sum of states
2020,51-9032,52680.0,38216.1370539104,2013226100.0,sum of states
2020,51-9041,62540.0,38395.052766229615,2401226600.0,sum of states
2020,51-9051,16520.0,41892.094430992736,692057400.0,sum of states
2020,51-9061,552570.0,44504.023743598096,24591588400.0,sum of states
2020,51-9071,17960.0,47924.89977728285,860731200.0,sum of states
2020,51-9081,30740.0,45168.07742355237,1388466700.0,sum of states
2020,51-9082,12510.0,46045.17186250999,576025100.0,sum of states
2020,51-9083,25860.0,36605.39443155452,946615500.0,sum of states
2020,51-9111,375910.0,35066.13710728632,13181711600.0,sum of states
2020,51-9123,11460.0,37538.57766143107,430192100.0,sum of states
2020,51-9124,137680.0,42114.402963393375,5798311000.0,sum of states
2020,51-9141,21730.0,42600.888173032676,925717300.0,sum of states
2020,51-9151,6650.0,38413.32330827068,255448600.0,sum of states
2020,51-9161,149120.0,44295.31317060086,6605317100.0,sum of states
2020,51-9162,25290.0,61096.51640964808,1545130900.0,sum of states
2020,51-9191,11380.0,37509.81546572935,426861700.0,sum of states
2020,51-9192,14090.0,34445.27324343506,485333900.0,sum of states
2020,51-9193,7510.0,39639.64047936085,297693700.0,sum of states
2020,51-9194,8620.0,34428.13225058005,296770500.0,sum of states
2020,51-9195,40890.0,37189.24920518464,1520668400.0,sum of states
2020,51-9196,99290.0,41420.49249672676,4112640700.0,sum of states
2020,51-9197,8220.0,42040.279805352795,345571100.0,sum of states
2020,51-9198,241720.0,31887.47352308456,7707840100.0,sum of states
2020,51-9199,194100.0,35505.72024729521,6891660300.0,sum of states
2020,53-1041,8530.0,59426.8347010551,506910900.0,sum of states
2020,53-1047,480480.0,58152.03858641359,27940891500.0,sum of states
2020,53-2011,58270.0,199185.45048910246,11606536200.0,sum of states
2020,53-2012,33300.0,108733.77477477478,3620834700.0,sum of states
2020,53-2021,18740.0,126244.22625400213,2365816800.0,sum of states
2020,53-2022,7650.0,60349.05882352941,461670300.0,sum of states
2020,53-2031,94440.0,57819.68233799237,5460490800.0,sum of states
2020,53-3011,13600.0,30575.051470588234,415820700.0,sum of states
2020,53-3031,422240.0,31805.906356574462,13429725900.0,sum of states
2020,53-3032,1806930.0,48577.19159015568,87775584800.0,sum of states
2020,53-3033,933460.0,40973.46570822531,38247091300.0,sum of states
2020,53-3052,162590.0,48115.85706378006,7823157200.0,sum of states
2020,53-3058,602950.0,34295.054150427066,20678202900.0,sum of states
2020,53-3099,49790.0,39874.48684474794,1985350700.0,sum of states
2020,53-4011,17360.0,71867.03917050692,1247611800.0,sum of states
2020,53-4013,1840.0,54313.260869565216,99936400.0,sum of states
2020,53-4022,3390.0,58661.356932153394,198862000.0,sum of states
2020,53-4031,33980.0,64786.66274278988,2201450800.0,sum of states
2020,53-4041,4090.0,55967.9706601467,228909000.0,sum of states
2020,53-4099,710.0,51810.84507042253,36785700.0,sum of states
2020,53-5011,17860.0,48042.777155655094,858044000.0,sum of states
2020,53-5021,22390.0,81809.80794997766,1831721600.0,sum of states
2020,53-5022,1280.0,47726.09375,61089400.0,sum of states
2020,53-5031,6690.0,80683.94618834081,539775600.0,sum of states
2020,53-6011,2820.0,49570.283687943265,139788200.0,sum of states
2020,53-6021,124690.0,27832.571978506698,3470443400.0,sum of states
2020,53-6031,111550.0,28044.903630658897,3128409000.0,sum of states
2020,53-6041,6860.0,51939.75218658892,356306700.0,sum of states
2020,53-6051,26540.0,81135.6857573474,2153341100.0,sum of states
2020,53-6061,15830.0,31552.33101705622,499473400.0,sum of states
2020,53-6098,26340.0,41690.45178435839,1098126500.0,sum of states
2020,53-7011,21750.0,37149.20459770115,807995200.0,sum of states
2020,53-7021,40430.0,60067.91738807816,2428545900.0,sum of states
2020,53-7031,740.0,49020.27027027027,36275000.0,sum of states
2020,53-7041,2520.0,63131.11111111111,159090400.0,sum of states
2020,53-7051,643030.0,39127.46419296145,25160133300.0,sum of states
2020,53-7061,343080.0,29361.83543196922,10073458500.0,sum of states
2020,53-7062,2814700.0,33685.279461399085,94813956100.0,sum of states
2020,53-7063,62010.0,34402.810836961784,2133318300.0,sum of states
2020,53-7064,590790.0,29123.149850200578,17205665700.0,sum of states
2020,53-7065,2229600.0,30928.92469501256,68959130500.0,sum of states
2020,53-7071,2790.0,63780.68100358423,177948100.0,sum of states
2020,53-7072,9000.0,50743.22222222222,456689000.0,sum of states
2020,53-7073,11860.0,60606.33220910624,718791100.0,sum of states
2020,53-7081,119170.0,41995.69019048418,5004626400.0,sum of states
2020,53-7121,8450.0,49105.30177514793,414939800.0,sum of states
2020,53-7199,24980.0,37293.618895116095,931594600.0,sum of states
2021,11-1011,200480.0,213020.0,42706249600.0,national file
2021,11-1021,2984920.0,115250.0,344012030000.0,national file
2021,11-1031,44590.0,57110.0,2546534900.0,national file
2021,11-2011,22520.0,142860.0,3217207200.0,national file
2021,11-2021,278690.0,153440.0,42762193600.0,national file
2021,11-2022,453800.0,142390.0,64616582000.0,national file
2021,11-2032,59850.0,138000.0,8259300000.0,national file
2021,11-2033,23190.0,119400.0,2768886000.0,national file
2021,11-3012,224620.0,113030.0,25388798600.0,national file
2021,11-3013,101230.0,101970.0,10322423100.0,national file
2021,11-3021,485190.0,162930.0,79052006700.0,national file
2021,11-3031,681070.0,153460.0,104517002200.0,national file
2021,11-3051,192270.0,117780.0,22645560600.0,national file
2021,11-3061,69310.0,134590.0,9328432900.0,national file
2021,11-3071,144640.0,105580.0,15271091200.0,national file
2021,11-3111,15330.0,139470.0,2138075100.0,national file
2021,11-3121,166530.0,136590.0,22746332700.0,national file
2021,11-3131,35830.0,128800.0,4614904000.0,national file
2021,11-9013,5220.0,78440.0,409456800.0,national file
2021,11-9021,284750.0,108210.0,30812797500.0,national file
2021,11-9031,56430.0,53800.0,3035934000.0,national file
2021,11-9032,274710.0,102650.0,28198981500.0,national file
2021,11-9033,155990.0,111260.0,17355447400.0,national file
2021,11-9039,49970.0,94730.0,4733658100.0,national file
2021,11-9041,187100.0,158970.0,29743287000.0,national file
2021,11-9051,210680.0,63970.0,13477199600.0,national file
2021,11-9071,3660.0,89190.0,326435400.0,national file
2021,11-9072,17800.0,73810.0,1313818000.0,national file
2021,11-9081,35920.0,67770.0,2434298400.0,national file
2021,11-9111,436770.0,119840.0,52342516800.0,national file
2021,11-9121,74760.0,156110.0,11670783600.0,national file
2021,11-9131,12750.0,81820.0,1043205000.0,national file
2021,11-9141,234680.0,70030.0,16434640400.0,national file
2021,11-9151,156400.0,76790.0,12009956000.0,national file
2021,11-9161,10320.0,84800.0,875136000.0,national file
2021,11-9171,12710.0,82900.0,1053659000.0,national file
2021,11-9179,7350.0,59580.0,437913000.0,national file
2021,11-9199,497890.0,129710.0,64581311900.0,national file
2021,13-1011,12480.0,116410.0,1452796800.0,national file
2021,13-1020,439020.0,72540.0,31846510800.0,national file
2021,13-1031,278140.0,70960.0,19736814400.0,national file
2021,13-1032,11430.0,68180.0,779297400.0,national file
2021,13-1041,334340.0,75810.0,25346315400.0,national file
2021,13-1051,208950.0,73740.0,15407973000.0,national file
2021,13-1071,740830.0,70720.0,52391497600.0,national file
2021,13-1074,440.0,54400.0,23936000.0,national file
2021,13-1075,63810.0,77070.0,4917836700.0,national file
2021,13-1081,189320.0,79230.0,14999823600.0,national file
2021,13-1082,743860.0,98420.0,73210701200.0,national file
2021,13-1111,768450.0,100530.0,77252278500.0,national file
2021,13-1121,98150.0,57850.0,5677977500.0,national file
2021,13-1131,82080.0,64870.0,5324529600.0,national file
2021,13-1141,87750.0,73810.0,6476827500.0,national file
2021,13-1151,336030.0,67620.0,22722348600.0,national file
2021,13-1161,727540.0,76080.0,55351243200.0,national file
2021,13-1199,1030330.0,79240.0,81643349200.0,national file
2021,13-2011,1318550.0,83980.0,110731829000.0,national file
2021,13-2020,58340.0,70050.0,4086717000.0,national file
2021,13-2031,47440.0,84240.0,3996345600.0,national file
2021,13-2041,68770.0,88030.0,6053823100.0,national file
2021,13-2051,291880.0,103020.0,30069477600.0,national file
2021,13-2052,263030.0,119960.0,31553078800.0,national file
2021,13-2053,107690.0,79940.0,8608738600.0,national file
2021,13-2054,54320.0,110610.0,6008335200.0,national file
2021,13-2061,60750.0,96180.0,5842935000.0,national file
2021,13-2071,31230.0,50430.0,1574928900.0,national file
2021,13-2072,340170.0,80570.0,27407496900.0,national file
2021,13-2081,52270.0,63200.0,3303464000.0,national file
2021,13-2082,83190.0,51080.0,4249345200.0,national file
2021,13-2099,123200.0,80370.0,9901584000.0,national file
2021,15-1211,505150.0,102210.0,51631381500.0,national file
2021,15-1212,157220.0,113270.0,17808309400.0,national file
2021,15-1221,30840.0,142650.0,4399326000.0,national file
2021,15-1231,176200.0,71350.0,12571870000.0,national file
2021,15-1232,654310.0,57650.0,37720971500.0,national file
2021,15-1241,168830.0,120650.0,20369339500.0,national file
2021,15-1242,85870.0,96550.0,8290748500.0,national file
2021,15-1243,50440.0,121840.0,6145609600.0,national file
2021,15-1244,316760.0,91250.0,28904350000.0,national file
2021,15-1251,152610.0,96650.0,14749756500.0,national file
2021,15-1252,1364180.0,120990.0,165052138200.0,national file
2021,15-1253,190120.0,97710.0,18576625200.0,national file
2021,15-1254,84820.0,81320.0,6897562400.0,national file
2021,15-1255,82380.0,95460.0,7863994800.0,national file
2021,15-1299,370190.0,98180.0,36345254200.0,national file
2021,15-2011,23040.0,125300.0,2886912000.0,national file
2021,15-2021,1770.0,112430.0,199001100.0,national file
2021,15-2031,98700.0,95830.0,9458421000.0,national file
2021,15-2041,31370.0,99450.0,3119746500.0,national file
2021,15-2051,105980.0,108660.0,11515786800.0,national file
2021,15-2099,3970.0,77960.0,309501200.0,national file
2021,17-1011,100400.0,91900.0,9226760000.0,national file
2021,17-1012,17430.0,74980.0,1306901400.0,national file
2021,17-1021,12610.0,73510.0,926961100.0,national file
2021,17-1022,46390.0,68880.0,3195343200.0,national file
2021,17-2011,56640.0,122970.0,6965020800.0,national file
2021,17-2021,1120.0,87350.0,97832000.0,national file
2021,17-2031,17190.0,101020.0,1736533800.0,national file
2021,17-2041,24180.0,121840.0,2946091200.0,national file
2021,17-2051,304310.0,95490.0,29058561900.0,national file
2021,17-2061,73750.0,136230.0,10046962500.0,national file
2021,17-2071,186020.0,107890.0,20069697800.0,national file
2021,17-2072,107170.0,115490.0,12377063300.0,national file
2021,17-2081,42660.0,100220.0,4275385200.0,national file
2021,17-2111,22870.0,99700.0,2280139000.0,national file
2021,17-2112,293950.0,95200.0,27984040000.0,national file
2021,17-2121,7380.0,97820.0,721911600.0,national file
2021,17-2131,21530.0,101950.0,2194983500.0,national file
2021,17-2141,278240.0,97000.0,26989280000.0,national file
2021,17-2151,7370.0,100450.0,740316500.0,national file
2021,17-2161,12670.0,121760.0,1542699200.0,national file
2021,17-2171,22100.0,145720.0,3220412000.0,national file
2021,17-2199,151940.0,107800.0,16379132000.0,national file
2021,17-3011,101310.0,60620.0,6141412200.0,national file
2021,17-3012,20830.0,67090.0,1397484700.0,national file
2021,17-3013,47760.0,62650.0,2992164000.0,national file
2021,17-3019,15300.0,58330.0,892449000.0,national file
2021,17-3021,10900.0,73510.0,801259000.0,national file
2021,17-3022,64170.0,58000.0,3721860000.0,national file
2021,17-3023,101450.0,69070.0,7007151500.0,national file
2021,17-3024,11590.0,63880.0,740369200.0,national file
2021,17-3025,14910.0,56590.0,843756900.0,national file
2021,17-3026,62030.0,61230.0,3798096900.0,national file
2021,17-3027,40180.0,63390.0,2547010200.0,national file
2021,17-3028,8500.0,62800.0,533800000.0,national file
2021,17-3029,73600.0,68290.0,5026144000.0,national file
2021,17-3031,56070.0,49810.0,2792846700.0,national file
2021,19-1011,2790.0,80390.0,224288100.0,national file
2021,19-1012,13510.0,84150.0,1136866500.0,national file
2021,19-1013,15610.0,76290.0,1190886900.0,national file
2021,19-1021,35050.0,113460.0,3976773000.0,national file
2021,19-1022,19430.0,87820.0,1706342600.0,national file
2021,19-1023,15930.0,70300.0,1119879000.0,national file
2021,19-1029,47050.0,90010.0,4234970500.0,national file
2021,19-1031,22550.0,68230.0,1538586500.0,national file
2021,19-1032,9500.0,67710.0,643245000.0,national file
2021,19-1041,8180.0,86740.0,709533200.0,national file
2021,19-1042,108550.0,104050.0,11294627500.0,national file
2021,19-1099,6820.0,94430.0,644012600.0,national file
2021,19-2011,1930.0,139410.0,269061300.0,national file
2021,19-2012,20020.0,151580.0,3034631600.0,national file
2021,19-2021,8520.0,96880.0,825417600.0,national file
2021,19-2031,80600.0,89130.0,7183878000.0,national file
2021,19-2032,6690.0,104790.0,701045100.0,national file
2021,19-2041,76890.0,81240.0,6246543600.0,national file
2021,19-2042,23620.0,103550.0,2445851000.0,national file
2021,19-2043,6390.0,94780.0,605644200.0,national file
2021,19-2099,19680.0,113220.0,2228169600.0,national file
2021,19-3011,15640.0,120830.0,1889781200.0,national file
2021,19-3022,8850.0,64690.0,572506500.0,national file
2021,19-3032,610.0,113320.0,69125200.0,national file
2021,19-3033,58100.0,99640.0,5789084000.0,national file
2021,19-3034,57110.0,82770.0,4726994700.0,national file
2021,19-3039,13800.0,98010.0,1352538000.0,national file
2021,19-3041,2640.0,96260.0,254126400.0,national file
2021,19-3051,38940.0,81310.0,3166211400.0,national file
2021,19-3091,6650.0,66800.0,444220000.0,national file
2021,19-3092,1440.0,86740.0,124905600.0,national file
2021,19-3093,2910.0,72130.0,209898300.0,national file
2021,19-3094,5650.0,120430.0,680429500.0,national file
2021,19-3099,34330.0,90900.0,3120597000.0,national file
2021,19-4012,13560.0,44850.0,608166000.0,national file
2021,19-4013,11530.0,47870.0,551941100.0,national file
2021,19-4021,76150.0,51770.0,3942285500.0,national file
2021,19-4031,57690.0,55040.0,3175257600.0,national file
2021,19-4042,34110.0,50550.0,1724260500.0,national file
2021,19-4043,9210.0,59080.0,544126800.0,national file
2021,19-4044,3550.0,71760.0,254748000.0,national file
2021,19-4051,5360.0,95200.0,510272000.0,national file
2021,19-4061,28690.0,56430.0,1618976700.0,national file
2021,19-4071,30440.0,43420.0,1321704800.0,national file
2021,19-4092,17020.0,66850.0,1137787000.0,national file
2021,19-4099,62230.0,55420.0,3448786600.0,national file
2021,19-5011,106340.0,78740.0,8373211600.0,national file
2021,19-5012,21750.0,57560.0,1251930000.0,national file
2021,21-1012,296370.0,63090.0,18697983300.0,national file
2021,21-1013,54800.0,59660.0,3269368000.0,national file
2021,21-1015,90310.0,44740.0,4040469400.0,national file
2021,21-1018,310880.0,53490.0,16628971200.0,national file
2021,21-1019,29480.0,49730.0,1466040400.0,national file
2021,21-1021,340050.0,54880.0,18661944000.0,national file
2021,21-1022,173860.0,62310.0,10833216600.0,national file
2021,21-1023,113810.0,57800.0,6578218000.0,national file
2021,21-1029,49730.0,63010.0,3133487300.0,national file
2021,21-1091,55830.0,64930.0,3625041900.0,national file
2021,21-1092,92140.0,63290.0,5831540600.0,national file
2021,21-1093,398380.0,40460.0,16118454800.0,national file
2021,21-1094,61010.0,47780.0,2915057800.0,national file
2021,21-1099,90770.0,50510.0,4584792700.0,national file
2021,21-2011,50790.0,57230.0,2906711700.0,national file
2021,21-2021,21000.0,52880.0,1110480000.0,national file
2021,21-2099,10490.0,43290.0,454112100.0,national file
2021,23-1011,681010.0,148030.0,100809910300.0,national file
2021,23-1012,14800.0,62730.0,928404000.0,national file
2021,23-1021,13840.0,104160.0,1441574400.0,national file
2021,23-1022,7320.0,62350.0,456402000.0,national file
2021,23-1023,27790.0,142520.0,3960630800.0,national file
2021,23-2011,336250.0,58330.0,19613462500.0,national file
2021,23-2093,51040.0,52390.0,2673985600.0,national file
2021,23-2099,46090.0,73000.0,3364570000.0,national file
2021,25-1011,79640.0,105720.0,8419540800.0,national file
2021,25-1021,37600.0,89610.0,3369336000.0,national file
2021,25-1022,44140.0,87980.0,3883437200.0,national file
2021,25-1031,5950.0,98600.0,586670000.0,national file
2021,25-1032,35440.0,115590.0,4096509600.0,national file
2021,25-1041,8570.0,97520.0,835746400.0,national file
2021,25-1042,47690.0,98710.0,4707479900.0,national file
2021,25-1043,1180.0,93510.0,110341800.0,national file
2021,25-1051,10250.0,102840.0,1054110000.0,national file
2021,25-1052,20260.0,94060.0,1905655600.0,national file
2021,25-1053,5440.0,92210.0,501622400.0,national file
2021,25-1054,12460.0,99480.0,1239520800.0,national file
2021,25-1061,5010.0,102110.0,511571100.0,national file
2021,25-1062,9040.0,91680.0,828787200.0,national file
2021,25-1063,11790.0,124090.0,1463021100.0,national file
2021,25-1064,3440.0,88150.0,303236000.0,national file
2021,25-1065,14060.0,98980.0,1391658800.0,national file
2021,25-1066,36060.0,88390.0,3187343400.0,national file
2021,25-1067,12550.0,87850.0,1102517500.0,national file
2021,25-1069,16140.0,87320.0,1409344800.0,national file
2021,25-1071,191830.0,133310.0,25572857300.0,national file
2021,25-1072,68060.0,82040.0,5583642400.0,national file
2021,25-1081,58780.0,76990.0,4525472200.0,national file
2021,25-1082,4330.0,80850.0,350080500.0,national file
2021,25-1111,13790.0,81730.0,1127056700.0,national file
2021,25-1112,14110.0,130820.0,1845870200.0,national file
2021,25-1113,12280.0,77650.0,953542000.0,national file
2021,25-1121,94720.0,86240.0,8168652800.0,national file
2021,25-1122,27330.0,84580.0,2311571400.0,national file
2021,25-1123,58480.0,82680.0,4835126400.0,national file
2021,25-1124,19640.0,82990.0,1629923600.0,national file
2021,25-1125,18590.0,86460.0,1607291400.0,national file
2021,25-1126,20850.0,88260.0,1840221000.0,national file
2021,25-1192,2730.0,93230.0,254517900.0,national file
2021,25-1193,13860.0,79080.0,1096048800.0,national file
2021,25-1194,105440.0,63130.0,6656427200.0,national file
2021,25-1199,199020.0,92200.0,18349644000.0,national file
2021,25-2011,391670.0,36460.0,14280288200.0,national file
2021,25-2012,120730.0,64490.0,7785877700.0,national file
2021,25-2021,1329280.0,67080.0,89168102400.0,national file
2021,25-2022,592000.0,66880.0,39592960000.0,national file
2021,25-2023,11840.0,69410.0,821814400.0,national file
2021,25-2031,1020240.0,69530.0,70937287200.0,national file
2021,25-2032,84360.0,68960.0,5817465600.0,national file
2021,25-2051,21130.0,71970.0,1520726100.0,national file
2021,25-2052,187070.0,67090.0,12550526300.0,national file
2021,25-2057,79070.0,68860.0,5444760200.0,national file
2021,25-2058,145690.0,70100.0,10212869000.0,national file
2021,25-2059,38000.0,71330.0,2710540000.0,national file
2021,25-3011,38260.0,60650.0,2320469000.0,national file
2021,25-3021,216910.0,49230.0,10678479300.0,national file
2021,25-3031,374620.0,38410.0,14389154200.0,national file
2021,25-3041,147100.0,41780.0,6145838000.0,national file
2021,25-3099,164650.0,62200.0,10241230000.0,national file
2021,25-4011,6120.0,61880.0,378705600.0,national file
2021,25-4012,11030.0,63880.0,704596400.0,national file
2021,25-4013,10960.0,52030.0,570248800.0,national file
2021,25-4022,127790.0,64180.0,8201562200.0,national file
2021,25-4031,73000.0,39070.0,2852110000.0,national file
2021,25-9021,10620.0,58040.0,616384800.0,national file
2021,25-9031,184740.0,70560.0,13035254400.0,national file
2021,25-9044,121290.0,41170.0,4993509300.0,national file
2021,25-9045,1187270.0,31760.0,37707695200.0,national file
2021,25-9099,155950.0,49650.0,7742917500.0,national file
2021,27-1011,42080.0,115430.0,4857294400.0,national file
2021,27-1012,3740.0,40730.0,152330200.0,national file
2021,27-1013,9430.0,69010.0,650764300.0,national file
2021,27-1014,20430.0,86220.0,1761474600.0,national file
2021,27-1019,7390.0,67240.0,496903600.0,national file
2021,27-1021,27940.0,79680.0,2226259200.0,national file
2021,27-1022,19310.0,83650.0,1615281500.0,national file
2021,27-1023,36000.0,32100.0,1155600000.0,national file
2021,27-1024,204040.0,59970.0,12236278800.0,national file
2021,27-1025,61970.0,62570.0,3877462900.0,national file
2021,27-1026,159790.0,35520.0,5675740800.0,national file
2021,27-1027,6850.0,62960.0,431276000.0,national file
2021,27-1029,10190.0,73480.0,748761200.0,national file
2021,27-2012,138250.0,101950.0,14094587500.0,national file
2021,27-2021,12320.0,116930.0,1440577600.0,national file
2021,27-2022,193740.0,50550.0,9793557000.0,national file
2021,27-2023,9620.0,51710.0,497450200.0,national file
2021,27-2032,3990.0,49630.0,198023700.0,national file
2021,27-2041,9560.0,65080.0,622164800.0,national file
2021,27-3011,24580.0,56110.0,1379183800.0,national file
2021,27-3023,39080.0,63230.0,2471028400.0,national file
2021,27-3031,242710.0,73250.0,17778507500.0,national file
2021,27-3041,88780.0,76400.0,6782792000.0,national file
2021,27-3042,47620.0,81470.0,3879601400.0,national file
2021,27-3043,49410.0,81120.0,4008139200.0,national file
2021,27-3091,52170.0,58400.0,3046728000.0,national file
2021,27-3092,12300.0,65240.0,802452000.0,national file
2021,27-3099,16540.0,59400.0,982476000.0,national file
2021,27-4011,50590.0,55310.0,2798132900.0,national file
2021,27-4012,25270.0,51280.0,1295845600.0,national file
2021,27-4014,10800.0,67360.0,727488000.0,national file
2021,27-4015,4280.0,58020.0,248325600.0,national file
2021,27-4021,38420.0,48210.0,1852228200.0,national file
2021,27-4031,20280.0,61740.0,1252087200.0,national file
2021,27-4032,28030.0,76000.0,2130280000.0,national file
2021,27-4099,16670.0,69290.0,1155064300.0,national file
2021,29-1011,35810.0,81240.0,2909204400.0,national file
2021,29-1021,108680.0,167160.0,18166948800.0,national file
2021,29-1022,5330.0,311460.0,1660081800.0,national file
2021,29-1023,5140.0,267280.0,1373819200.0,national file
2021,29-1024,790.0,143730.0,113546700.0,national file
2021,29-1029,4750.0,179400.0,852150000.0,national file
2021,29-1031,66690.0,65620.0,4376197800.0,national file
2021,29-1041,38720.0,125440.0,4857036800.0,national file
2021,29-1051,312550.0,125690.0,39284409500.0,national file
2021,29-1071,132940.0,119460.0,15881012400.0,national file
2021,29-1081,8840.0,158380.0,1400079200.0,national file
2021,29-1122,127830.0,89470.0,11436950100.0,national file
2021,29-1123,225350.0,92920.0,20939522000.0,national file
2021,29-1124,16050.0,94000.0,1508700000.0,national file
2021,29-1125,16980.0,53900.0,915222000.0,national file
2021,29-1126,133410.0,68190.0,9097227900.0,national file
2021,29-1127,147470.0,85820.0,12655875400.0,national file
2021,29-1128,6860.0,54030.0,370645800.0,national file
2021,29-1129,13490.0,65030.0,877254700.0,national file
2021,29-1131,77260.0,109920.0,8492419200.0,national file
2021,29-1141,3047530.0,82750.0,252183107500.0,national file
2021,29-1151,43950.0,202470.0,8898556500.0,national file
2021,29-1161,7750.0,114210.0,885127500.0,national file
2021,29-1171,234690.0,118040.0,27702807600.0,national file
2021,29-1181,13240.0,86050.0,1139302000.0,national file
2021,29-1211,31130.0,331190.0,10309944700.0,national file
2021,29-1212,18610.0,353970.0,6587381700.0,national file
2021,29-1213,9230.0,302740.0,2794290200.0,national file
2021,29-1214,36180.0,310640.0,11238955200.0,national file
2021,29-1215,102930.0,235930.0,24284274900.0,national file
2021,29-1216,58260.0,242190.0,14109989400.0,national file
2021,29-1217,7120.0,267660.0,1905739200.0,national file
2021,29-1218,21570.0,296210.0,6389249700.0,national file
2021,29-1221,33620.0,198420.0,6670880400.0,national file
2021,29-1222,11010.0,267180.0,2941651800.0,national file
2021,29-1223,25520.0,249760.0,6373875200.0,national file
2021,29-1224,29530.0,301720.0,8909791600.0,national file
2021,29-1229,256670.0,231500.0,59419105000.0,national file
2021,29-1241,11610.0,270090.0,3135744900.0,national file
2021,29-1242,16260.0,306220.0,4979137200.0,national file
2021,29-1243,820.0,290310.0,238054200.0,national file
2021,29-1249,29590.0,297800.0,8811902000.0,national file
2021,29-1291,7250.0,71770.0,520332500.0,national file
2021,29-1292,207190.0,81360.0,16856978400.0,national file
2021,29-1299,26250.0,113230.0,2972287500.0,national file
2021,29-2010,318780.0,56910.0,18141769800.0,national file
2021,29-2031,55760.0,62020.0,3458235200.0,national file
2021,29-2032,78640.0,80680.0,6344675200.0,national file
2021,29-2033,17140.0,84850.0,1454329000.0,national file
2021,29-2034,216380.0,66490.0,14387106200.0,national file
2021,29-2035,38070.0,77820.0,2962607400.0,national file
2021,29-2036,2400.0,124750.0,299400000.0,national file
2021,29-2042,161400.0,36690.0,5921766000.0,national file
2021,29-2043,96510.0,49500.0,4777245000.0,national file
2021,29-2051,21610.0,34160.0,738197600.0,national file
2021,29-2052,436630.0,37970.0,16578841100.0,national file
2021,29-2053,93410.0,38000.0,3549580000.0,national file
2021,29-2055,109060.0,53590.0,5844525400.0,national file
2021,29-2056,118670.0,38250.0,4539127500.0,national file
2021,29-2057,65700.0,41120.0,2701584000.0,national file
2021,29-2061,641240.0,51850.0,33248294000.0,national file
2021,29-2072,180570.0,48310.0,8723336700.0,national file
2021,29-2081,73270.0,43060.0,3155006200.0,national file
2021,29-2091,10410.0,79820.0,830926200.0,national file
2021,29-2092,10790.0,59960.0,646968400.0,national file
2021,29-2099,140770.0,49230.0,6930107100.0,national file
2021,29-9021,37900.0,61410.0,2327439000.0,national file
2021,29-9091,26070.0,54650.0,1424725500.0,national file
2021,29-9092,2740.0,86640.0,237393600.0,national file
2021,29-9093,17250.0,59170.0,1020682500.0,national file
2021,29-9099,44100.0,64880.0,2861208000.0,national file
2021,31-1120,3366480.0,29260.0,98503204800.0,national file
2021,31-1131,1314830.0,33250.0,43718097500.0,national file
2021,31-1132,45160.0,33440.0,1510150400.0,national file
2021,31-1133,39140.0,34640.0,1355809600.0,national file
2021,31-2011,41980.0,63560.0,2668248800.0,national file
2021,31-2012,3370.0,39230.0,132205100.0,national file
2021,31-2021,93660.0,60740.0,5688908400.0,national file
2021,31-2022,42390.0,30370.0,1287384300.0,national file
2021,31-9011,81030.0,49260.0,3991537800.0,national file
2021,31-9091,347170.0,42510.0,14758196700.0,national file
2021,31-9092,727760.0,38190.0,27793154400.0,national file
2021,31-9093,61170.0,42420.0,2594831400.0,national file
2021,31-9094,55830.0,34220.0,1910502600.0,national file
2021,31-9095,43560.0,34560.0,1505433600.0,national file
2021,31-9096,98970.0,31780.0,3145266600.0,national file
2021,31-9097,132750.0,38450.0,5104237500.0,national file
2021,31-9099,108410.0,40690.0,4411202900.0,national file
2021,33-1011,54470.0,69750.0,3799282500.0,national file
2021,33-1012,128230.0,98760.0,12663994800.0,national file
2021,33-1021,80890.0,83270.0,6735710300.0,national file
2021,33-1091,55450.0,55080.0,3054186000.0,national file
2021,33-1099,23780.0,63910.0,1519779800.0,national file
2021,33-2011,317310.0,55290.0,17544069900.0,national file
2021,33-2021,14600.0,69680.0,1017328000.0,national file
2021,33-2022,2770.0,54340.0,150521800.0,national file
2021,33-3011,16420.0,52340.0,859422800.0,national file
2021,33-3012,392600.0,53420.0,20972692000.0,national file
2021,33-3021,107890.0,90370.0,9750019300.0,national file
2021,33-3031,6730.0,58190.0,391618700.0,national file
2021,33-3041,7450.0,46050.0,343072500.0,national file
2021,33-3051,665380.0,70750.0,47075635000.0,national file
2021,33-3052,3590.0,69570.0,249756300.0,national file
2021,33-9011,11600.0,42620.0,494392000.0,national file
2021,33-9021,28860.0,60970.0,1759594200.0,national file
2021,33-9031,9190.0,38080.0,349955200.0,national file
2021,33-9032,1057100.0,35830.0,37875893000.0,national file
2021,33-9091,82690.0,35670.0,2949552300.0,national file
2021,33-9092,114320.0,27320.0,3123222400.0,national file
2021,33-9093,48320.0,46380.0,2241081600.0,national file
2021,33-9094,55310.0,30220.0,1671468200.0,national file
2021,33-9099,100110.0,42160.0,4220637600.0,national file
2021,35-1011,129810.0,56920.0,7388785200.0,national file
2021,35-1012,1040600.0,39150.0,40739490000.0,national file
2021,35-2011,768130.0,25490.0,19579633700.0,national file
2021,35-2012,392860.0,31520.0,12382947200.0,national file
2021,35-2013,440.0,43260.0,19034400.0,national file
2021,35-2014,1193860.0,31630.0,37761791800.0,national file
2021,35-2015,124800.0,28110.0,3508128000.0,national file
2021,35-2019,18170.0,33390.0,606696300.0,national file
2021,35-2021,783350.0,28810.0,22568313500.0,national file
2021,35-3011,485330.0,30340.0,14724912200.0,national file
2021,35-3023,3095120.0,26060.0,80658827200.0,national file
2021,35-3031,1804030.0,29010.0,52334910300.0,national file
2021,35-3041,243030.0,29500.0,7169385000.0,national file
2021,35-9011,336970.0,27690.0,9330699300.0,national file
2021,35-9021,377040.0,27350.0,10312044000.0,national file
2021,35-9031,324690.0,26000.0,8441940000.0,national file
2021,35-9099,83240.0,28760.0,2393982400.0,national file
2021,37-1011,153640.0,45100.0,6929164000.0,national file
2021,37-1012,116380.0,53270.0,6199562600.0,national file
2021,37-2011,2036680.0,31860.0,64888624800.0,national file
2021,37-2012,723430.0,29580.0,21399059400.0,national file
2021,37-2019,17350.0,38530.0,668495500.0,national file
2021,37-2021,85370.0,40640.0,3469436800.0,national file
2021,37-3011,892450.0,35240.0,31449938000.0,national file
2021,37-3012,25820.0,40500.0,1045710000.0,national file
2021,37-3013,41920.0,47450.0,1989104000.0,national file
2021,37-3019,15770.0,39120.0,616922400.0,national file
2021,39-1013,19510.0,52590.0,1026030900.0,national file
2021,39-1014,66860.0,47130.0,3151111800.0,national file
2021,39-1022,101030.0,45730.0,4620101900.0,national file
2021,39-2011,15840.0,38230.0,605563200.0,national file
2021,39-2021,225680.0,29520.0,6662073600.0,national file
2021,39-3011,64700.0,28960.0,1873712000.0,national file
2021,39-3012,7340.0,29110.0,213667400.0,national file
2021,39-3019,10820.0,31790.0,343967800.0,national file
2021,39-3021,1620.0,32970.0,53411400.0,national file
2021,39-3031,54970.0,26390.0,1450658300.0,national file
2021,39-3091,262170.0,26110.0,6845258700.0,national file
2021,39-3092,3380.0,54590.0,184514200.0,national file
2021,39-3093,9670.0,30220.0,292227400.0,national file
2021,39-3099,4290.0,29680.0,127327200.0,national file
2021,39-4011,4070.0,51210.0,208424700.0,national file
2021,39-4012,2040.0,39660.0,80906400.0,national file
2021,39-4021,32490.0,31630.0,1027658700.0,national file
2021,39-4031,24700.0,56360.0,1392092000.0,national file
2021,39-5011,12910.0,35700.0,460887000.0,national file
2021,39-5012,285980.0,35990.0,10292420200.0,national file
2021,39-5091,1960.0,124380.0,243784800.0,national file
2021,39-5092,120540.0,30480.0,3674059200.0,national file
2021,39-5093,9560.0,25160.0,240529600.0,national file
2021,39-5094,50580.0,41700.0,2109186000.0,national file
2021,39-6011,20530.0,30040.0,616721200.0,national file
2021,39-6012,33560.0,37520.0,1259171200.0,national file
2021,39-7010,30980.0,33200.0,1028536000.0,national file
2021,39-9011,438520.0,27680.0,12138233600.0,national file
2021,39-9031,221600.0,45870.0,10164792000.0,national file
2021,39-9032,264020.0,32020.0,8453920400.0,national file
2021,39-9041,92500.0,34950.0,3232875000.0,national file
2021,39-9099,72030.0,30790.0,2217803700.0,national file
2021,41-1011,1143260.0,46890.0,53607461400.0,national file
2021,41-1012,243920.0,92320.0,22518694400.0,national file
2021,41-2011,3318020.0,26770.0,88823395400.0,national file
2021,41-2012,17150.0,29130.0,499579500.0,national file
2021,41-2021,371620.0,36170.0,13441495400.0,national file
2021,41-2022,265130.0,36920.0,9788599600.0,national file
2021,41-2031,3693490.0,31920.0,117896200800.0,national file
2021,41-3011,96660.0,66540.0,6431756400.0,national file
2021,41-3021,422600.0,69340.0,29303084000.0,national file
2021,41-3031,426870.0,93260.0,39809896200.0,national file
2021,41-3041,37190.0,46580.0,1732310200.0,national file
2021,41-3091,1026390.0,71110.0,72986592900.0,national file
2021,41-4011,266160.0,102750.0,27347940000.0,national file
2021,41-4012,1242490.0,72390.0,89943851100.0,national file
2021,41-9011,40680.0,36990.0,1504753200.0,national file
2021,41-9021,48460.0,86490.0,4191305400.0,national file
2021,41-9022,175920.0,61480.0,10815561600.0,national file
2021,41-9031,59550.0,118630.0,7064416500.0,national file
2021,41-9041,115130.0,30670.0,3531037100.0,national file
2021,41-9091,7860.0,34970.0,274864200.0,national file
2021,41-9099,235740.0,38840.0,9156141600.0,national file
2021,43-1011,1443630.0,63380.0,91497269400.0,national file
2021,43-2011,48190.0,34590.0,1666892100.0,national file
2021,43-2021,3870.0,39370.0,152361900.0,national file
2021,43-2099,1340.0,49470.0,66289800.0,national file
2021,43-3011,212900.0,41280.0,8788512000.0,national file
2021,43-3021,429080.0,42750.0,18343170000.0,national file
2021,43-3031,1509370.0,45140.0,68132961800.0,national file
2021,43-3041,11140.0,30770.0,342777800.0,national file
2021,43-3051,149290.0,49560.0,7398812400.0,national file
2021,43-3061,61930.0,44930.0,2782514900.0,national file
2021,43-3071,364210.0,34930.0,12721855300.0,national file
2021,43-3099,30310.0,47830.0,1449727300.0,national file
2021,43-4011,39980.0,57710.0,2307245800.0,national file
2021,43-4021,7060.0,41710.0,294472600.0,national file
2021,43-4031,150170.0,44870.0,6738127900.0,national file
2021,43-4041,16820.0,44540.0,749162800.0,national file
2021,43-4051,2787070.0,39070.0,108890824900.0,national file
2021,43-4061,151340.0,48570.0,7350583800.0,national file
2021,43-4071,85460.0,36820.0,3146637200.0,national file
2021,43-4081,220380.0,28040.0,6179455200.0,national file
2021,43-4111,169840.0,38840.0,6596585600.0,national file
2021,43-4121,78470.0,32490.0,2549490300.0,national file
2021,43-4131,238610.0,44910.0,10715975100.0,national file
2021,43-4141,40500.0,41250.0,1670625000.0,national file
2021,43-4151,133850.0,41820.0,5597607000.0,national file
2021,43-4161,102770.0,44840.0,4608206800.0,national file
2021,43-4171,983150.0,32910.0,32355466500.0,national file
2021,43-4181,100860.0,45630.0,4602241800.0,national file
2021,43-4199,155080.0,43950.0,6815766000.0,national file
2021,43-5011,85750.0,48420.0,4152015000.0,national file
2021,43-5021,68310.0,34270.0,2340983700.0,national file
2021,43-5031,97050.0,47030.0,4564261500.0,national file
2021,43-5032,194330.0,46650.0,9065494500.0,national file
2021,43-5041,24000.0,47430.0,1138320000.0,national file
2021,43-5051,79320.0,53210.0,4220617200.0,national file
2021,43-5052,335540.0,54370.0,18243309800.0,national file
2021,43-5053,112130.0,51010.0,5719751300.0,national file
2021,43-5061,367200.0,52220.0,19175184000.0,national file
2021,43-5071,795360.0,38210.0,30390705600.0,national file
2021,43-5111,54760.0,39540.0,2165210400.0,national file
2021,43-6011,466910.0,66870.0,31222271700.0,national file
2021,43-6012,155250.0,52540.0,8156835000.0,national file
2021,43-6013,656640.0,39740.0,26094873600.0,national file
2021,43-6014,1825980.0,41080.0,75011258400.0,national file
2021,43-9021,147170.0,35940.0,5289289800.0,national file
2021,43-9022,41930.0,43370.0,1818504100.0,national file
2021,43-9031,7600.0,50930.0,387068000.0,national file
2021,43-9041,218300.0,45790.0,9995957000.0,national file
2021,43-9051,69400.0,34390.0,2386666000.0,national file
2021,43-9061,2578180.0,38990.0,100523238200.0,national file
2021,43-9071,32920.0,37110.0,1221661200.0,national file
2021,43-9081,5340.0,46010.0,245693400.0,national file
2021,43-9111,6190.0,53420.0,330669800.0,national file
2021,43-9199,147140.0,42580.0,6265221200.0,national file
2021,45-1011,25770.0,54450.0,1403176500.0,national file
2021,45-2011,13630.0,47430.0,646470900.0,national file
2021,45-2021,950.0,43270.0,41106500.0,national file
2021,45-2041,25560.0,30400.0,777024000.0,national file
2021,45-2091,26180.0,36280.0,949810400.0,national file
2021,45-2092,277200.0,31440.0,8715168000.0,national file
2021,45-2093,34140.0,32150.0,1097601000.0,national file
2021,45-2099,6100.0,37190.0,226859000.0,national file
2021,45-4011,6300.0,33690.0,212247000.0,national file
2021,45-4021,4170.0,53760.0,224179200.0,national file
2021,45-4022,25510.0,43960.0,1121419600.0,national file
2021,45-4023,3260.0,41520.0,135355200.0,national file
2021,45-4029,3080.0,45430.0,139924400.0,national file
2021,47-1011,665870.0,75060.0,49980202200.0,national file
2021,47-2011,12920.0,69070.0,892384400.0,national file
2021,47-2021,55950.0,61430.0,3437008500.0,national file
2021,47-2022,9000.0,50170.0,451530000.0,national file
2021,47-2031,668060.0,55190.0,36870231400.0,national file
2021,47-2041,19790.0,48710.0,963970900.0,national file
2021,47-2042,18300.0,53880.0,986004000.0,national file
2021,47-2043,4340.0,44380.0,192609200.0,national file
2021,47-2044,41160.0,53330.0,2195062800.0,national file
2021,47-2051,186600.0,50900.0,9497940000.0,national file
2021,47-2053,2640.0,58380.0,154123200.0,national file
2021,47-2061,968760.0,44130.0,42751378800.0,national file
2021,47-2071,44200.0,50590.0,2236078000.0,national file
2021,47-2072,3760.0,75950.0,285572000.0,national file
2021,47-2073,404820.0,56280.0,22783269600.0,national file
2021,47-2081,97070.0,54810.0,5320406700.0,national file
2021,47-2082,14580.0,65140.0,949741200.0,national file
2021,47-2111,650580.0,63310.0,41188219800.0,national file
2021,47-2121,52700.0,51950.0,2737765000.0,national file
2021,47-2131,30360.0,44810.0,1360431600.0,national file
2021,47-2132,28010.0,56260.0,1575842600.0,national file
2021,47-2141,214220.0,47140.0,10098330800.0,national file
2021,47-2142,2340.0,51560.0,120650400.0,national file
2021,47-2151,33330.0,48510.0,1616838300.0,national file
2021,47-2152,417620.0,63350.0,26456227000.0,national file
2021,47-2161,26980.0,54810.0,1478773800.0,national file
2021,47-2171,16420.0,58960.0,968123200.0,national file
2021,47-2181,129890.0,48890.0,6350322100.0,national file
2021,47-2211,122630.0,58760.0,7205738800.0,national file
2021,47-2221,68620.0,61270.0,4204347400.0,national file
2021,47-2231,16420.0,50710.0,832658200.0,national file
2021,47-3011,18210.0,43370.0,789767700.0,national file
2021,47-3012,27540.0,37340.0,1028343600.0,national file
2021,47-3013,72150.0,36720.0,2649348000.0,national file
2021,47-3014,8940.0,35270.0,315313800.0,national file
2021,47-3015,45930.0,36350.0,1669555500.0,national file
2021,47-3016,6830.0,36000.0,245880000.0,national file
2021,47-3019,27300.0,37610.0,1026753000.0,national file
2021,47-4011,117830.0,68480.0,8068998400.0,national file
2021,47-4021,22510.0,91320.0,2055613200.0,national file
2021,47-4031,24470.0,41140.0,1006695800.0,national file
2021,47-4041,44240.0,49280.0,2180147200.0,national file
2021,47-4051,141150.0,44340.0,6258591000.0,national file
2021,47-4061,21030.0,60770.0,1277993100.0,national file
2021,47-4071,28620.0,45390.0,1299061800.0,national file
2021,47-4090,30920.0,45370.0,1402840400.0,national file
2021,47-5011,7880.0,52140.0,410863200.0,national file
2021,47-5012,11170.0,61840.0,690752800.0,national file
2021,47-5013,32870.0,55660.0,1829544200.0,national file
2021,47-5022,35720.0,49850.0,1780642000.0,national file
2021,47-5023,15800.0,53600.0,846880000.0,national file
2021,47-5032,5370.0,57070.0,306465900.0,national file
2021,47-5041,14740.0,57430.0,846518200.0,national file
2021,47-5043,1850.0,59170.0,109464500.0,national file
2021,47-5044,4450.0,57330.0,255118500.0,national file
2021,47-5049,3150.0,60290.0,189913500.0,national file
2021,47-5051,4450.0,41630.0,185253500.0,national file
2021,47-5071,34520.0,44730.0,1544079600.0,national file
2021,47-5081,5980.0,40860.0,244342800.0,national file
2021,47-5099,5380.0,50960.0,274164800.0,national file
2021,49-1011,526240.0,73590.0,38726001600.0,national file
2021,49-2011,86420.0,44170.0,3817171400.0,national file
2021,49-2021,13700.0,62500.0,856250000.0,national file
2021,49-2022,172830.0,60350.0,10430290500.0,national file
2021,49-2091,18910.0,69860.0,1321052600.0,national file
2021,49-2092,15880.0,48740.0,773991200.0,national file
2021,49-2093,10710.0,70650.0,756661500.0,national file
2021,49-2094,50780.0,64230.0,3261599400.0,national file
2021,49-2095,22490.0,87640.0,1971023600.0,national file
2021,49-2096,9000.0,43690.0,393210000.0,national file
2021,49-2097,21540.0,46120.0,993424800.0,national file
2021,49-2098,77420.0,52170.0,4039001400.0,national file
2021,49-3011,125440.0,69470.0,8714316800.0,national file
2021,49-3021,137300.0,50660.0,6955618000.0,national file
2021,49-3022,16230.0,40690.0,660398700.0,national file
2021,49-3023,629780.0,47990.0,30223142200.0,national file
2021,49-3031,261420.0,53020.0,13860488400.0,national file
2021,49-3041,35030.0,47250.0,1655167500.0,national file
2021,49-3042,145230.0,57280.0,8318774400.0,national file
2021,49-3043,22800.0,60400.0,1377120000.0,national file
2021,49-3051,23080.0,46660.0,1076912800.0,national file
2021,49-3052,15020.0,41970.0,630389400.0,national file
2021,49-3053,34700.0,40360.0,1400492000.0,national file
2021,49-3091,14760.0,34360.0,507153600.0,national file
2021,49-3092,16030.0,44930.0,720227900.0,national file
2021,49-3093,93180.0,32520.0,3030213600.0,national file
2021,49-9011,23300.0,45520.0,1060616000.0,national file
2021,49-9012,44870.0,67310.0,3020199700.0,national file
2021,49-9021,356960.0,54690.0,19522142400.0,national file
2021,49-9031,28120.0,45340.0,1274960800.0,national file
2021,49-9041,373090.0,58780.0,21930230200.0,national file
2021,49-9043,57660.0,53570.0,3088846200.0,national file
2021,49-9044,39240.0,61260.0,2403842400.0,national file
2021,49-9045,660.0,54760.0,36141600.0,national file
2021,49-9051,123940.0,79060.0,9798696400.0,national file
2021,49-9052,101530.0,62250.0,6320242500.0,national file
2021,49-9061,2340.0,44260.0,103568400.0,national file
2021,49-9062,53400.0,56420.0,3012828000.0,national file
2021,49-9063,5710.0,39740.0,226915400.0,national file
2021,49-9064,1970.0,45460.0,89556200.0,national file
2021,49-9069,11110.0,59070.0,656267700.0,national file
2021,49-9071,1416740.0,44920.0,63639960800.0,national file
2021,49-9081,10100.0,58580.0,591658000.0,national file
2021,49-9091,27540.0,42010.0,1156955400.0,national file
2021,49-9092,2670.0,82010.0,218966700.0,national file
2021,49-9094,15380.0,47810.0,735317800.0,national file
2021,49-9095,3530.0,35830.0,126479900.0,national file
2021,49-9096,17980.0,52100.0,936758000.0,national file
2021,49-9097,8090.0,74220.0,600439800.0,national file
2021,49-9098,88480.0,35090.0,3104763200.0,national file
2021,49-9099,164070.0,45380.0,7445496600.0,national file
2021,51-1011,629420.0,67330.0,42378848600.0,national file
2021,51-2011,33320.0,55380.0,1845261600.0,national file
2021,51-2021,11090.0,42460.0,470881400.0,national file
2021,51-2028,271920.0,39630.0,10776189600.0,national file
2021,51-2031,45990.0,48110.0,2212578900.0,national file
2021,51-2041,61070.0,45730.0,2792731100.0,national file
2021,51-2051,17380.0,40360.0,701456800.0,national file
2021,51-2061,560.0,44670.0,25015200.0,national file
2021,51-2090,1328550.0,37780.0,50192619000.0,national file
2021,51-3011,181800.0,32300.0,5872140000.0,national file
2021,51-3021,145930.0,35670.0,5205323100.0,national file
2021,51-3022,132100.0,31680.0,4184928000.0,national file
2021,51-3023,86450.0,32010.0,2767264500.0,national file
2021,51-3091,21050.0,36280.0,763694000.0,national file
2021,51-3092,155240.0,36190.0,5618135600.0,national file
2021,51-3093,26710.0,35430.0,946335300.0,national file
2021,51-3099,46360.0,33600.0,1557696000.0,national file
2021,51-4021,59490.0,40520.0,2410534800.0,national file
2021,51-4022,11500.0,44410.0,510715000.0,national file
2021,51-4023,31650.0,46210.0,1462546500.0,national file
2021,51-4031,179630.0,40000.0,7185200000.0,national file
2021,51-4032,6810.0,43240.0,294464400.0,national file
2021,51-4033,67750.0,40030.0,2712032500.0,national file
2021,51-4034,19690.0,44270.0,871676300.0,national file
2021,51-4035,14920.0,47100.0,702732000.0,national file
2021,51-4041,333220.0,49020.0,16334444400.0,national file
2021,51-4051,15540.0,46440.0,721677600.0,national file
2021,51-4052,6570.0,44910.0,295058700.0,national file
2021,51-4061,3690.0,59080.0,218005200.0,national file
2021,51-4062,2090.0,49840.0,104165600.0,national file
2021,51-4071,13610.0,39980.0,544127800.0,national file
2021,51-4072,163210.0,37530.0,6125271300.0,national file
2021,51-4081,134880.0,40830.0,5507150400.0,national file
2021,51-4111,63630.0,56150.0,3572824500.0,national file
2021,51-4121,397600.0,48290.0,19200104000.0,national file
2021,51-4122,29980.0,42950.0,1287641000.0,national file
2021,51-4191,14540.0,41560.0,604282400.0,national file
2021,51-4192,6840.0,52340.0,358005600.0,national file
2021,51-4193,32310.0,38580.0,1246519800.0,national file
2021,51-4194,6100.0,43660.0,266326000.0,national file
2021,51-4199,18740.0,39480.0,739855200.0,national file
2021,51-5111,25840.0,43800.0,1131792000.0,national file
2021,51-5112,145290.0,41120.0,5974324800.0,national file
2021,51-5113,40810.0,37060.0,1512418600.0,national file
2021,51-6011,157400.0,27830.0,4380442000.0,national file
2021,51-6021,26910.0,28110.0,756440100.0,national file
2021,51-6031,116220.0,30880.0,3588873600.0,national file
2021,51-6041,5620.0,34890.0,196081800.0,national file
2021,51-6042,3610.0,29920.0,108011200.0,national file
2021,51-6051,4170.0,31350.0,130729500.0,national file
2021,51-6052,17270.0,35430.0,611876100.0,national file
2021,51-6061,6240.0,31940.0,199305600.0,national file
2021,51-6062,11970.0,33100.0,396207000.0,national file
2021,51-6063,16330.0,33640.0,549341200.0,national file
2021,51-6064,22160.0,33050.0,732388000.0,national file
2021,51-6091,14040.0,40600.0,570024000.0,national file
2021,51-6092,3220.0,64070.0,206305400.0,national file
2021,51-6093,28020.0,38220.0,1070924400.0,national file
2021,51-6099,12750.0,32840.0,418710000.0,national file
2021,51-7011,93070.0,40070.0,3729314900.0,national file
2021,51-7021,16300.0,37310.0,608153000.0,national file
2021,51-7031,340.0,60040.0,20413600.0,national file
2021,51-7032,210.0,51020.0,10714200.0,national file
2021,51-7041,45350.0,35280.0,1599948000.0,national file
2021,51-7042,67210.0,35560.0,2389987600.0,national file
2021,51-7099,7910.0,36080.0,285392800.0,national file
2021,51-8011,4820.0,111220.0,536080400.0,national file
2021,51-8012,9660.0,95520.0,922723200.0,national file
2021,51-8013,28960.0,83740.0,2425110400.0,national file
2021,51-8021,29820.0,70510.0,2102608200.0,national file
2021,51-8031,121150.0,52320.0,6338568000.0,national file
2021,51-8091,21740.0,69020.0,1500494800.0,national file
2021,51-8092,15110.0,76970.0,1163016700.0,national file
2021,51-8093,34230.0,80500.0,2755515000.0,national file
2021,51-8099,15420.0,55480.0,855501600.0,national file
2021,51-9011,106170.0,52450.0,5568616500.0,national file
2021,51-9012,48620.0,47060.0,2288057200.0,national file
2021,51-9021,31800.0,42790.0,1360722000.0,national file
2021,51-9022,15680.0,35990.0,564323200.0,national file
2021,51-9023,108440.0,42490.0,4607615600.0,national file
2021,51-9031,7920.0,34330.0,271893600.0,national file
2021,51-9032,55930.0,40010.0,2237759300.0,national file
2021,51-9041,56570.0,40050.0,2265628500.0,national file
2021,51-9051,14180.0,43910.0,622643800.0,national file
2021,51-9061,551380.0,44810.0,24707337800.0,national file
2021,51-9071,24350.0,47090.0,1146641500.0,national file
2021,51-9081,34150.0,47320.0,1615978000.0,national file
2021,51-9082,15300.0,46320.0,708696000.0,national file
2021,51-9083,18930.0,38910.0,736566300.0,national file
2021,51-9111,358640.0,36750.0,13180020000.0,national file
2021,51-9123,11850.0,38250.0,453262500.0,national file
2021,51-9124,145410.0,43900.0,6383499000.0,national file
2021,51-9141,24020.0,45910.0,1102758200.0,national file
2021,51-9151,5740.0,40300.0,231322000.0,national file
2021,51-9161,157840.0,46240.0,7298521600.0,national file
2021,51-9162,25800.0,62360.0,1608888000.0,national file
2021,51-9191,12510.0,38580.0,482635800.0,national file
2021,51-9192,13580.0,35820.0,486435600.0,national file
2021,51-9193,7500.0,42910.0,321825000.0,national file
2021,51-9194,7110.0,36970.0,262856700.0,national file
2021,51-9195,38420.0,39020.0,1499148400.0,national file
2021,51-9196,87480.0,44180.0,3864866400.0,national file
2021,51-9197,17240.0,47840.0,824761600.0,national file
2021,51-9198,202860.0,32910.0,6676122600.0,national file
2021,51-9199,204500.0,36230.0,7409035000.0,national file
2021,53-1041,8590.0,62080.0,533267200.0,national file
2021,53-1047,549260.0,58580.0,32175650800.0,national file
2021,53-2011,81310.0,198190.0,16114828900.0,national file
2021,53-2012,42770.0,115080.0,4921971600.0,national file
2021,53-2021,21230.0,127920.0,2715741600.0,national file
2021,53-2022,12610.0,54360.0,685479600.0,national file
2021,53-2031,96900.0,62280.0,6034932000.0,national file
2021,53-3011,11710.0,31060.0,363712600.0,national file
2021,53-3031,477020.0,31970.0,15250329400.0,national file
2021,53-3032,1903420.0,50340.0,95818162800.0,national file
2021,53-3033,1010040.0,42630.0,43058005200.0,national file
2021,53-3051,361420.0,38750.0,14005025000.0,national file
2021,53-3052,145720.0,51310.0,7476893200.0,national file
2021,53-3053,175660.0,32570.0,5721246200.0,national file
2021,53-3054,13950.0,30050.0,419197500.0,national file
2021,53-3099,48690.0,36410.0,1772802900.0,national file
2021,53-4011,38980.0,72940.0,2843201200.0,national file
2021,53-4013,4460.0,58070.0,258992200.0,national file
2021,53-4022,16200.0,63050.0,1021410000.0,national file
2021,53-4031,48030.0,66990.0,3217529700.0,national file
2021,53-4041,10310.0,71520.0,737371200.0,national file
2021,53-4099,1140.0,54140.0,61719600.0,national file
2021,53-5011,26610.0,57800.0,1538058000.0,national file
2021,53-5021,33490.0,98330.0,3293071700.0,national file
2021,53-5022,2740.0,44410.0,121683400.0,national file
2021,53-5031,7650.0,96910.0,741361500.0,national file
2021,53-6011,4040.0,44760.0,180830400.0,national file
2021,53-6021,91160.0,29210.0,2662783600.0,national file
2021,53-6031,111480.0,29960.0,3339940800.0,national file
2021,53-6032,12170.0,38640.0,470248800.0,national file
2021,53-6041,7770.0,53210.0,413441700.0,national file
2021,53-6051,25070.0,77620.0,1945933400.0,national file
2021,53-6061,21240.0,34380.0,730231200.0,national file
2021,53-6099,13750.0,39990.0,549862500.0,national file
2021,53-7011,28650.0,37010.0,1060336500.0,national file
2021,53-7021,43400.0,65270.0,2832718000.0,national file
2021,53-7031,1650.0,50530.0,83374500.0,national file
2021,53-7041,2610.0,58450.0,152554500.0,national file
2021,53-7051,758290.0,40950.0,31051975500.0,national file
2021,53-7061,351960.0,30550.0,10752378000.0,national file
2021,53-7062,2729010.0,34950.0,95378899500.0,national file
2021,53-7063,60880.0,36660.0,2231860800.0,national file
2021,53-7064,585270.0,30950.0,18114106500.0,national file
2021,53-7065,2451430.0,33020.0,80946218600.0,national file
2021,53-7071,2910.0,67130.0,195348300.0,national file
2021,53-7072,10600.0,54400.0,576640000.0,national file
2021,53-7073,16040.0,67170.0,1077406800.0,national file
2021,53-7081,126050.0,42780.0,5392419000.0,national file
2021,53-7121,12090.0,55330.0,668939700.0,national file
2021,53-7199,22470.0,40190.0,903069300.0,national file
2022,11-1011,199240.0,246440.0,49100705600.0,national file
2022,11-1021,3376680.0,122860.0,414858904800.0,national file
2022,11-1031,42890.0,71100.0,3049479000.0,national file
2022,11-2011,22010.0,147050.0,3236570500.0,national file
2022,11-2021,328570.0,158280.0,52006059600.0,national file
2022,11-2022,536390.0,150530.0,80742786700.0,national file
2022,11-2032,64280.0,150030.0,9643928400.0,national file
2022,11-2033,26240.0,124450.0,3265568000.0,national file
2022,11-3012,236570.0,115640.0,27356954800.0,national file
2022,11-3013,116980.0,105970.0,12396370600.0,national file
2022,11-3021,533220.0,173670.0,92604317400.0,national file
2022,11-3031,740780.0,166050.0,123006519000.0,national file
2022,11-3051,211710.0,120900.0,25595739000.0,national file
2022,11-3061,75070.0,140650.0,10558595500.0,national file
2022,11-3071,169910.0,108910.0,18504898100.0,national file
2022,11-3111,16850.0,143140.0,2411909000.0,national file
2022,11-3121,181360.0,145750.0,26433220000.0,national file
2022,11-3131,39550.0,132100.0,5224555000.0,national file
2022,11-9013,6250.0,83790.0,523687500.0,national file
2022,11-9021,303220.0,112790.0,34200183800.0,national file
2022,11-9031,60010.0,57610.0,3457176100.0,national file
2022,11-9032,285910.0,106690.0,30503737900.0,national file
2022,11-9033,167060.0,115180.0,19241970800.0,national file
2022,11-9039,50180.0,99820.0,5008967600.0,national file
2022,11-9041,197180.0,163310.0,32201465800.0,national file
2022,11-9051,231100.0,67130.0,15513743000.0,national file
2022,11-9071,4800.0,95830.0,459984000.0,national file
2022,11-9072,22950.0,79750.0,1830262500.0,national file
2022,11-9081,39870.0,73230.0,2919680100.0,national file
2022,11-9111,476750.0,127980.0,61014465000.0,national file
2022,11-9121,82570.0,163610.0,13509277700.0,national file
2022,11-9131,13460.0,84190.0,1133197400.0,national file
2022,11-9141,261120.0,76110.0,19873843200.0,national file
2022,11-9151,162880.0,79310.0,12918012800.0,national file
2022,11-9161,11290.0,88890.0,1003568100.0,national file
2022,11-9171,13680.0,84770.0,1159653600.0,national file
2022,11-9179,8840.0,60510.0,534908400.0,national file
2022,11-9199,543290.0,141190.0,76707115100.0,national file
2022,13-1011,13130.0,120100.0,1576913000.0,national file
2022,13-1020,464880.0,75140.0,34931083200.0,national file
2022,13-1031,285270.0,73380.0,20933112600.0,national file
2022,13-1032,11430.0,71580.0,818159400.0,national file
2022,13-1041,359640.0,76980.0,27685087200.0,national file
2022,13-1051,225310.0,76740.0,17290289400.0,national file
2022,13-1071,835360.0,73080.0,61048108800.0,national file
2022,13-1074,550.0,54630.0,30046500.0,national file
2022,13-1075,62200.0,87470.0,5440634000.0,national file
2022,13-1081,202970.0,81220.0,16485223400.0,national file
2022,13-1082,843910.0,101610.0,85749695100.0,national file
2022,13-1111,808860.0,104660.0,84655287600.0,national file
2022,13-1121,112070.0,58750.0,6584112500.0,national file
2022,13-1131,94630.0,66670.0,6308982100.0,national file
2022,13-1141,93550.0,75920.0,7102316000.0,national file
2022,13-1151,367180.0,69870.0,25654866600.0,national file
2022,13-1161,798620.0,78880.0,62995145600.0,national file
2022,13-1199,1081230.0,82670.0,89385284100.0,national file
2022,13-2011,1402420.0,86740.0,121645910800.0,national file
2022,13-2020,59970.0,80460.0,4825186200.0,national file
2022,13-2031,48430.0,87680.0,4246342400.0,national file
2022,13-2041,71960.0,92180.0,6633272800.0,national file
2022,13-2051,291370.0,108790.0,31698142300.0,national file
2022,13-2052,283060.0,137740.0,38988684400.0,national file
2022,13-2053,105900.0,82990.0,8788641000.0,national file
2022,13-2054,55800.0,116140.0,6480612000.0,national file
2022,13-2061,63370.0,95610.0,6058805700.0,national file
2022,13-2071,29090.0,51650.0,1502498500.0,national file
2022,13-2072,345550.0,84160.0,29081488000.0,national file
2022,13-2081,50610.0,64410.0,3259790100.0,national file
2022,13-2082,82370.0,55840.0,4599540800.0,national file
2022,13-2099,127020.0,83580.0,10616331600.0,national file
2022,15-1211,505210.0,107530.0,54325231300.0,national file
2022,15-1212,163690.0,119860.0,19619883400.0,national file
2022,15-1221,33780.0,155880.0,5265626400.0,national file
2022,15-1231,168920.0,76060.0,12848055200.0,national file
2022,15-1232,696830.0,61580.0,42910791400.0,national file
2022,15-1241,173920.0,129490.0,22520900800.0,national file
2022,15-1242,80520.0,102530.0,8255715600.0,national file
2022,15-1243,62470.0,136540.0,8529653800.0,national file
2022,15-1244,325930.0,97160.0,31667358800.0,national file
2022,15-1251,132740.0,102790.0,13644344600.0,national file
2022,15-1252,1534790.0,132930.0,204019634700.0,national file
2022,15-1253,196420.0,105750.0,20771415000.0,national file
2022,15-1254,88620.0,87580.0,7761339600.0,national file
2022,15-1255,97350.0,101740.0,9904389000.0,national file
2022,15-1299,416320.0,104660.0,43572051200.0,national file
2022,15-2011,25010.0,127580.0,3190775800.0,national file
2022,15-2021,2070.0,113860.0,235690200.0,national file
2022,15-2031,105080.0,95820.0,10068765600.0,national file
2022,15-2041,30780.0,105510.0,3247597800.0,national file
2022,15-2051,159630.0,115240.0,18395761200.0,national file
2022,15-2099,3840.0,82160.0,315494400.0,national file
2022,17-1011,107490.0,96510.0,10373859900.0,national file
2022,17-1012,18120.0,77820.0,1410098400.0,national file
2022,17-1021,13270.0,75300.0,999231000.0,national file
2022,17-1022,47770.0,71060.0,3394536200.0,national file
2022,17-2011,61580.0,127090.0,7826202200.0,national file
2022,17-2021,1500.0,90710.0,136065000.0,national file
2022,17-2031,19210.0,108060.0,2075832600.0,national file
2022,17-2041,20380.0,117820.0,2401171600.0,national file
2022,17-2051,307570.0,97380.0,29951166600.0,national file
2022,17-2061,74640.0,140830.0,10511551200.0,national file
2022,17-2071,182210.0,114050.0,20781050500.0,national file
2022,17-2072,106640.0,118460.0,12632574400.0,national file
2022,17-2081,45440.0,101670.0,4619884800.0,national file
2022,17-2111,21520.0,103570.0,2228826400.0,national file
2022,17-2112,321400.0,98560.0,31677184000.0,national file
2022,17-2121,7450.0,105560.0,786422000.0,national file
2022,17-2131,21510.0,105420.0,2267584200.0,national file
2022,17-2141,277560.0,100820.0,27983599200.0,national file
2022,17-2151,7390.0,101290.0,748533100.0,national file
2022,17-2161,12250.0,124540.0,1525615000.0,national file
2022,17-2171,20540.0,142800.0,2933112000.0,national file
2022,17-2199,150420.0,111280.0,16738737600.0,national file
2022,17-3011,105960.0,61660.0,6533493600.0,national file
2022,17-3012,20930.0,68640.0,1436635200.0,national file
2022,17-3013,47540.0,65700.0,3123378000.0,national file
2022,17-3019,17980.0,60370.0,1085452600.0,national file
2022,17-3021,9750.0,77060.0,751335000.0,national file
2022,17-3022,62350.0,61480.0,3833278000.0,national file
2022,17-3023,99050.0,70810.0,7013730500.0,national file
2022,17-3024,14540.0,65920.0,958476800.0,national file
2022,17-3025,13400.0,58020.0,777468000.0,national file
2022,17-3026,66560.0,63470.0,4224563200.0,national file
2022,17-3027,39610.0,64530.0,2556033300.0,national file
2022,17-3028,10790.0,67200.0,725088000.0,national file
2022,17-3029,70250.0,70550.0,4956137500.0,national file
2022,17-3031,56580.0,51570.0,2917830600.0,national file
2022,19-1011,2520.0,85870.0,216392400.0,national file
2022,19-1012,14720.0,85730.0,1261945600.0,national file
2022,19-1013,16010.0,76410.0,1223324100.0,national file
2022,19-1021,32500.0,114740.0,3729050000.0,national file
2022,19-1022,19710.0,88950.0,1753204500.0,national file
2022,19-1023,17410.0,72610.0,1264140100.0,national file
2022,19-1029,55300.0,95920.0,5304376000.0,national file
2022,19-1031,22880.0,69810.0,1597252800.0,national file
2022,19-1032,9430.0,68090.0,642088700.0,national file
2022,19-1041,9430.0,85880.0,809848400.0,national file
2022,19-1042,110550.0,110670.0,12234568500.0,national file
2022,19-1099,8320.0,100370.0,835078400.0,national file
2022,19-2011,2160.0,127460.0,275313600.0,national file
2022,19-2012,18840.0,150130.0,2828449200.0,national file
2022,19-2021,9900.0,93610.0,926739000.0,national file
2022,19-2031,83940.0,90530.0,7599088200.0,national file
2022,19-2032,7620.0,110690.0,843457800.0,national file
2022,19-2041,77270.0,83820.0,6476771400.0,national file
2022,19-2042,25230.0,104560.0,2638048800.0,national file
2022,19-2043,6270.0,96300.0,603801000.0,national file
2022,19-2099,19820.0,116230.0,2303678600.0,national file
2022,19-3011,16370.0,128180.0,2098306600.0,national file
2022,19-3022,7880.0,66440.0,523547200.0,national file
2022,19-3032,1280.0,144610.0,185100800.0,national file
2022,19-3033,62880.0,102740.0,6460291200.0,national file
2022,19-3034,60250.0,87550.0,5274887500.0,national file
2022,19-3039,13900.0,99560.0,1383884000.0,national file
2022,19-3041,2980.0,101310.0,301903800.0,national file
2022,19-3051,39880.0,82420.0,3286909600.0,national file
2022,19-3091,7350.0,68310.0,502078500.0,national file
2022,19-3092,1360.0,88960.0,120985600.0,national file
2022,19-3093,3120.0,72900.0,227448000.0,national file
2022,19-3094,5660.0,126140.0,713952400.0,national file
2022,19-3099,33210.0,94560.0,3140337600.0,national file
2022,19-4012,13140.0,45640.0,599709600.0,national file
2022,19-4013,14350.0,51320.0,736442000.0,national file
2022,19-4021,73710.0,53560.0,3947907600.0,national file
2022,19-4031,56030.0,56180.0,3147765400.0,national file
2022,19-4042,33920.0,53970.0,1830662400.0,national file
2022,19-4043,9170.0,60810.0,557627700.0,national file
2022,19-4044,2920.0,66640.0,194588800.0,national file
2022,19-4051,5880.0,97040.0,570595200.0,national file
2022,19-4061,28720.0,57760.0,1658867200.0,national file
2022,19-4071,29120.0,45000.0,1310400000.0,national file
2022,19-4092,17590.0,69260.0,1218283400.0,national file
2022,19-4099,70770.0,57790.0,4089798300.0,national file
2022,19-5011,109430.0,82110.0,8985297300.0,national file
2022,19-5012,23670.0,63230.0,1496654100.0,national file
2022,21-1012,308000.0,64200.0,19773600000.0,national file
2022,21-1013,62080.0,63300.0,3929664000.0,national file
2022,21-1015,82420.0,46020.0,3792968400.0,national file
2022,21-1018,344970.0,56230.0,19397663100.0,national file
2022,21-1019,37270.0,49770.0,1854927900.0,national file
2022,21-1021,344770.0,56680.0,19541563600.0,national file
2022,21-1022,182420.0,62760.0,11448679200.0,national file
2022,21-1023,107940.0,60130.0,6490432200.0,national file
2022,21-1029,54620.0,64360.0,3515343200.0,national file
2022,21-1091,56190.0,66710.0,3748434900.0,national file
2022,21-1092,89920.0,64920.0,5837606400.0,national file
2022,21-1093,399560.0,41600.0,16621696000.0,national file
2022,21-1094,61300.0,49900.0,3058870000.0,national file
2022,21-1099,94270.0,51620.0,4866217400.0,national file
2022,21-2011,53140.0,60180.0,3197965200.0,national file
2022,21-2021,24030.0,60540.0,1454776200.0,national file
2022,21-2099,10720.0,45420.0,486902400.0,national file
2022,23-1011,707160.0,163770.0,115811593200.0,national file
2022,23-1012,15540.0,66310.0,1030457400.0,national file
2022,23-1021,12490.0,97250.0,1214652500.0,national file
2022,23-1022,7780.0,98920.0,769597600.0,national file
2022,23-1023,28230.0,153700.0,4338951000.0,national file
2022,23-2011,345240.0,62840.0,21694881600.0,national file
2022,23-2093,53680.0,57030.0,3061370400.0,national file
2022,23-2099,46480.0,77200.0,3588256000.0,national file
2022,25-1011,78410.0,108060.0,8472984600.0,national file
2022,25-1021,33870.0,98610.0,3339920700.0,national file
2022,25-1022,46560.0,90110.0,4195521600.0,national file
2022,25-1031,6420.0,104370.0,670055400.0,national file
2022,25-1032,36010.0,114470.0,4122064700.0,national file
2022,25-1041,8240.0,96650.0,796396000.0,national file
2022,25-1042,49920.0,97800.0,4882176000.0,national file
2022,25-1043,1270.0,98160.0,124663200.0,national file
2022,25-1051,11150.0,107540.0,1199071000.0,national file
2022,25-1052,20650.0,95250.0,1966912500.0,national file
2022,25-1053,6240.0,91450.0,570648000.0,national file
2022,25-1054,12860.0,100810.0,1296416600.0,national file
2022,25-1061,4930.0,98940.0,487774200.0,national file
2022,25-1062,9340.0,92980.0,868433200.0,national file
2022,25-1063,11640.0,122750.0,1428810000.0,national file
2022,25-1064,3340.0,87880.0,293519200.0,national file
2022,25-1065,15190.0,98420.0,1494999800.0,national file
2022,25-1066,40050.0,88470.0,3543223500.0,national file
2022,25-1067,12030.0,90200.0,1085106000.0,national file
2022,25-1069,16200.0,89350.0,1447470000.0,national file
2022,25-1071,207700.0,127640.0,26510828000.0,national file
2022,25-1072,69190.0,84180.0,5824414200.0,national file
2022,25-1081,58280.0,78540.0,4577311200.0,national file
2022,25-1082,4330.0,81720.0,353847600.0,national file
2022,25-1111,13900.0,78980.0,1097822000.0,national file
2022,25-1112,14830.0,133950.0,1986478500.0,national file
2022,25-1113,12050.0,75330.0,907726500.0,national file
2022,25-1121,97830.0,93440.0,9141235200.0,national file
2022,25-1122,27350.0,84700.0,2316545000.0,national file
2022,25-1123,57680.0,83130.0,4794938400.0,national file
2022,25-1124,19520.0,83300.0,1626016000.0,national file
2022,25-1125,18250.0,88640.0,1617680000.0,national file
2022,25-1126,21620.0,87100.0,1883102000.0,national file
2022,25-1192,2420.0,89840.0,217412800.0,national file
2022,25-1193,13400.0,82020.0,1099068000.0,national file
2022,25-1194,103100.0,65500.0,6753050000.0,national file
2022,25-1199,214520.0,91760.0,19684355200.0,national file
2022,25-2011,415360.0,38640.0,16049510400.0,national file
2022,25-2012,119250.0,65120.0,7765560000.0,national file
2022,25-2021,1394200.0,68000.0,94805600000.0,national file
2022,25-2022,611120.0,67790.0,41427824800.0,national file
2022,25-2023,11110.0,67680.0,751924800.0,national file
2022,25-2031,1042090.0,69480.0,72404413200.0,national file
2022,25-2032,88280.0,67610.0,5968610800.0,national file
2022,25-2051,22970.0,69620.0,1599171400.0,national file
2022,25-2052,195010.0,68580.0,13373785800.0,national file
2022,25-2057,82970.0,69530.0,5768904100.0,national file
2022,25-2058,152490.0,71290.0,10871012100.0,national file
2022,25-2059,42780.0,74310.0,3178981800.0,national file
2022,25-3011,36490.0,63130.0,2303613700.0,national file
2022,25-3021,248150.0,50320.0,12486908000.0,national file
2022,25-3031,397200.0,42680.0,16952496000.0,national file
2022,25-3041,174980.0,44820.0,7842603600.0,national file
2022,25-3099,120480.0,66450.0,8005896000.0,national file
2022,25-4011,7230.0,63980.0,462575400.0,national file
2022,25-4012,11620.0,67490.0,784233800.0,national file
2022,25-4013,12240.0,52820.0,646516800.0,national file
2022,25-4022,131680.0,64770.0,8528913600.0,national file
2022,25-4031,73330.0,40590.0,2976464700.0,national file
2022,25-9021,8220.0,58450.0,480459000.0,national file
2022,25-9031,198660.0,73080.0,14518072800.0,national file
2022,25-9044,135160.0,41900.0,5663204000.0,national file
2022,25-9045,1254240.0,33740.0,42318057600.0,national file
2022,25-9099,129170.0,52250.0,6749132500.0,national file
2022,27-1011,54470.0,124310.0,6771165700.0,national file
2022,27-1012,4760.0,49180.0,234096800.0,national file
2022,27-1013,12080.0,69870.0,844029600.0,national file
2022,27-1014,35990.0,111130.0,3999568700.0,national file
2022,27-1019,7510.0,74130.0,556716300.0,national file
2022,27-1021,30450.0,81740.0,2488983000.0,national file
2022,27-1022,20560.0,85760.0,1763225600.0,national file
2022,27-1023,42840.0,34310.0,1469840400.0,national file
2022,27-1024,211890.0,64500.0,13666905000.0,national file
2022,27-1025,64290.0,67460.0,4337003400.0,national file
2022,27-1026,173110.0,38120.0,6598953200.0,national file
2022,27-1027,9490.0,68490.0,649970100.0,national file
2022,27-1029,11180.0,76430.0,854487400.0,national file
2022,27-2012,153770.0,110660.0,17016188200.0,national file
2022,27-2021,11930.0,358080.0,4271894400.0,national file
2022,27-2022,218970.0,57450.0,12579826500.0,national file
2022,27-2023,12720.0,49030.0,623661600.0,national file
2022,27-2032,5400.0,58740.0,317196000.0,national file
2022,27-2041,11690.0,95430.0,1115576700.0,national file
2022,27-3011,26820.0,155730.0,4176678600.0,national file
2022,27-3023,44530.0,86290.0,3842493700.0,national file
2022,27-3031,264750.0,78540.0,20793465000.0,national file
2022,27-3041,101430.0,84820.0,8603292600.0,national file
2022,27-3042,48620.0,86760.0,4218271200.0,national file
2022,27-3043,54010.0,91560.0,4945155600.0,national file
2022,27-3091,52160.0,61730.0,3219836800.0,national file
2022,27-3092,14240.0,70290.0,1000929600.0,national file
2022,27-3099,23780.0,113840.0,2707115200.0,national file
2022,27-4011,56110.0,57710.0,3238108100.0,national file
2022,27-4012,33020.0,84860.0,2802077200.0,national file
2022,27-4014,13420.0,75590.0,1014417800.0,national file
2022,27-4015,8540.0,74020.0,632130800.0,national file
2022,27-4021,47380.0,50210.0,2378949800.0,national file
2022,27-4031,22970.0,69940.0,1606521800.0,national file
2022,27-4032,32080.0,80990.0,2598159200.0,national file
2022,27-4099,14300.0,74490.0,1065207000.0,national file
2022,29-1011,37740.0,83720.0,3159592800.0,national file
2022,29-1021,120740.0,172290.0,20802294600.0,national file
2022,29-1022,4290.0,309410.0,1327368900.0,national file
2022,29-1023,6310.0,216320.0,1364979200.0,national file
2022,29-1029,5250.0,233430.0,1225507500.0,national file
2022,29-1031,69880.0,69350.0,4846178000.0,national file
2022,29-1041,40640.0,133100.0,5409184000.0,national file
2022,29-1051,325480.0,129410.0,42120366800.0,national file
2022,29-1071,140910.0,125270.0,17651795700.0,national file
2022,29-1081,9320.0,157970.0,1472280400.0,national file
2022,29-1122,134980.0,92800.0,12526144000.0,national file
2022,29-1123,229740.0,97960.0,22505330400.0,national file
2022,29-1124,15510.0,98340.0,1525253400.0,national file
2022,29-1125,15920.0,56310.0,896455200.0,national file
2022,29-1126,129910.0,74310.0,9653612100.0,national file
2022,29-1127,162760.0,89460.0,14560509600.0,national file
2022,29-1128,6580.0,55820.0,367295600.0,national file
2022,29-1129,16920.0,71860.0,1215871200.0,national file
2022,29-1131,78810.0,129110.0,10175159100.0,national file
2022,29-1141,3072700.0,89010.0,273501027000.0,national file
2022,29-1151,46540.0,205770.0,9576535800.0,national file
2022,29-1161,7950.0,122450.0,973477500.0,national file
2022,29-1171,258230.0,124680.0,32196116400.0,national file
2022,29-1181,13940.0,89490.0,1247490600.0,national file
2022,29-1211,37430.0,302970.0,11340167100.0,national file
2022,29-1212,16870.0,421330.0,7107837100.0,national file
2022,29-1213,11640.0,327650.0,3813846000.0,national file
2022,29-1214,29260.0,316600.0,9263716000.0,national file
2022,29-1215,100940.0,224460.0,22656992400.0,national file
2022,29-1216,67220.0,225270.0,15142649400.0,national file
2022,29-1217,11340.0,255510.0,2897483400.0,national file
2022,29-1218,21450.0,277320.0,5948514000.0,national file
2022,29-1221,33430.0,203240.0,6794313200.0,national file
2022,29-1222,12320.0,252850.0,3115112000.0,national file
2022,29-1223,26500.0,247350.0,6554775000.0,national file
2022,29-1224,29250.0,329080.0,9625590000.0,national file
2022,29-1229,305260.0,238700.0,72865562000.0,national file
2022,29-1241,12580.0,265450.0,3339361000.0,national file
2022,29-1242,19060.0,371400.0,7078884000.0,national file
2022,29-1243,780.0,362970.0,283116600.0,national file
2022,29-1249,25910.0,347870.0,9013311700.0,national file
2022,29-1291,7800.0,82390.0,642642000.0,national file
2022,29-1292,214700.0,84860.0,18219442000.0,national file
2022,29-1299,30080.0,123960.0,3728716800.0,national file
2022,29-2010,333600.0,59130.0,19725768000.0,national file
2022,29-2031,55750.0,65490.0,3651067500.0,national file
2022,29-2032,81080.0,84410.0,6843962800.0,national file
2022,29-2033,16910.0,89610.0,1515305100.0,national file
2022,29-2034,215820.0,70240.0,15159196800.0,national file
2022,29-2035,38380.0,81530.0,3129121400.0,national file
2022,29-2036,3190.0,129080.0,411765200.0,national file
2022,29-2042,167720.0,40120.0,6728926400.0,national file
2022,29-2043,95440.0,53560.0,5111766400.0,national file
2022,29-2051,19690.0,36370.0,716125300.0,national file
2022,29-2052,453630.0,40260.0,18263143800.0,national file
2022,29-2053,100950.0,40760.0,4114722000.0,national file
2022,29-2055,107400.0,57500.0,6175500000.0,national file
2022,29-2056,118750.0,40770.0,4841437500.0,national file
2022,29-2057,66060.0,42480.0,2806228800.0,national file
2022,29-2061,632020.0,55860.0,35304637200.0,national file
2022,29-2072,187720.0,51090.0,9590614800.0,national file
2022,29-2081,73460.0,44890.0,3297619400.0,national file
2022,29-2091,9150.0,78240.0,715896000.0,national file
2022,29-2092,10080.0,62480.0,629798400.0,national file
2022,29-2099,162800.0,50790.0,8268612000.0,national file
2022,29-9021,35500.0,65280.0,2317440000.0,national file
2022,29-9091,29720.0,57810.0,1718113200.0,national file
2022,29-9092,3220.0,93120.0,299846400.0,national file
2022,29-9093,18650.0,61200.0,1141380000.0,national file
2022,29-9099,41130.0,68170.0,2803832100.0,national file
2022,31-1120,3504230.0,30930.0,108385833900.0,national file
2022,31-1131,1310090.0,36220.0,47451459800.0,national file
2022,31-1132,44790.0,36070.0,1615575300.0,national file
2022,31-1133,30590.0,38620.0,1181385800.0,national file
2022,31-2011,43810.0,66280.0,2903726800.0,national file
2022,31-2012,3710.0,43090.0,159863900.0,national file
2022,31-2021,97740.0,64510.0,6305207400.0,national file
2022,31-2022,42800.0,33210.0,1421388000.0,national file
2022,31-9011,86270.0,57060.0,4922566200.0,national file
2022,31-9091,363880.0,44710.0,16269074800.0,national file
2022,31-9092,752460.0,40700.0,30625122000.0,national file
2022,31-9093,63890.0,44940.0,2871216600.0,national file
2022,31-9094,48680.0,37090.0,1805541200.0,national file
2022,31-9095,43230.0,35870.0,1550660100.0,national file
2022,31-9096,111880.0,34490.0,3858741200.0,national file
2022,31-9097,137090.0,40580.0,5563112200.0,national file
2022,31-9099,107170.0,43490.0,4660823300.0,national file
2022,33-1011,55900.0,70190.0,3923621000.0,national file
2022,33-1012,131860.0,99410.0,13108202600.0,national file
2022,33-1021,84040.0,84810.0,7127432400.0,national file
2022,33-1091,59520.0,54750.0,3258720000.0,national file
2022,33-1099,23340.0,63730.0,1487458200.0,national file
2022,33-2011,321450.0,56310.0,18100849500.0,national file
2022,33-2021,14510.0,76910.0,1115964100.0,national file
2022,33-2022,2290.0,56780.0,130026200.0,national file
2022,33-3011,16470.0,54680.0,900579600.0,national file
2022,33-3012,363250.0,54760.0,19891570000.0,national file
2022,33-3021,107400.0,91610.0,9838914000.0,national file
2022,33-3031,6530.0,59860.0,390885800.0,national file
2022,33-3041,8150.0,44670.0,364060500.0,national file
2022,33-3051,655890.0,71380.0,46817428200.0,national file
2022,33-3052,3370.0,76380.0,257400600.0,national file
2022,33-9011,11490.0,43780.0,503032200.0,national file
2022,33-9021,32050.0,59400.0,1903770000.0,national file
2022,33-9031,10500.0,39290.0,412545000.0,national file
2022,33-9032,1124890.0,36700.0,41283463000.0,national file
2022,33-9091,91270.0,37490.0,3421712300.0,national file
2022,33-9092,107930.0,28370.0,3061974100.0,national file
2022,33-9093,47550.0,48520.0,2307126000.0,national file
2022,33-9094,64100.0,31040.0,1989664000.0,national file
2022,33-9099,93840.0,43270.0,4060456800.0,national file
2022,35-1011,160190.0,60210.0,9645039900.0,national file
2022,35-1012,1169620.0,41020.0,47977812400.0,national file
2022,35-2011,725590.0,27920.0,20258472800.0,national file
2022,35-2012,417780.0,33670.0,14066652600.0,national file
2022,35-2013,610.0,45510.0,27761100.0,national file
2022,35-2014,1321480.0,33940.0,44851031200.0,national file
2022,35-2015,133290.0,30770.0,4101333300.0,national file
2022,35-2019,18590.0,35120.0,652880800.0,national file
2022,35-2021,904330.0,30720.0,27781017600.0,national file
2022,35-3011,613070.0,34490.0,21144784300.0,national file
2022,35-3023,3325050.0,28130.0,93533656500.0,national file
2022,35-3031,2122210.0,33020.0,70075374200.0,national file
2022,35-3041,248870.0,31940.0,7948907800.0,national file
2022,35-9011,439770.0,30290.0,13320633300.0,national file
2022,35-9021,431840.0,29560.0,12765190400.0,national file
2022,35-9031,400420.0,28380.0,11363919600.0,national file
2022,35-9099,81930.0,31990.0,2620940700.0,national file
2022,37-1011,165750.0,47430.0,7861522500.0,national file
2022,37-1012,122910.0,55770.0,6854690700.0,national file
2022,37-2011,2148350.0,33960.0,72957966000.0,national file
2022,37-2012,771390.0,31920.0,24622768800.0,national file
2022,37-2019,15630.0,41360.0,646456800.0,national file
2022,37-2021,91160.0,42210.0,3847863600.0,national file
2022,37-3011,914230.0,37270.0,34073352100.0,national file
2022,37-3012,22740.0,42560.0,967814400.0,national file
2022,37-3013,48150.0,49820.0,2398833000.0,national file
2022,37-3019,16050.0,43750.0,702187500.0,national file
2022,39-1013,21900.0,56400.0,1235160000.0,national file
2022,39-1014,79060.0,48630.0,3844687800.0,national file
2022,39-1022,104480.0,47330.0,4945038400.0,national file
2022,39-2011,17710.0,41820.0,740632200.0,national file
2022,39-2021,256670.0,32160.0,8254507200.0,national file
2022,39-3011,71290.0,34350.0,2448811500.0,national file
2022,39-3012,7910.0,32310.0,255572100.0,national file
2022,39-3019,12260.0,34340.0,421008400.0,national file
2022,39-3021,1900.0,35710.0,67849000.0,national file
2022,39-3031,98350.0,28700.0,2822645000.0,national file
2022,39-3091,324580.0,28350.0,9201843000.0,national file
2022,39-3092,5730.0,55070.0,315551100.0,national file
2022,39-3093,12130.0,32560.0,394952800.0,national file
2022,39-3099,4930.0,30810.0,151893300.0,national file
2022,39-4011,3950.0,54120.0,213774000.0,national file
2022,39-4012,2930.0,43120.0,126341600.0,national file
2022,39-4021,32950.0,34340.0,1131503000.0,national file
2022,39-4031,23940.0,58430.0,1398814200.0,national file
2022,39-5011,12690.0,39350.0,499351500.0,national file
2022,39-5012,298050.0,38910.0,11597125500.0,national file
2022,39-5091,2970.0,93850.0,278734500.0,national file
2022,39-5092,138020.0,33560.0,4631951200.0,national file
2022,39-5093,7480.0,27870.0,208467600.0,national file
2022,39-5094,61990.0,47790.0,2962502100.0,national file
2022,39-6011,26520.0,33130.0,878607600.0,national file
2022,39-6012,37600.0,38270.0,1438952000.0,national file
2022,39-7010,41180.0,37790.0,1556192200.0,national file
2022,39-9011,459460.0,29570.0,13586232200.0,national file
2022,39-9031,250540.0,50170.0,12569591800.0,national file
2022,39-9032,270380.0,34170.0,9238884600.0,national file
2022,39-9041,86770.0,37530.0,3256478100.0,national file
2022,39-9099,59310.0,33580.0,1991629800.0,national file
2022,41-1011,1097160.0,50130.0,55000630800.0,national file
2022,41-1012,237520.0,96890.0,23013312800.0,national file
2022,41-2011,3296040.0,28730.0,94695229200.0,national file
2022,41-2012,18800.0,32950.0,619460000.0,national file
2022,41-2021,370770.0,39320.0,14578676400.0,national file
2022,41-2022,259280.0,39250.0,10176740000.0,national file
2022,41-2031,3640040.0,34730.0,126418589200.0,national file
2022,41-3011,106560.0,73260.0,7806585600.0,national file
2022,41-3021,445540.0,76950.0,34284303000.0,national file
2022,41-3031,443220.0,100740.0,44649982800.0,national file
2022,41-3041,53180.0,48250.0,2565935000.0,national file
2022,41-3091,1075750.0,77390.0,83252292500.0,national file
2022,41-4011,290830.0,109950.0,31976758500.0,national file
2022,41-4012,1273400.0,76890.0,97911726000.0,national file
2022,41-9011,43410.0,38470.0,1669982700.0,national file
2022,41-9012,2070.0,77310.0,160031700.0,national file
2022,41-9021,52310.0,90930.0,4756548300.0,national file
2022,41-9022,193010.0,65850.0,12709708500.0,national file
2022,41-9031,59700.0,125460.0,7489962000.0,national file
2022,41-9041,96520.0,33600.0,3243072000.0,national file
2022,41-9091,8640.0,36280.0,313459200.0,national file
2022,41-9099,119490.0,56440.0,6744015600.0,national file
2022,43-1011,1495440.0,65510.0,97966274400.0,national file
2022,43-2011,47430.0,37230.0,1765818900.0,national file
2022,43-2021,4030.0,41590.0,167607700.0,national file
2022,43-2099,1240.0,50140.0,62173600.0,national file
2022,43-3011,202840.0,42820.0,8685608800.0,national file
2022,43-3021,441980.0,44800.0,19800704000.0,national file
2022,43-3031,1550750.0,47440.0,73567580000.0,national file
2022,43-3041,11730.0,33370.0,391430100.0,national file
2022,43-3051,159190.0,52300.0,8325637000.0,national file
2022,43-3061,63340.0,46560.0,2949110400.0,national file
2022,43-3071,352440.0,36800.0,12969792000.0,national file
2022,43-3099,41850.0,49710.0,2080363500.0,national file
2022,43-4011,42700.0,59200.0,2527840000.0,national file
2022,43-4021,4970.0,42560.0,211523200.0,national file
2022,43-4031,159760.0,46280.0,7393692800.0,national file
2022,43-4041,16290.0,46180.0,752272200.0,national file
2022,43-4051,2879840.0,41190.0,118620609600.0,national file
2022,43-4061,149760.0,50020.0,7490995200.0,national file
2022,43-4071,87250.0,39560.0,3451610000.0,national file
2022,43-4081,243180.0,30300.0,7368354000.0,national file
2022,43-4111,168680.0,41140.0,6939495200.0,national file
2022,43-4121,77660.0,33980.0,2638886800.0,national file
2022,43-4131,242630.0,46740.0,11340526200.0,national file
2022,43-4141,45170.0,42880.0,1936889600.0,national file
2022,43-4151,113500.0,40540.0,4601290000.0,national file
2022,43-4161,103680.0,46900.0,4862592000.0,national file
2022,43-4171,1011170.0,34600.0,34986482000.0,national file
2022,43-4181,119130.0,45440.0,5413267200.0,national file
2022,43-4199,150590.0,45910.0,6913586900.0,national file
2022,43-5011,93480.0,49740.0,4649695200.0,national file
2022,43-5021,75800.0,36250.0,2747750000.0,national file
2022,43-5031,95730.0,49370.0,4726190100.0,national file
2022,43-5032,206370.0,48350.0,9977989500.0,national file
2022,43-5041,20460.0,49800.0,1018908000.0,national file
2022,43-5051,77690.0,56400.0,4381716000.0,national file
2022,43-5052,326760.0,56240.0,18376982400.0,national file
2022,43-5053,119530.0,52990.0,6333894700.0,national file
2022,43-5061,389920.0,55080.0,21476793600.0,national file
2022,43-5071,848240.0,40450.0,34311308000.0,national file
2022,43-5111,52610.0,41470.0,2181736700.0,national file
2022,43-6011,475240.0,71060.0,33770554400.0,national file
2022,43-6012,159940.0,54180.0,8665549200.0,national file
2022,43-6013,682630.0,41260.0,28165313800.0,national file
2022,43-6014,1826710.0,43410.0,79297481100.0,national file
2022,43-9021,157380.0,37970.0,5975718600.0,national file
2022,43-9022,41990.0,44990.0,1889130100.0,national file
2022,43-9031,6560.0,53390.0,350238400.0,national file
2022,43-9041,227580.0,47840.0,10887427200.0,national file
2022,43-9051,67750.0,36210.0,2453227500.0,national file
2022,43-9061,2517350.0,41140.0,103563779000.0,national file
2022,43-9071,30410.0,38300.0,1164703000.0,national file
2022,43-9081,5120.0,48770.0,249702400.0,national file
2022,43-9111,6710.0,54630.0,366567300.0,national file
2022,43-9199,174590.0,43150.0,7533558500.0,national file
2022,45-1011,27670.0,58820.0,1627549400.0,national file
2022,45-2011,14000.0,49020.0,686280000.0,national file
2022,45-2021,1270.0,48650.0,61785500.0,national file
2022,45-2041,23280.0,32990.0,768007200.0,national file
2022,45-2091,28830.0,39750.0,1145992500.0,national file
2022,45-2092,284000.0,34300.0,9741200000.0,national file
2022,45-2093,33020.0,36290.0,1198295800.0,national file
2022,45-2099,6100.0,39180.0,238998000.0,national file
2022,45-4011,6080.0,36010.0,218940800.0,national file
2022,45-4021,4530.0,58130.0,263328900.0,national file
2022,45-4022,24780.0,46570.0,1154004600.0,national file
2022,45-4023,3950.0,44570.0,176051500.0,national file
2022,45-4029,3490.0,47850.0,166996500.0,national file
2022,47-1011,720900.0,77650.0,55977885000.0,national file
2022,47-2011,13570.0,69780.0,946914600.0,national file
2022,47-2021,55530.0,62380.0,3463961400.0,national file
2022,47-2022,10220.0,56100.0,573342000.0,national file
2022,47-2031,689770.0,58210.0,40151511700.0,national file
2022,47-2041,17400.0,49520.0,861648000.0,national file
2022,47-2042,20710.0,54870.0,1136357700.0,national file
2022,47-2043,4270.0,49330.0,210639100.0,national file
2022,47-2044,40760.0,53680.0,2187996800.0,national file
2022,47-2051,196730.0,53890.0,10601779700.0,national file
2022,47-2053,1460.0,61680.0,90052800.0,national file
2022,47-2061,1012780.0,46350.0,46942353000.0,national file
2022,47-2071,41470.0,52730.0,2186713100.0,national file
2022,47-2072,3290.0,70220.0,231023800.0,national file
2022,47-2073,423040.0,59420.0,25137036800.0,national file
2022,47-2081,91590.0,57880.0,5301229200.0,national file
2022,47-2082,14290.0,65880.0,941425200.0,national file
2022,47-2111,690050.0,65280.0,45046464000.0,national file
2022,47-2121,51630.0,55160.0,2847910800.0,national file
2022,47-2131,33130.0,48870.0,1619063100.0,national file
2022,47-2132,25660.0,59100.0,1516506000.0,national file
2022,47-2141,215680.0,49350.0,10643808000.0,national file
2022,47-2142,2220.0,49030.0,108846600.0,national file
2022,47-2151,36070.0,51230.0,1847866100.0,national file
2022,47-2152,427920.0,65190.0,27896104800.0,national file
2022,47-2161,25950.0,55650.0,1444117500.0,national file
2022,47-2171,17270.0,57780.0,997860600.0,national file
2022,47-2181,131980.0,51910.0,6851081800.0,national file
2022,47-2211,120810.0,61300.0,7405653000.0,national file
2022,47-2221,66810.0,64800.0,4329288000.0,national file
2022,47-2231,27760.0,47970.0,1331647200.0,national file
2022,47-3011,17730.0,44230.0,784197900.0,national file
2022,47-3012,24580.0,38880.0,955670400.0,national file
2022,47-3013,71000.0,38840.0,2757640000.0,national file
2022,47-3014,8630.0,38040.0,328285200.0,national file
2022,47-3015,46760.0,37590.0,1757708400.0,national file
2022,47-3016,5790.0,40880.0,236695200.0,national file
2022,47-3019,27920.0,40790.0,1138856800.0,national file
2022,47-4011,128950.0,70130.0,9043263500.0,national file
2022,47-4021,24380.0,93960.0,2290744800.0,national file
2022,47-4031,27060.0,43780.0,1184686800.0,national file
2022,47-4041,46780.0,51620.0,2414783600.0,national file
2022,47-4051,143330.0,45790.0,6563080700.0,national file
2022,47-4061,18600.0,63840.0,1187424000.0,national file
2022,47-4071,27660.0,47580.0,1316062800.0,national file
2022,47-4090,29880.0,48620.0,1452765600.0,national file
2022,47-5011,10950.0,53770.0,588781500.0,national file
2022,47-5012,12190.0,60450.0,736885500.0,national file
2022,47-5013,36320.0,57170.0,2076414400.0,national file
2022,47-5022,33670.0,53490.0,1801008300.0,national file
2022,47-5023,19010.0,57250.0,1088322500.0,national file
2022,47-5032,4710.0,61560.0,289947600.0,national file
2022,47-5041,13500.0,57120.0,771120000.0,national file
2022,47-5043,1700.0,63990.0,108783000.0,national file
2022,47-5044,5210.0,62420.0,325208200.0,national file
2022,47-5049,2270.0,61990.0,140717300.0,national file
2022,47-5051,3910.0,47010.0,183809100.0,national file
2022,47-5071,39100.0,45750.0,1788825000.0,national file
2022,47-5081,6910.0,44410.0,306873100.0,national file
2022,47-5099,6290.0,53220.0,334753800.0,national file
2022,49-1011,559050.0,76020.0,42498981000.0,national file
2022,49-2011,81440.0,47120.0,3837452800.0,national file
2022,49-2021,13020.0,62570.0,814661400.0,national file
2022,49-2022,168180.0,61670.0,10371660600.0,national file
2022,49-2091,20200.0,74730.0,1509546000.0,national file
2022,49-2092,15390.0,51500.0,792585000.0,national file
2022,49-2093,8530.0,71740.0,611942200.0,national file
2022,49-2094,51650.0,66650.0,3442472500.0,national file
2022,49-2095,25440.0,88770.0,2258308800.0,national file
2022,49-2096,9450.0,45720.0,432054000.0,national file
2022,49-2097,22200.0,48450.0,1075590000.0,national file
2022,49-2098,80720.0,54280.0,4381481600.0,national file
2022,49-3011,134070.0,72640.0,9738844800.0,national file
2022,49-3021,138760.0,53220.0,7384807200.0,national file
2022,49-3022,17370.0,43900.0,762543000.0,national file
2022,49-3023,664070.0,49690.0,32997638300.0,national file
2022,49-3031,271720.0,56140.0,15254360800.0,national file
2022,49-3041,35280.0,49930.0,1761530400.0,national file
2022,49-3042,158350.0,59560.0,9431326000.0,national file
2022,49-3043,19830.0,61960.0,1228666800.0,national file
2022,49-3051,24920.0,50280.0,1252977600.0,national file
2022,49-3052,14700.0,44740.0,657678000.0,national file
2022,49-3053,35570.0,42590.0,1514926300.0,national file
2022,49-3091,13760.0,36770.0,505955200.0,national file
2022,49-3092,17190.0,47320.0,813430800.0,national file
2022,49-3093,99980.0,34970.0,3496300600.0,national file
2022,49-9011,27330.0,48400.0,1322772000.0,national file
2022,49-9012,46410.0,69410.0,3221318100.0,national file
2022,49-9021,374770.0,57460.0,21534284200.0,national file
2022,49-9031,29370.0,47500.0,1395075000.0,national file
2022,49-9041,386120.0,60990.0,23549458800.0,national file
2022,49-9043,62770.0,55910.0,3509470700.0,national file
2022,49-9044,40930.0,61750.0,2527427500.0,national file
2022,49-9045,580.0,51010.0,29585800.0,national file
2022,49-9051,119510.0,82770.0,9891842700.0,national file
2022,49-9052,107670.0,64280.0,6921027600.0,national file
2022,49-9061,2120.0,46870.0,99364400.0,national file
2022,49-9062,58830.0,60950.0,3585688500.0,national file
2022,49-9063,6330.0,43120.0,272949600.0,national file
2022,49-9064,1880.0,49580.0,93210400.0,national file
2022,49-9069,10810.0,63970.0,691515700.0,national file
2022,49-9071,1485990.0,47130.0,70034708700.0,national file
2022,49-9081,9830.0,59880.0,588620400.0,national file
2022,49-9091,35790.0,42500.0,1521075000.0,national file
2022,49-9092,3860.0,85630.0,330531800.0,national file
2022,49-9094,15240.0,50210.0,765200400.0,national file
2022,49-9095,3630.0,38020.0,138012600.0,national file
2022,49-9096,19260.0,58700.0,1130562000.0,national file
2022,49-9097,6880.0,77370.0,532305600.0,national file
2022,49-9098,93650.0,36750.0,3441637500.0,national file
2022,49-9099,172980.0,47800.0,8268444000.0,national file
2022,51-1011,659930.0,69100.0,45601163000.0,national file
2022,51-2011,32140.0,60110.0,1931935400.0,national file
2022,51-2021,10860.0,44850.0,487071000.0,national file
2022,51-2028,275510.0,41770.0,11508052700.0,national file
2022,51-2031,50120.0,51980.0,2605237600.0,national file
2022,51-2041,58870.0,48870.0,2876976900.0,national file
2022,51-2051,21910.0,41280.0,904444800.0,national file
2022,51-2061,370.0,46480.0,17197600.0,national file
2022,51-2090,1454130.0,40250.0,58528732500.0,national file
2022,51-3011,205300.0,34140.0,7008942000.0,national file
2022,51-3021,129400.0,38200.0,4943080000.0,national file
2022,51-3022,133460.0,35090.0,4683111400.0,national file
2022,51-3023,78660.0,34920.0,2746807200.0,national file
2022,51-3091,20010.0,39770.0,795797700.0,national file
2022,51-3092,166520.0,38710.0,6445989200.0,national file
2022,51-3093,26740.0,37760.0,1009702400.0,national file
2022,51-3099,47790.0,35430.0,1693199700.0,national file
2022,51-4021,63490.0,42580.0,2703404200.0,national file
2022,51-4022,10650.0,46940.0,499911000.0,national file
2022,51-4023,27900.0,48250.0,1346175000.0,national file
2022,51-4031,182460.0,42240.0,7707110400.0,national file
2022,51-4032,6470.0,45350.0,293414500.0,national file
2022,51-4033,73800.0,42050.0,3103290000.0,national file
2022,51-4034,19410.0,47820.0,928186200.0,national file
2022,51-4035,15480.0,49200.0,761616000.0,national file
2022,51-4041,316860.0,51430.0,16296109800.0,national file
2022,51-4051,19320.0,53450.0,1032654000.0,national file
2022,51-4052,6070.0,46600.0,282862000.0,national file
2022,51-4061,3350.0,60220.0,201737000.0,national file
2022,51-4062,2230.0,55470.0,123698100.0,national file
2022,51-4071,11330.0,42000.0,475860000.0,national file
2022,51-4072,165820.0,39690.0,6581395800.0,national file
2022,51-4081,137060.0,42040.0,5762002400.0,national file
2022,51-4111,61730.0,59390.0,3666144700.0,national file
2022,51-4121,408990.0,50460.0,20637635400.0,national file
2022,51-4122,30940.0,46110.0,1426643400.0,national file
2022,51-4191,15600.0,43700.0,681720000.0,national file
2022,51-4192,6890.0,56170.0,387011300.0,national file
2022,51-4193,32050.0,40290.0,1291294500.0,national file
2022,51-4194,5320.0,46040.0,244932800.0,national file
2022,51-4199,21030.0,41960.0,882418800.0,national file
2022,51-5111,25250.0,44880.0,1133220000.0,national file
2022,51-5112,150010.0,42730.0,6409927300.0,national file
2022,51-5113,39030.0,38850.0,1516315500.0,national file
2022,51-6011,175730.0,29660.0,5212151800.0,national file
2022,51-6021,28570.0,30650.0,875670500.0,national file
2022,51-6031,116750.0,33130.0,3867927500.0,national file
2022,51-6041,8860.0,34600.0,306556000.0,national file
2022,51-6042,2960.0,34160.0,101113600.0,national file
2022,51-6051,3440.0,33440.0,115033600.0,national file
2022,51-6052,16870.0,37230.0,628070100.0,national file
2022,51-6061,6640.0,33900.0,225096000.0,national file
2022,51-6062,10700.0,34970.0,374179000.0,national file
2022,51-6063,16900.0,35710.0,603499000.0,national file
2022,51-6064,23830.0,34610.0,824756300.0,national file
2022,51-6091,14460.0,42770.0,618454200.0,national file
2022,51-6092,3070.0,66820.0,205137400.0,national file
2022,51-6093,26990.0,41900.0,1130881000.0,national file
2022,51-6099,12810.0,35520.0,455011200.0,national file
2022,51-7011,95980.0,42120.0,4042677600.0,national file
2022,51-7021,14990.0,39880.0,597801200.0,national file
2022,51-7031,720.0,52820.0,38030400.0,national file
2022,51-7032,330.0,45720.0,15087600.0,national file
2022,51-7041,46400.0,37450.0,1737680000.0,national file
2022,51-7042,63680.0,38060.0,2423660800.0,national file
2022,51-7099,9120.0,36870.0,336254400.0,national file
2022,51-8011,5450.0,117510.0,640429500.0,national file
2022,51-8012,9380.0,101360.0,950756800.0,national file
2022,51-8013,31590.0,88960.0,2810246400.0,national file
2022,51-8021,31470.0,72570.0,2283777900.0,national file
2022,51-8031,119350.0,55690.0,6646601500.0,national file
2022,51-8091,18710.0,79290.0,1483515900.0,national file
2022,51-8092,14290.0,78430.0,1120764700.0,national file
2022,51-8093,31360.0,84140.0,2638630400.0,national file
2022,51-8099,15370.0,60070.0,923275900.0,national file
2022,51-9011,115370.0,54210.0,6254207700.0,national file
2022,51-9012,52470.0,48980.0,2569980600.0,national file
2022,51-9021,27320.0,45310.0,1237869200.0,national file
2022,51-9022,14190.0,38770.0,550146300.0,national file
2022,51-9023,108900.0,45220.0,4924458000.0,national file
2022,51-9031,8250.0,37830.0,312097500.0,national file
2022,51-9032,54110.0,41980.0,2271537800.0,national file
2022,51-9041,58740.0,41940.0,2463555600.0,national file
2022,51-9051,15030.0,46180.0,694085400.0,national file
2022,51-9061,579740.0,47290.0,27415904600.0,national file
2022,51-9071,26280.0,50530.0,1327928400.0,national file
2022,51-9081,33330.0,49930.0,1664166900.0,national file
2022,51-9082,15680.0,46240.0,725043200.0,national file
2022,51-9083,20200.0,40140.0,810828000.0,national file
2022,51-9111,369330.0,39060.0,14426029800.0,national file
2022,51-9123,11990.0,41770.0,500822300.0,national file
2022,51-9124,152120.0,46440.0,7064452800.0,national file
2022,51-9141,23860.0,48370.0,1154108200.0,national file
2022,51-9151,5380.0,42750.0,229995000.0,national file
2022,51-9161,179360.0,47940.0,8598518400.0,national file
2022,51-9162,28120.0,64580.0,1815989600.0,national file
2022,51-9191,11320.0,40100.0,453932000.0,national file
2022,51-9192,13200.0,39130.0,516516000.0,national file
2022,51-9193,6420.0,44240.0,284020800.0,national file
2022,51-9194,8400.0,40950.0,343980000.0,national file
2022,51-9195,39060.0,41680.0,1628020800.0,national file
2022,51-9196,92050.0,46390.0,4270199500.0,national file
2022,51-9197,18360.0,50600.0,929016000.0,national file
2022,51-9198,190680.0,35740.0,6814903200.0,national file
2022,51-9199,252660.0,38860.0,9818367600.0,national file
2022,53-1041,7950.0,61150.0,486142500.0,national file
2022,53-1047,591760.0,60850.0,36008596000.0,national file
2022,53-2011,89580.0,225740.0,20221789200.0,national file
2022,53-2012,48750.0,123250.0,6008437500.0,national file
2022,53-2021,21250.0,130840.0,2780350000.0,national file
2022,53-2022,14760.0,64050.0,945378000.0,national file
2022,53-2031,108480.0,67020.0,7270329600.0,national file
2022,53-3011,9910.0,33570.0,332678700.0,national file
2022,53-3031,489510.0,35560.0,17406975600.0,national file
2022,53-3032,1984180.0,53090.0,105340116200.0,national file
2022,53-3033,1059840.0,45020.0,47713996800.0,national file
2022,53-3051,366550.0,42400.0,15541720000.0,national file
2022,53-3052,141530.0,53920.0,7631297600.0,national file
2022,53-3053,201070.0,35000.0,7037450000.0,national file
2022,53-3054,13820.0,32710.0,452052200.0,national file
2022,53-3099,49340.0,37650.0,1857651000.0,national file
2022,53-4011,36440.0,73850.0,2691094000.0,national file
2022,53-4013,2680.0,58430.0,156592400.0,national file
2022,53-4022,14210.0,64810.0,920950100.0,national file
2022,53-4031,40940.0,69190.0,2832638600.0,national file
2022,53-4041,9120.0,75880.0,692025600.0,national file
2022,53-4099,2240.0,46780.0,104787200.0,national file
2022,53-5011,28500.0,53350.0,1520475000.0,national file
2022,53-5021,34940.0,104190.0,3640398600.0,national file
2022,53-5022,3110.0,47300.0,147103000.0,national file
2022,53-5031,8650.0,100980.0,873477000.0,national file
2022,53-6011,3690.0,46910.0,173097900.0,national file
2022,53-6021,105290.0,31230.0,3288206700.0,national file
2022,53-6031,99600.0,32340.0,3221064000.0,national file
2022,53-6032,19720.0,39400.0,776968000.0,national file
2022,53-6041,7310.0,54720.0,400003200.0,national file
2022,53-6051,24420.0,79770.0,1947983400.0,national file
2022,53-6061,13200.0,36230.0,478236000.0,national file
2022,53-6099,11590.0,40290.0,466961100.0,national file
2022,53-7011,27780.0,40060.0,1112866800.0,national file
2022,53-7021,45210.0,65220.0,2948596200.0,national file
2022,53-7031,940.0,51770.0,48663800.0,national file
2022,53-7041,2440.0,69120.0,168652800.0,national file
2022,53-7051,780890.0,43240.0,33765683600.0,national file
2022,53-7061,359530.0,32730.0,11767416900.0,national file
2022,53-7062,2934050.0,37510.0,110056215500.0,national file
2022,53-7063,51010.0,39100.0,1994491000.0,national file
2022,53-7064,653870.0,33310.0,21780409700.0,national file
2022,53-7065,2842060.0,35550.0,101035233000.0,national file
2022,53-7071,3740.0,61500.0,230010000.0,national file
2022,53-7072,10870.0,59150.0,642960500.0,national file
2022,53-7073,14550.0,65510.0,953170500.0,national file
2022,53-7081,132240.0,45560.0,6024854400.0,national file
2022,53-7121,12470.0,58680.0,731739600.0,national file
2022,53-7199,24880.0,43290.0,1077055200.0,national file
2023,11-1011,211230.0,258900.0,54687447000.0,national file
2023,11-1021,3507810.0,129330.0,453665067300.0,national file
2023,11-1031,32460.0,68140.0,2211824400.0,national file
2023,11-2011,20630.0,152620.0,3148550600.0,national file
2023,11-2021,368940.0,166410.0,61395305400.0,national file
2023,11-2022,575880.0,157610.0,90764446800.0,national file
2023,11-2032,72760.0,159420.0,11599399200.0,national file
2023,11-2033,31810.0,133620.0,4250452200.0,national file
2023,11-3012,242520.0,121200.0,29393424000.0,national file
2023,11-3013,131400.0,111110.0,14599854000.0,national file
2023,11-3021,592600.0,180720.0,107094672000.0,national file
2023,11-3031,787340.0,174820.0,137642778800.0,national file
2023,11-3051,222890.0,125900.0,28061851000.0,national file
2023,11-3061,77530.0,146710.0,11374426300.0,national file
2023,11-3071,198780.0,111870.0,22237518600.0,national file
2023,11-3111,18690.0,150940.0,2821068600.0,national file
2023,11-3121,200600.0,154740.0,31040844000.0,national file
2023,11-3131,41540.0,138450.0,5751213000.0,national file
2023,11-9013,6150.0,90160.0,554484000.0,national file
2023,11-9021,329190.0,116960.0,38502062400.0,national file
2023,11-9031,64090.0,61320.0,3929998800.0,national file
2023,11-9032,302580.0,111020.0,33592431600.0,national file
2023,11-9033,167270.0,122010.0,20408612700.0,national file
2023,11-9039,50690.0,100720.0,5105496800.0,national file
2023,11-9041,207800.0,172290.0,35801862000.0,national file
2023,11-9051,246070.0,69580.0,17121550600.0,national file
2023,11-9071,4590.0,98270.0,451059300.0,national file
2023,11-9072,29690.0,84080.0,2496335200.0,national file
2023,11-9081,41980.0,76790.0,3223644200.0,national file
2023,11-9111,515100.0,134440.0,69250044000.0,national file
2023,11-9121,96520.0,169120.0,16323462400.0,national file
2023,11-9131,13810.0,89770.0,1239723700.0,national file
2023,11-9141,284120.0,78400.0,22275008000.0,national file
2023,11-9151,173650.0,83400.0,14482410000.0,national file
2023,11-9161,11910.0,93690.0,1115847900.0,national file
2023,11-9171,14200.0,84800.0,1204160000.0,national file
2023,11-9179,11170.0,62980.0,703486600.0,national file
2023,11-9199,589750.0,146320.0,86292220000.0,national file
2023,13-1011,12870.0,132810.0,1709264700.0,national file
2023,13-1020,477980.0,77850.0,37210743000.0,national file
2023,13-1031,293780.0,75770.0,22259710600.0,national file
2023,13-1032,8670.0,75660.0,655972200.0,national file
2023,13-1041,383620.0,80190.0,30762487800.0,national file
2023,13-1051,220970.0,79520.0,17571534400.0,national file
2023,13-1071,895970.0,76060.0,68147478200.0,national file
2023,13-1074,460.0,51400.0,23644000.0,national file
2023,13-1075,62800.0,94620.0,5942136000.0,national file
2023,13-1081,228470.0,84640.0,19337700800.0,national file
2023,13-1082,947630.0,104920.0,99425339600.0,national file
2023,13-1111,838140.0,115530.0,96830314200.0,national file
2023,13-1121,122130.0,62280.0,7606256400.0,national file
2023,13-1131,101730.0,70760.0,7198414800.0,national file
2023,13-1141,99850.0,80620.0,8049907000.0,national file
2023,13-1151,403480.0,71980.0,29042490400.0,national file
2023,13-1161,846370.0,83190.0,70409520300.0,national file
2023,13-1199,1103440.0,89130.0,98349607200.0,national file
2023,13-2011,1435770.0,90780.0,130339200600.0,national file
2023,13-2020,62090.0,76110.0,4725669900.0,national file
2023,13-2031,47310.0,90880.0,4299532800.0,national file
2023,13-2041,73200.0,94750.0,6935700000.0,national file
2023,13-2051,325220.0,112950.0,36733599000.0,national file
2023,13-2052,272190.0,150670.0,41010867300.0,national file
2023,13-2053,101310.0,85610.0,8673149100.0,national file
2023,13-2054,55290.0,118950.0,6576745500.0,national file
2023,13-2061,63440.0,98140.0,6226001600.0,national file
2023,13-2071,27950.0,53440.0,1493648000.0,national file
2023,13-2072,321090.0,84490.0,27128894100.0,national file
2023,13-2081,50250.0,65370.0,3284842500.0,national file
2023,13-2082,81650.0,58160.0,4748764000.0,national file
2023,13-2099,122730.0,89650.0,11002744500.0,national file
2023,15-1211,498810.0,110800.0,55268148000.0,national file
2023,15-1212,175350.0,124740.0,21873159000.0,national file
2023,15-1221,35210.0,157160.0,5533603600.0,national file
2023,15-1231,158720.0,78640.0,12481740800.0,national file
2023,15-1232,689700.0,63640.0,43892508000.0,national file
2023,15-1241,174100.0,133930.0,23317213000.0,national file
2023,15-1242,76140.0,104810.0,7980233400.0,national file
2023,15-1243,59920.0,137030.0,8210837600.0,national file
2023,15-1244,323020.0,100580.0,32489351600.0,national file
2023,15-1251,120370.0,107750.0,12969867500.0,national file
2023,15-1252,1656880.0,138110.0,228831696800.0,national file
2023,15-1253,203040.0,108460.0,22021718400.0,national file
2023,15-1254,85350.0,95570.0,8156899500.0,national file
2023,15-1255,111060.0,108820.0,12085549200.0,national file
2023,15-1299,437170.0,112430.0,49151023100.0,national file
2023,15-2011,25470.0,132500.0,3374775000.0,national file
2023,15-2021,2220.0,119770.0,265889400.0,national file
2023,15-2031,117880.0,95600.0,11269328000.0,national file
2023,15-2041,29950.0,109190.0,3270240500.0,national file
2023,15-2051,192710.0,119040.0,22940198400.0,national file
2023,15-2099,4320.0,83330.0,359985600.0,national file
2023,17-1011,111170.0,100400.0,11161468000.0,national file
2023,17-1012,20370.0,83990.0,1710876300.0,national file
2023,17-1021,12330.0,78810.0,971727300.0,national file
2023,17-1022,50740.0,74000.0,3754760000.0,national file
2023,17-2011,66660.0,134330.0,8954437800.0,national file
2023,17-2021,1860.0,93490.0,173891400.0,national file
2023,17-2031,19320.0,106700.0,2061444000.0,national file
2023,17-2041,21140.0,122910.0,2598317400.0,national file
2023,17-2051,327950.0,101160.0,33175422000.0,national file
2023,17-2061,82660.0,147770.0,12214668200.0,national file
2023,17-2071,185430.0,117680.0,21821402400.0,national file
2023,17-2072,96410.0,124190.0,11973157900.0,national file
2023,17-2081,39880.0,105840.0,4220899200.0,national file
2023,17-2111,22510.0,108740.0,2447737400.0,national file
2023,17-2112,332870.0,103150.0,34335540500.0,national file
2023,17-2121,9960.0,108110.0,1076775600.0,national file
2023,17-2131,24630.0,110430.0,2719890900.0,national file
2023,17-2141,281290.0,105220.0,29597333800.0,national file
2023,17-2151,7040.0,105460.0,742438400.0,national file
2023,17-2161,12710.0,126950.0,1613534500.0,national file
2023,17-2171,20390.0,148590.0,3029750100.0,national file
2023,17-2199,150990.0,118350.0,17869666500.0,national file
2023,17-3011,111070.0,65000.0,7219550000.0,national file
2023,17-3012,20680.0,73110.0,1511914800.0,national file
2023,17-3013,44850.0,69920.0,3135912000.0,national file
2023,17-3019,16580.0,62980.0,1044208400.0,national file
2023,17-3021,10640.0,81280.0,864819200.0,national file
2023,17-3022,63560.0,63770.0,4053221200.0,national file
2023,17-3023,97420.0,74440.0,7251944800.0,national file
2023,17-3024,15360.0,72430.0,1112524800.0,national file
2023,17-3025,13780.0,58780.0,809988400.0,national file
2023,17-3026,73020.0,66640.0,4866052800.0,national file
2023,17-3027,38930.0,67990.0,2646850700.0,national file
2023,17-3028,13220.0,67360.0,890499200.0,national file
2023,17-3029,66200.0,75290.0,4984198000.0,national file
2023,17-3031,56050.0,54090.0,3031744500.0,national file
2023,19-1011,2460.0,89450.0,220047000.0,national file
2023,19-1012,14100.0,88350.0,1245735000.0,national file
2023,19-1013,15800.0,77080.0,1217864000.0,national file
2023,19-1021,33180.0,120310.0,3991885800.0,national file
2023,19-1022,21540.0,93380.0,2011405200.0,national file
2023,19-1023,17100.0,75740.0,1295154000.0,national file
2023,19-1029,61220.0,99060.0,6064453200.0,national file
2023,19-1031,22790.0,73160.0,1667316400.0,national file
2023,19-1032,9450.0,70680.0,667926000.0,national file
2023,19-1041,10230.0,90430.0,925098900.0,national file
2023,19-1042,136620.0,112380.0,15353355600.0,national file
2023,19-1099,7490.0,101520.0,760384800.0,national file
2023,19-2011,2080.0,128940.0,268195200.0,national file
2023,19-2012,18350.0,158270.0,2904254500.0,national file
2023,19-2021,9310.0,101530.0,945244300.0,national file
2023,19-2031,83530.0,95560.0,7982126800.0,national file
2023,19-2032,8810.0,112440.0,990596400.0,national file
2023,19-2041,80730.0,86710.0,7000098300.0,national file
2023,19-2042,24620.0,104000.0,2560480000.0,national file
2023,19-2043,6150.0,96410.0,592921500.0,national file
2023,19-2099,20820.0,119050.0,2478621000.0,national file
2023,19-3011,16420.0,132650.0,2178113000.0,national file
2023,19-3022,8190.0,66670.0,546027300.0,national file
2023,19-3032,1030.0,154380.0,159011400.0,national file
2023,19-3033,71730.0,106600.0,7646418000.0,national file
2023,19-3034,62790.0,91990.0,5776052100.0,national file
2023,19-3039,14480.0,110300.0,1597144000.0,national file
2023,19-3041,2890.0,106710.0,308391900.0,national file
2023,19-3051,42690.0,85940.0,3668778600.0,national file
2023,19-3091,7720.0,69780.0,538701600.0,national file
2023,19-3092,1460.0,92460.0,134991600.0,national file
2023,19-3093,3040.0,76120.0,231404800.0,national file
2023,19-3094,5580.0,132020.0,736671600.0,national file
2023,19-3099,35210.0,102210.0,3598814100.0,national file
2023,19-4012,13150.0,46810.0,615551500.0,national file
2023,19-4013,15190.0,54000.0,820260000.0,national file
2023,19-4021,76990.0,56540.0,4353014600.0,national file
2023,19-4031,55880.0,60920.0,3404209600.0,national file
2023,19-4042,32390.0,57470.0,1861453300.0,national file
2023,19-4043,8860.0,64590.0,572267400.0,national file
2023,19-4044,3000.0,61500.0,184500000.0,national file
2023,19-4051,5400.0,97520.0,526608000.0,national file
2023,19-4061,30890.0,62370.0,1926609300.0,national file
2023,19-4071,28740.0,54260.0,1559432400.0,national file
2023,19-4092,17520.0,71540.0,1253380800.0,national file
2023,19-4099,72230.0,62640.0,4524487200.0,national file
2023,19-5011,122300.0,85570.0,10465211000.0,national file
2023,19-5012,27270.0,64250.0,1752097500.0,national file
2023,21-1012,327660.0,66990.0,21949943400.0,national file
2023,21-1013,63340.0,68730.0,4353358200.0,national file
2023,21-1015,84750.0,48430.0,4104442500.0,national file
2023,21-1018,397880.0,60080.0,23904630400.0,national file
2023,21-1019,35580.0,52360.0,1862968800.0,national file
2023,21-1021,352160.0,59190.0,20844350400.0,national file
2023,21-1022,185020.0,67430.0,12475898600.0,national file
2023,21-1023,114680.0,63870.0,7324611600.0,national file
2023,21-1029,58460.0,68800.0,4022048000.0,national file
2023,21-1091,57800.0,69790.0,4033862000.0,national file
2023,21-1092,85870.0,67880.0,5828855600.0,national file
2023,21-1093,409310.0,44240.0,18107874400.0,national file
2023,21-1094,58550.0,52610.0,3080315500.0,national file
2023,21-1099,95310.0,54020.0,5148646200.0,national file
2023,21-2011,56640.0,63720.0,3609100800.0,national file
2023,21-2021,23270.0,61740.0,1436689800.0,national file
2023,21-2099,11870.0,45050.0,534743500.0,national file
2023,23-1011,731340.0,176470.0,129059569800.0,national file
2023,23-1012,14680.0,64880.0,952438400.0,national file
2023,23-1021,14670.0,119940.0,1759519800.0,national file
2023,23-1022,7060.0,95370.0,673312200.0,national file
2023,23-1023,24470.0,139000.0,3401330000.0,national file
2023,23-2011,354890.0,66460.0,23585989400.0,national file
2023,23-2093,49760.0,59440.0,2957734400.0,national file
2023,23-2099,43760.0,82960.0,3630329600.0,national file
2023,25-1011,82980.0,113240.0,9396655200.0,national file
2023,25-1021,36150.0,106380.0,3845637000.0,national file
2023,25-1022,48230.0,95320.0,4597283600.0,national file
2023,25-1031,8350.0,114900.0,959415000.0,national file
2023,25-1032,38370.0,120630.0,4628573100.0,national file
2023,25-1041,7550.0,95610.0,721855500.0,national file
2023,25-1042,52050.0,102270.0,5323153500.0,national file
2023,25-1043,1260.0,102230.0,128809800.0,national file
2023,25-1051,11770.0,111930.0,1317416100.0,national file
2023,25-1052,20210.0,102630.0,2074152300.0,national file
2023,25-1053,7120.0,100910.0,718479200.0,national file
2023,25-1054,14030.0,106950.0,1500508500.0,national file
2023,25-1061,5030.0,103640.0,521309200.0,national file
2023,25-1062,11570.0,100390.0,1161512300.0,national file
2023,25-1063,12210.0,133650.0,1631866500.0,national file
2023,25-1064,3480.0,97660.0,339856800.0,national file
2023,25-1065,17090.0,104910.0,1792911900.0,national file
2023,25-1066,40610.0,93990.0,3816933900.0,national file
2023,25-1067,12870.0,97580.0,1255854600.0,national file
2023,25-1069,16900.0,91710.0,1549899000.0,national file
2023,25-1071,225360.0,134440.0,30297398400.0,national file
2023,25-1072,72700.0,86530.0,6290731000.0,national file
2023,25-1081,60860.0,80750.0,4914445000.0,national file
2023,25-1082,4220.0,88190.0,372161800.0,national file
2023,25-1111,13390.0,83470.0,1117663300.0,national file
2023,25-1112,14570.0,142440.0,2075350800.0,national file
2023,25-1113,11730.0,80840.0,948253200.0,national file
2023,25-1121,101500.0,100840.0,10235260000.0,national file
2023,25-1122,28520.0,90950.0,2593894000.0,national file
2023,25-1123,57600.0,87090.0,5016384000.0,national file
2023,25-1124,20820.0,88490.0,1842361800.0,national file
2023,25-1125,20610.0,93120.0,1919203200.0,national file
2023,25-1126,20320.0,89680.0,1822297600.0,national file
2023,25-1192,2660.0,89630.0,238415800.0,national file
2023,25-1193,13270.0,87340.0,1159001800.0,national file
2023,25-1194,111180.0,68300.0,7593594000.0,national file
2023,25-1199,166980.0,96570.0,16125258600.0,national file
2023,25-2011,430240.0,41410.0,17816238400.0,national file
2023,25-2012,118580.0,67790.0,8038538200.0,national file
2023,25-2021,1410070.0,70740.0,99748351800.0,national file
2023,25-2022,626690.0,71460.0,44783267400.0,national file
2023,25-2023,12210.0,69020.0,842734200.0,national file
2023,25-2031,1045170.0,73800.0,77133546000.0,national file
2023,25-2032,90070.0,70810.0,6377856700.0,national file
2023,25-2051,24850.0,76420.0,1899037000.0,national file
2023,25-2052,212850.0,71770.0,15276244500.0,national file
2023,25-2057,88850.0,73630.0,6542025500.0,national file
2023,25-2058,158150.0,74670.0,11809060500.0,national file
2023,25-2059,43700.0,76000.0,3321200000.0,national file
2023,25-3011,36890.0,65430.0,2413712700.0,national file
2023,25-3021,272110.0,52890.0,14391897900.0,national file
2023,25-3031,444530.0,43570.0,19368172100.0,national file
2023,25-3041,162300.0,48580.0,7884534000.0,national file
2023,25-3099,118290.0,70340.0,8320518600.0,national file
2023,25-4011,7150.0,65700.0,469755000.0,national file
2023,25-4012,12510.0,70870.0,886583700.0,national file
2023,25-4013,12670.0,54890.0,695456300.0,national file
2023,25-4022,133760.0,68570.0,9171923200.0,national file
2023,25-4031,76670.0,42570.0,3263841900.0,national file
2023,25-9021,8110.0,61430.0,498197300.0,national file
2023,25-9031,207270.0,77200.0,16001244000.0,national file
2023,25-9044,145960.0,47030.0,6864498800.0,national file
2023,25-9045,1337320.0,36430.0,48718567600.0,national file
2023,25-9099,113490.0,54910.0,6231735900.0,national file
2023,27-1011,51200.0,125920.0,6447104000.0,national file
2023,27-1012,5830.0,43610.0,254246300.0,national file
2023,27-1013,10910.0,71420.0,779192200.0,national file
2023,27-1014,29940.0,109630.0,3282322200.0,national file
2023,27-1019,7420.0,78890.0,585363800.0,national file
2023,27-1021,30810.0,81870.0,2522414700.0,national file
2023,27-1022,19940.0,97030.0,1934778200.0,national file
2023,27-1023,43350.0,35500.0,1538925000.0,national file
2023,27-1024,212720.0,64700.0,13762984000.0,national file
2023,27-1025,67760.0,68530.0,4643592800.0,national file
2023,27-1026,175790.0,39040.0,6862841600.0,national file
2023,27-1027,10090.0,67170.0,677745300.0,national file
2023,27-1029,9880.0,75960.0,750484800.0,national file
2023,27-2012,154470.0,107170.0,16554549900.0,national file
2023,27-2021,14930.0,328830.0,4909431900.0,national file
2023,27-2022,238980.0,58700.0,14028126000.0,national file
2023,27-2023,14840.0,44860.0,665722400.0,national file
2023,27-2032,4190.0,59090.0,247587100.0,national file
2023,27-2041,10770.0,87840.0,946036800.0,national file
2023,27-3011,25070.0,86950.0,2179836500.0,national file
2023,27-3023,45020.0,101430.0,4566378600.0,national file
2023,27-3031,275550.0,77720.0,21415746000.0,national file
2023,27-3041,95700.0,85110.0,8145027000.0,national file
2023,27-3042,47970.0,86620.0,4155161400.0,national file
2023,27-3043,49450.0,87590.0,4331325500.0,national file
2023,27-3091,51560.0,63080.0,3252404800.0,national file
2023,27-3092,12390.0,71040.0,880185600.0,national file
2023,27-3099,23230.0,87140.0,2024262200.0,national file
2023,27-4011,66700.0,59260.0,3952642000.0,national file
2023,27-4012,26190.0,71600.0,1875204000.0,national file
2023,27-4014,14600.0,74100.0,1081860000.0,national file
2023,27-4015,9520.0,73250.0,697340000.0,national file
2023,27-4021,53630.0,53380.0,2862769400.0,national file
2023,27-4031,23940.0,71890.0,1721046600.0,national file
2023,27-4032,29240.0,83470.0,2440662800.0,national file
2023,27-4099,11430.0,75860.0,867079800.0,national file
2023,29-1011,41480.0,89760.0,3723244800.0,national file
2023,29-1021,121640.0,191750.0,23324470000.0,national file
2023,29-1022,4160.0,334310.0,1390729600.0,national file
2023,29-1023,6400.0,243620.0,1559168000.0,national file
2023,29-1024,570.0,240750.0,137227500.0,national file
2023,29-1029,5920.0,244470.0,1447262400.0,national file
2023,29-1031,73860.0,71280.0,5264740800.0,national file
2023,29-1041,41390.0,143000.0,5918770000.0,national file
2023,29-1051,331700.0,134790.0,44709843000.0,national file
2023,29-1071,145740.0,130490.0,19017612600.0,national file
2023,29-1081,9470.0,162520.0,1539064400.0,national file
2023,29-1122,144840.0,96790.0,14019063600.0,national file
2023,29-1123,240820.0,100440.0,24187960800.0,national file
2023,29-1124,16640.0,104420.0,1737548800.0,national file
2023,29-1125,15540.0,60910.0,946541400.0,national file
2023,29-1126,129750.0,80340.0,10424115000.0,national file
2023,29-1127,172100.0,92630.0,15941623000.0,national file
2023,29-1128,8060.0,57050.0,459823000.0,national file
2023,29-1129,16490.0,75660.0,1247633400.0,national file
2023,29-1131,78220.0,136300.0,10661386000.0,national file
2023,29-1141,3175390.0,94480.0,300010847200.0,national file
2023,29-1151,47810.0,214200.0,10240902000.0,national file
2023,29-1161,6960.0,131570.0,915727200.0,national file
2023,29-1171,280140.0,128490.0,35995188600.0,national file
2023,29-1181,13880.0,92620.0,1285565600.0,national file
2023,29-1211,33470.0,339470.0,11362060900.0,national file
2023,29-1212,15190.0,423250.0,6429167500.0,national file
2023,29-1213,12040.0,342860.0,4128034400.0,national file
2023,29-1214,35100.0,306640.0,10763064000.0,national file
2023,29-1215,112010.0,240790.0,26970887900.0,national file
2023,29-1216,67210.0,245450.0,16496694500.0,national file
2023,29-1217,9350.0,271470.0,2538244500.0,national file
2023,29-1218,19820.0,278660.0,5523041200.0,national file
2023,29-1221,34870.0,205860.0,7178338200.0,national file
2023,29-1222,11020.0,270560.0,2981571200.0,national file
2023,29-1223,24830.0,256930.0,6379571900.0,national file
2023,29-1224,31960.0,353960.0,11312561600.0,national file
2023,29-1229,310080.0,248640.0,77098291200.0,national file
2023,29-1241,11530.0,312120.0,3598743600.0,national file
2023,29-1242,14820.0,378250.0,5605665000.0,national file
2023,29-1243,1180.0,449320.0,530197600.0,national file
2023,29-1249,26370.0,343990.0,9071016300.0,national file
2023,29-1291,9370.0,84260.0,789516200.0,national file
2023,29-1292,211630.0,89890.0,19023420700.0,national file
2023,29-1299,31100.0,123840.0,3851424000.0,national file
2023,29-2010,334380.0,62870.0,21022470600.0,national file
2023,29-2031,55660.0,70270.0,3911228200.0,national file
2023,29-2032,82780.0,89020.0,7369075600.0,national file
2023,29-2033,16560.0,95080.0,1574524800.0,national file
2023,29-2034,221170.0,75250.0,16643042500.0,national file
2023,29-2035,41340.0,86600.0,3580044000.0,national file
2023,29-2036,3900.0,131850.0,514215000.0,national file
2023,29-2042,167040.0,43100.0,7199424000.0,national file
2023,29-2043,98770.0,57450.0,5674336500.0,national file
2023,29-2051,24240.0,38440.0,931785600.0,national file
2023,29-2052,460280.0,43330.0,19943932400.0,national file
2023,29-2053,115940.0,43650.0,5060781000.0,national file
2023,29-2055,110320.0,62250.0,6867420000.0,national file
2023,29-2056,122000.0,44040.0,5372880000.0,national file
2023,29-2057,73390.0,44290.0,3250443100.0,national file
2023,29-2061,630250.0,60790.0,38312897500.0,national file
2023,29-2072,185690.0,53690.0,9969696100.0,national file
2023,29-2081,76770.0,47560.0,3651181200.0,national file
2023,29-2091,8820.0,80500.0,710010000.0,national file
2023,29-2092,10250.0,61550.0,630887500.0,national file
2023,29-2099,171110.0,54220.0,9277584200.0,national file
2023,29-9021,34430.0,70260.0,2419051800.0,national file
2023,29-9091,28480.0,61540.0,1752659200.0,national file
2023,29-9092,3050.0,98130.0,299296500.0,national file
2023,29-9093,18780.0,65190.0,1224268200.0,national file
2023,29-9099,36900.0,70800.0,2612520000.0,national file
2023,31-1120,3689350.0,33380.0,123150503000.0,national file
2023,31-1131,1351760.0,39610.0,53543213600.0,national file
2023,31-1132,48710.0,38440.0,1872412400.0,national file
2023,31-1133,32310.0,41000.0,1324710000.0,national file
2023,31-2011,46090.0,68170.0,3141955300.0,national file
2023,31-2012,4430.0,42060.0,186325800.0,national file
2023,31-2021,104000.0,65860.0,6849440000.0,national file
2023,31-2022,42390.0,34810.0,1475595900.0,national file
2023,31-9011,92650.0,62560.0,5796184000.0,national file
2023,31-9091,370690.0,47350.0,17552171500.0,national file
2023,31-9092,763040.0,43350.0,33077784000.0,national file
2023,31-9093,66790.0,47410.0,3166513900.0,national file
2023,31-9094,52420.0,39090.0,2049097800.0,national file
2023,31-9095,43830.0,38980.0,1708493400.0,national file
2023,31-9096,115770.0,37310.0,4319378700.0,national file
2023,31-9097,137080.0,43130.0,5912260400.0,national file
2023,31-9099,102230.0,47010.0,4805832300.0,national file
2023,33-1011,52280.0,76840.0,4017195200.0,national file
2023,33-1012,138140.0,106000.0,14642840000.0,national file
2023,33-1021,84120.0,90740.0,7633048800.0,national file
2023,33-1091,64900.0,59580.0,3866742000.0,national file
2023,33-1099,19620.0,67870.0,1331609400.0,national file
2023,33-2011,315460.0,60390.0,19050629400.0,national file
2023,33-2021,14200.0,82510.0,1171642000.0,national file
2023,33-2022,2270.0,61090.0,138674300.0,national file
2023,33-3011,15900.0,58460.0,929514000.0,national file
2023,33-3012,351420.0,58810.0,20667010200.0,national file
2023,33-3021,106730.0,95930.0,10238608900.0,national file
2023,33-3031,6290.0,61120.0,384444800.0,national file
2023,33-3041,7420.0,50430.0,374190600.0,national file
2023,33-3051,646310.0,76550.0,49475030500.0,national file
2023,33-3052,2360.0,78230.0,184622800.0,national file
2023,33-9011,11600.0,48150.0,558540000.0,national file
2023,33-9021,34600.0,60270.0,2085342000.0,national file
2023,33-9031,10660.0,42460.0,452623600.0,national file
2023,33-9032,1202940.0,40440.0,48646893600.0,national file
2023,33-9091,90780.0,40650.0,3690207000.0,national file
2023,33-9092,123560.0,31340.0,3872370400.0,national file
2023,33-9093,47950.0,51040.0,2447368000.0,national file
2023,33-9094,72320.0,33970.0,2456710400.0,national file
2023,33-9099,82500.0,47420.0,3912150000.0,national file
2023,35-1011,172370.0,62640.0,10797256800.0,national file
2023,35-1012,1176540.0,43310.0,50955947400.0,national file
2023,35-2011,673490.0,29760.0,20043062400.0,national file
2023,35-2012,435640.0,35920.0,15648188800.0,national file
2023,35-2013,740.0,49790.0,36844600.0,national file
2023,35-2014,1412350.0,36060.0,50929341000.0,national file
2023,35-2015,126370.0,33920.0,4286470400.0,national file
2023,35-2019,18650.0,37610.0,701426500.0,national file
2023,35-2021,879610.0,32960.0,28991945600.0,national file
2023,35-3011,711140.0,37090.0,26376182600.0,national file
2023,35-3023,3676580.0,30110.0,110701823800.0,national file
2023,35-3031,2237850.0,36530.0,81748660500.0,national file
2023,35-3041,267840.0,33840.0,9063705600.0,national file
2023,35-9011,483390.0,32730.0,15821354700.0,national file
2023,35-9021,463940.0,31650.0,14683701000.0,national file
2023,35-9031,425020.0,30750.0,13069365000.0,national file
2023,35-9099,86350.0,35430.0,3059380500.0,national file
2023,37-1011,171120.0,49980.0,8552577600.0,national file
2023,37-1012,126020.0,58920.0,7425098400.0,national file
2023,37-2011,2172500.0,36250.0,78753125000.0,national file
2023,37-2012,836230.0,34650.0,28975369500.0,national file
2023,37-2019,13740.0,43740.0,600987600.0,national file
2023,37-2021,93760.0,44650.0,4186384000.0,national file
2023,37-3011,929930.0,39790.0,37001914700.0,national file
2023,37-3012,23520.0,44480.0,1046169600.0,national file
2023,37-3013,50270.0,52850.0,2656769500.0,national file
2023,37-3019,11980.0,46540.0,557549200.0,national file
2023,39-1013,25100.0,62110.0,1558961000.0,national file
2023,39-1014,88140.0,50650.0,4464291000.0,national file
2023,39-1022,106440.0,50090.0,5331579600.0,national file
2023,39-2011,19240.0,44910.0,864068400.0,national file
2023,39-2021,268830.0,33530.0,9013869900.0,national file
2023,39-3011,80570.0,40030.0,3225217100.0,national file
2023,39-3012,8700.0,32030.0,278661000.0,national file
2023,39-3019,13300.0,35650.0,474145000.0,national file
2023,39-3021,2610.0,43800.0,114318000.0,national file
2023,39-3031,117560.0,30520.0,3587931200.0,national file
2023,39-3091,361680.0,30240.0,10937203200.0,national file
2023,39-3092,6300.0,60230.0,379449000.0,national file
2023,39-3093,14720.0,34590.0,509164800.0,national file
2023,39-3099,7320.0,34670.0,253784400.0,national file
2023,39-4011,3380.0,56690.0,191612200.0,national file
2023,39-4012,3220.0,44290.0,142613800.0,national file
2023,39-4021,32620.0,35200.0,1148224000.0,national file
2023,39-4031,24200.0,58020.0,1404084000.0,national file
2023,39-5011,15990.0,41570.0,664704300.0,national file
2023,39-5012,294840.0,41780.0,12318415200.0,national file
2023,39-5091,4130.0,68590.0,283276700.0,national file
2023,39-5092,144810.0,36480.0,5282668800.0,national file
2023,39-5093,7360.0,29260.0,215353600.0,national file
2023,39-5094,65270.0,51100.0,3335297000.0,national file
2023,39-6011,28780.0,36100.0,1038958000.0,national file
2023,39-6012,41020.0,40230.0,1650234600.0,national file
2023,39-7010,46760.0,40280.0,1883492800.0,national file
2023,39-9011,497450.0,32070.0,15953221500.0,national file
2023,39-9031,279450.0,51270.0,14327401500.0,national file
2023,39-9032,281750.0,36270.0,10219072500.0,national file
2023,39-9041,88700.0,40200.0,3565740000.0,national file
2023,39-9099,60390.0,37190.0,2245904100.0,national file
2023,41-1011,1087890.0,52030.0,56602916700.0,national file
2023,41-1012,227150.0,99020.0,22492393000.0,national file
2023,41-2011,3298660.0,30710.0,101301848600.0,national file
2023,41-2012,20560.0,36030.0,740776800.0,national file
2023,41-2021,390300.0,41630.0,16248189000.0,national file
2023,41-2022,260770.0,41080.0,10712431600.0,national file
2023,41-2031,3684740.0,36690.0,135193110600.0,national file
2023,41-3011,108100.0,75820.0,8196142000.0,national file
2023,41-3021,457510.0,79700.0,36463547000.0,national file
2023,41-3031,479630.0,109710.0,52620207300.0,national file
2023,41-3041,58250.0,50040.0,2914830000.0,national file
2023,41-3091,1142020.0,81080.0,92594981600.0,national file
2023,41-4011,311780.0,113520.0,35393265600.0,national file
2023,41-4012,1288920.0,80490.0,103745170800.0,national file
2023,41-9011,50790.0,41090.0,2086961100.0,national file
2023,41-9012,3090.0,68700.0,212283000.0,national file
2023,41-9021,51350.0,86130.0,4422775500.0,national file
2023,41-9022,197720.0,69610.0,13763289200.0,national file
2023,41-9031,59340.0,130550.0,7746837000.0,national file
2023,41-9041,81580.0,36680.0,2992354400.0,national file
2023,41-9091,6220.0,42200.0,262484000.0,national file
2023,41-9099,114280.0,54150.0,6188262000.0,national file
2023,43-1011,1504570.0,68620.0,103243593400.0,national file
2023,43-2011,43830.0,40020.0,1754076600.0,national file
2023,43-2021,4600.0,42100.0,193660000.0,national file
2023,43-2099,1380.0,53240.0,73471200.0,national file
2023,43-3011,190910.0,46020.0,8785678200.0,national file
2023,43-3021,430220.0,47120.0,20271966400.0,national file
2023,43-3031,1501910.0,49580.0,74464697800.0,national file
2023,43-3041,12560.0,36750.0,461580000.0,national file
2023,43-3051,157230.0,54690.0,8598908700.0,national file
2023,43-3061,61580.0,47940.0,2952145200.0,national file
2023,43-3071,340820.0,38850.0,13240857000.0,national file
2023,43-3099,44520.0,52690.0,2345758800.0,national file
2023,43-4011,48060.0,63130.0,3034027800.0,national file
2023,43-4021,4650.0,46940.0,218271000.0,national file
2023,43-4031,157960.0,48760.0,7702129600.0,national file
2023,43-4041,14290.0,50380.0,719930200.0,national file
2023,43-4051,2858710.0,43520.0,124411059200.0,national file
2023,43-4061,150190.0,51840.0,7785849600.0,national file
2023,43-4071,82290.0,40730.0,3351671700.0,national file
2023,43-4081,263800.0,32570.0,8591966000.0,national file
2023,43-4111,160550.0,42750.0,6863512500.0,national file
2023,43-4121,83680.0,35970.0,3009969600.0,national file
2023,43-4131,203940.0,48660.0,9923720400.0,national file
2023,43-4141,41180.0,44670.0,1839510600.0,national file
2023,43-4151,91830.0,43530.0,3997359900.0,national file
2023,43-4161,101440.0,48800.0,4950272000.0,national file
2023,43-4171,1003820.0,36590.0,36729773800.0,national file
2023,43-4181,119270.0,46820.0,5584221400.0,national file
2023,43-4199,151760.0,47840.0,7260198400.0,national file
2023,43-5011,105220.0,52460.0,5519841200.0,national file
2023,43-5021,72010.0,38350.0,2761583500.0,national file
2023,43-5031,97820.0,52140.0,5100334800.0,national file
2023,43-5032,206090.0,50830.0,10475554700.0,national file
2023,43-5041,19900.0,53610.0,1066839000.0,national file
2023,43-5051,78130.0,59240.0,4628421200.0,national file
2023,43-5052,331600.0,59340.0,19677144000.0,national file
2023,43-5053,116540.0,56350.0,6567029000.0,national file
2023,43-5061,393980.0,57610.0,22697187800.0,national file
2023,43-5071,844120.0,42730.0,36069247600.0,national file
2023,43-5111,51250.0,44240.0,2267300000.0,national file
2023,43-6011,483570.0,73680.0,35629437600.0,national file
2023,43-6012,152790.0,56330.0,8606660700.0,national file
2023,43-6013,749500.0,43380.0,32513310000.0,national file
2023,43-6014,1785430.0,45490.0,81219210700.0,national file
2023,43-9021,154230.0,40130.0,6189249900.0,national file
2023,43-9022,37200.0,47170.0,1754724000.0,national file
2023,43-9031,5220.0,57680.0,301089600.0,national file
2023,43-9041,241650.0,49530.0,11968924500.0,national file
2023,43-9051,66600.0,38370.0,2555442000.0,national file
2023,43-9061,2496370.0,43560.0,108741877200.0,national file
2023,43-9071,27960.0,39600.0,1107216000.0,national file
2023,43-9081,5490.0,51100.0,280539000.0,national file
2023,43-9111,7200.0,53900.0,388080000.0,national file
2023,43-9199,172020.0,46620.0,8019572400.0,national file
2023,45-1011,27150.0,60790.0,1650448500.0,national file
2023,45-2011,12660.0,52170.0,660472200.0,national file
2023,45-2021,1360.0,53520.0,72787200.0,national file
2023,45-2041,23430.0,34880.0,817238400.0,national file
2023,45-2091,28910.0,41850.0,1209883500.0,national file
2023,45-2092,258730.0,36140.0,9350502200.0,national file
2023,45-2093,32590.0,37060.0,1207785400.0,national file
2023,45-2099,6040.0,45660.0,275786400.0,national file
2023,45-4011,5750.0,36860.0,211945000.0,national file
2023,45-4021,4800.0,61190.0,293712000.0,national file
2023,45-4022,23720.0,49790.0,1181018800.0,national file
2023,45-4023,3640.0,47120.0,171516800.0,national file
2023,45-4029,2540.0,52950.0,134493000.0,national file
2023,47-1011,777420.0,81340.0,63235342800.0,national file
2023,47-2011,11130.0,73840.0,821839200.0,national file
2023,47-2021,56830.0,63430.0,3604726900.0,national file
2023,47-2022,9790.0,56930.0,557344700.0,national file
2023,47-2031,700290.0,60970.0,42696681300.0,national file
2023,47-2041,15560.0,52290.0,813632400.0,national file
2023,47-2042,25150.0,56680.0,1425502000.0,national file
2023,47-2043,5070.0,49910.0,253043700.0,national file
2023,47-2044,42420.0,53920.0,2287286400.0,national file
2023,47-2051,203560.0,57410.0,11686379600.0,national file
2023,47-2053,1460.0,54220.0,79161200.0,national file
2023,47-2061,1019090.0,49280.0,50220755200.0,national file
2023,47-2071,43080.0,55170.0,2376723600.0,national file
2023,47-2072,3010.0,70260.0,211482600.0,national file
2023,47-2073,450370.0,62180.0,28004006600.0,national file
2023,47-2081,90860.0,61480.0,5586072800.0,national file
2023,47-2082,15560.0,69300.0,1078308000.0,national file
2023,47-2111,712580.0,67810.0,48320049800.0,national file
2023,47-2121,53390.0,58320.0,3113704800.0,national file
2023,47-2131,38510.0,52080.0,2005600800.0,national file
2023,47-2132,22850.0,60530.0,1383110500.0,national file
2023,47-2141,215910.0,52110.0,11251070100.0,national file
2023,47-2142,1830.0,54020.0,98856600.0,national file
2023,47-2151,34840.0,52840.0,1840945600.0,national file
2023,47-2152,436160.0,67840.0,29589094400.0,national file
2023,47-2161,22310.0,59050.0,1317405500.0,national file
2023,47-2171,17400.0,60290.0,1049046000.0,national file
2023,47-2181,135140.0,55840.0,7546217600.0,national file
2023,47-2211,116190.0,64270.0,7467531300.0,national file
2023,47-2221,63780.0,68220.0,4351071600.0,national file
2023,47-2231,24510.0,53140.0,1302461400.0,national file
2023,47-3011,16460.0,45590.0,750411400.0,national file
2023,47-3012,21770.0,40860.0,889522200.0,national file
2023,47-3013,68670.0,41240.0,2831950800.0,national file
2023,47-3014,7700.0,38750.0,298375000.0,national file
2023,47-3015,45300.0,39460.0,1787538000.0,national file
2023,47-3016,4540.0,42280.0,191951200.0,national file
2023,47-3019,27250.0,43090.0,1174202500.0,national file
2023,47-4011,133640.0,72880.0,9739683200.0,national file
2023,47-4021,23990.0,100060.0,2400439400.0,national file
2023,47-4031,21470.0,46650.0,1001575500.0,national file
2023,47-4041,49960.0,53430.0,2669362800.0,national file
2023,47-4051,150860.0,49070.0,7402700200.0,national file
2023,47-4061,18770.0,67330.0,1263784100.0,national file
2023,47-4071,27900.0,49590.0,1383561000.0,national file
2023,47-4090,28930.0,51670.0,1494813100.0,national file
2023,47-5011,11510.0,58330.0,671378300.0,national file
2023,47-5012,12180.0,67320.0,819957600.0,national file
2023,47-5013,46150.0,59390.0,2740848500.0,national file
2023,47-5022,32630.0,55500.0,1810965000.0,national file
2023,47-5023,18010.0,60250.0,1085102500.0,national file
2023,47-5032,4610.0,65600.0,302416000.0,national file
2023,47-5041,15700.0,62110.0,975127000.0,national file
2023,47-5043,1960.0,68540.0,134338400.0,national file
2023,47-5044,5160.0,63620.0,328279200.0,national file
2023,47-5049,2560.0,65290.0,167142400.0,national file
2023,47-5051,3610.0,47830.0,172666300.0,national file
2023,47-5071,43830.0,47730.0,2092005900.0,national file
2023,47-5081,7360.0,46990.0,345846400.0,national file
2023,47-5099,7120.0,53050.0,377716000.0,national file
2023,49-1011,589880.0,79020.0,46612317600.0,national file
2023,49-2011,77580.0,48290.0,3746338200.0,national file
2023,49-2021,11810.0,64360.0,760091600.0,national file
2023,49-2022,159670.0,64010.0,10220476700.0,national file
2023,49-2091,21280.0,77080.0,1640262400.0,national file
2023,49-2092,16010.0,52550.0,841325500.0,national file
2023,49-2093,7920.0,76380.0,604929600.0,national file
2023,49-2094,58320.0,69810.0,4071319200.0,national file
2023,49-2095,24790.0,92840.0,2301503600.0,national file
2023,49-2096,8900.0,47570.0,423373000.0,national file
2023,49-2097,24720.0,52720.0,1303238400.0,national file
2023,49-2098,83540.0,57400.0,4795196000.0,national file
2023,49-3011,137630.0,76260.0,10495663800.0,national file
2023,49-3021,151910.0,55220.0,8388470200.0,national file
2023,49-3022,16890.0,46010.0,777108900.0,national file
2023,49-3023,676570.0,51940.0,35141045800.0,national file
2023,49-3031,285030.0,59920.0,17078997600.0,national file
2023,49-3041,36830.0,52120.0,1919579600.0,national file
2023,49-3042,177280.0,64340.0,11406195200.0,national file
2023,49-3043,19480.0,65690.0,1279641200.0,national file
2023,49-3051,23230.0,52620.0,1222362600.0,national file
2023,49-3052,14330.0,47960.0,687266800.0,national file
2023,49-3053,36080.0,45180.0,1630094400.0,national file
2023,49-3091,13980.0,39360.0,550252800.0,national file
2023,49-3092,17360.0,50690.0,879978400.0,national file
2023,49-3093,101520.0,37280.0,3784665600.0,national file
2023,49-9011,27800.0,51640.0,1435592000.0,national file
2023,49-9012,47780.0,72360.0,3457360800.0,national file
2023,49-9021,397450.0,59620.0,23695969000.0,national file
2023,49-9031,29950.0,50640.0,1516668000.0,national file
2023,49-9041,412650.0,63690.0,26281678500.0,national file
2023,49-9043,58040.0,58500.0,3395340000.0,national file
2023,49-9044,37930.0,64310.0,2439278300.0,national file
2023,49-9045,540.0,49900.0,26946000.0,national file
2023,49-9051,120170.0,85900.0,10322603000.0,national file
2023,49-9052,98950.0,69040.0,6831508000.0,national file
2023,49-9061,2540.0,58870.0,149529800.0,national file
2023,49-9062,64400.0,64140.0,4130616000.0,national file
2023,49-9063,6170.0,46250.0,285362500.0,national file
2023,49-9064,1880.0,56140.0,105543200.0,national file
2023,49-9069,10330.0,65710.0,678784300.0,national file
2023,49-9071,1503150.0,49650.0,74631397500.0,national file
2023,49-9081,9800.0,65380.0,640724000.0,national file
2023,49-9091,36100.0,45840.0,1654824000.0,national file
2023,49-9092,2790.0,75570.0,210840300.0,national file
2023,49-9094,14790.0,52130.0,771002700.0,national file
2023,49-9095,2910.0,39820.0,115876200.0,national file
2023,49-9096,23870.0,62020.0,1480417400.0,national file
2023,49-9097,9200.0,81810.0,752652000.0,national file
2023,49-9098,101890.0,38720.0,3945180800.0,national file
2023,49-9099,175860.0,50480.0,8877412800.0,national file
2023,51-1011,671160.0,71730.0,48142306800.0,national file
2023,51-2011,29810.0,62860.0,1873856600.0,national file
2023,51-2021,11900.0,46020.0,547638000.0,national file
2023,51-2028,267440.0,43740.0,11697825600.0,national file
2023,51-2031,47960.0,53470.0,2564421200.0,national file
2023,51-2041,57810.0,50640.0,2927498400.0,national file
2023,51-2051,20380.0,43920.0,895089600.0,national file
2023,51-2061,400.0,52840.0,21136000.0,national file
2023,51-2090,1489280.0,42400.0,63145472000.0,national file
2023,51-3011,220230.0,35550.0,7829176500.0,national file
2023,51-3021,136330.0,39680.0,5409574400.0,national file
2023,51-3022,138300.0,36840.0,5094972000.0,national file
2023,51-3023,71310.0,38710.0,2760410100.0,national file
2023,51-3091,19570.0,42410.0,829963700.0,national file
2023,51-3092,169190.0,40890.0,6918179100.0,national file
2023,51-3093,29730.0,39770.0,1182362100.0,national file
2023,51-3099,63970.0,37630.0,2407191100.0,national file
2023,51-4021,63370.0,45440.0,2879532800.0,national file
2023,51-4022,9170.0,47350.0,434199500.0,national file
2023,51-4023,24750.0,49290.0,1219927500.0,national file
2023,51-4031,179230.0,44260.0,7932719800.0,national file
2023,51-4032,5740.0,47490.0,272592600.0,national file
2023,51-4033,75260.0,44450.0,3345307000.0,national file
2023,51-4034,19560.0,48850.0,955506000.0,national file
2023,51-4035,13990.0,50020.0,699779800.0,national file
2023,51-4041,290720.0,54600.0,15873312000.0,national file
2023,51-4051,20870.0,54340.0,1134075800.0,national file
2023,51-4052,5460.0,50110.0,273600600.0,national file
2023,51-4061,2840.0,64920.0,184372800.0,national file
2023,51-4062,2150.0,54550.0,117282500.0,national file
2023,51-4071,11780.0,45130.0,531631400.0,national file
2023,51-4072,158980.0,42060.0,6686698800.0,national file
2023,51-4081,127790.0,43990.0,5621482100.0,national file
2023,51-4111,58150.0,62020.0,3606463000.0,national file
2023,51-4121,421730.0,52640.0,22199867200.0,national file
2023,51-4122,33020.0,47120.0,1555902400.0,national file
2023,51-4191,14950.0,46540.0,695773000.0,national file
2023,51-4192,6660.0,60110.0,400332600.0,national file
2023,51-4193,31970.0,42550.0,1360323500.0,national file
2023,51-4194,6660.0,48520.0,323143200.0,national file
2023,51-4199,20370.0,44780.0,912168600.0,national file
2023,51-5111,23590.0,46540.0,1097878600.0,national file
2023,51-5112,151450.0,44450.0,6731952500.0,national file
2023,51-5113,38880.0,40860.0,1588636800.0,national file
2023,51-6011,185000.0,31880.0,5897800000.0,national file
2023,51-6021,28700.0,32340.0,928158000.0,national file
2023,51-6031,116130.0,35000.0,4064550000.0,national file
2023,51-6041,7230.0,37030.0,267726900.0,national file
2023,51-6042,4630.0,36570.0,169319100.0,national file
2023,51-6051,3390.0,33860.0,114785400.0,national file
2023,51-6052,14950.0,40190.0,600840500.0,national file
2023,51-6061,6650.0,37570.0,249840500.0,national file
2023,51-6062,9760.0,37040.0,361510400.0,national file
2023,51-6063,15980.0,37880.0,605322400.0,national file
2023,51-6064,23550.0,37100.0,873705000.0,national file
2023,51-6091,14520.0,45270.0,657320400.0,national file
2023,51-6092,2670.0,66750.0,178222500.0,national file
2023,51-6093,25740.0,44820.0,1153666800.0,national file
2023,51-6099,15080.0,37430.0,564444400.0,national file
2023,51-7011,88460.0,44620.0,3947085200.0,national file
2023,51-7021,14380.0,42490.0,611006200.0,national file
2023,51-7031,590.0,52510.0,30980900.0,national file
2023,51-7032,260.0,52330.0,13605800.0,national file
2023,51-7041,43570.0,40120.0,1748028400.0,national file
2023,51-7042,61250.0,40360.0,2472050000.0,national file
2023,51-7099,7830.0,39520.0,309441600.0,national file
2023,51-8011,5760.0,121240.0,698342400.0,national file
2023,51-8012,9040.0,105460.0,953358400.0,national file
2023,51-8013,31490.0,91880.0,2893301200.0,national file
2023,51-8021,33840.0,73170.0,2476072800.0,national file
2023,51-8031,120710.0,58050.0,7007215500.0,national file
2023,51-8091,17980.0,79450.0,1428511000.0,national file
2023,51-8092,15930.0,83020.0,1322508600.0,national file
2023,51-8093,33360.0,88120.0,2939683200.0,national file
2023,51-8099,15370.0,59890.0,920509300.0,national file
2023,51-9011,120260.0,57350.0,6896911000.0,national file
2023,51-9012,53170.0,51960.0,2762713200.0,national file
2023,51-9021,26210.0,46390.0,1215881900.0,national file
2023,51-9022,12290.0,41490.0,509912100.0,national file
2023,51-9023,105740.0,47950.0,5070233000.0,national file
2023,51-9031,7220.0,39260.0,283457200.0,national file
2023,51-9032,52720.0,44700.0,2356584000.0,national file
2023,51-9041,57080.0,44610.0,2546338800.0,national file
2023,51-9051,14820.0,47540.0,704542800.0,national file
2023,51-9061,584630.0,49260.0,28798873800.0,national file
2023,51-9071,24060.0,52000.0,1251120000.0,national file
2023,51-9081,34190.0,52390.0,1791214100.0,national file
2023,51-9082,12550.0,48860.0,613193000.0,national file
2023,51-9083,18240.0,41280.0,752947200.0,national file
2023,51-9111,371600.0,41200.0,15309920000.0,national file
2023,51-9123,10700.0,44050.0,471335000.0,national file
2023,51-9124,155880.0,48480.0,7557062400.0,national file
2023,51-9141,26450.0,48970.0,1295256500.0,national file
2023,51-9151,5770.0,41900.0,241763000.0,national file
2023,51-9161,187670.0,51030.0,9576800100.0,national file
2023,51-9162,28030.0,67650.0,1896229500.0,national file
2023,51-9191,12510.0,44400.0,555444000.0,national file
2023,51-9192,15210.0,41500.0,631215000.0,national file
2023,51-9193,6500.0,44840.0,291460000.0,national file
2023,51-9194,8140.0,42780.0,348229200.0,national file
2023,51-9195,38480.0,44710.0,1720440800.0,national file
2023,51-9196,96460.0,48910.0,4717858600.0,national file
2023,51-9197,20660.0,53930.0,1114193800.0,national file
2023,51-9198,181810.0,38160.0,6937869600.0,national file
2023,51-9199,243500.0,41400.0,10080900000.0,national file
2023,53-1041,9020.0,64950.0,585849000.0,national file
2023,53-1047,594330.0,63840.0,37942027200.0,national file
2023,53-2011,93670.0,250050.0,23422183500.0,national file
2023,53-2012,52750.0,138010.0,7280027500.0,national file
2023,53-2021,22310.0,136790.0,3051784900.0,national file
2023,53-2022,18320.0,62140.0,1138404800.0,national file
2023,53-2031,126020.0,70980.0,8944899600.0,national file
2023,53-3011,11520.0,34420.0,396518400.0,national file
2023,53-3031,463120.0,38230.0,17705077600.0,national file
2023,53-3032,2044400.0,55990.0,114465956000.0,national file
2023,53-3033,1003960.0,46090.0,46272516400.0,national file
2023,53-3051,371530.0,45210.0,16796871300.0,national file
2023,53-3052,184990.0,59860.0,11073501400.0,national file
2023,53-3053,204930.0,36920.0,7566015600.0,national file
2023,53-3054,17770.0,35120.0,624082400.0,national file
2023,53-3099,51140.0,39970.0,2044065800.0,national file
2023,53-4011,32390.0,75870.0,2457429300.0,national file
2023,53-4013,2430.0,57580.0,139919400.0,national file
2023,53-4022,13610.0,62840.0,855252400.0,national file
2023,53-4031,46490.0,72220.0,3357507800.0,national file
2023,53-4041,14860.0,77370.0,1149718200.0,national file
2023,53-4099,1830.0,50730.0,92835900.0,national file
2023,53-5011,29960.0,53470.0,1601961200.0,national file
2023,53-5021,34520.0,97820.0,3376746400.0,national file
2023,53-5022,2710.0,51810.0,140405100.0,national file
2023,53-5031,8860.0,100550.0,890873000.0,national file
2023,53-6011,3460.0,50070.0,173242200.0,national file
2023,53-6021,118130.0,32700.0,3862851000.0,national file
2023,53-6031,92530.0,34530.0,3195060900.0,national file
2023,53-6032,24940.0,42110.0,1050223400.0,national file
2023,53-6041,7530.0,56680.0,426800400.0,national file
2023,53-6051,27670.0,83920.0,2322066400.0,national file
2023,53-6061,20190.0,36780.0,742588200.0,national file
2023,53-6099,10940.0,43530.0,476218200.0,national file
2023,53-7011,24660.0,42900.0,1057914000.0,national file
2023,53-7021,42260.0,68040.0,2875370400.0,national file
2023,53-7031,940.0,53700.0,50478000.0,national file
2023,53-7041,2230.0,65810.0,146756300.0,national file
2023,53-7051,778920.0,45720.0,35612222400.0,national file
2023,53-7061,365290.0,35250.0,12876472500.0,national file
2023,53-7062,3008300.0,39760.0,119610008000.0,national file
2023,53-7063,44500.0,41000.0,1824500000.0,national file
2023,53-7064,645210.0,35450.0,22872694500.0,national file
2023,53-7065,2872680.0,37990.0,109133113200.0,national file
2023,53-7071,4400.0,63810.0,280764000.0,national file
2023,53-7072,11570.0,58650.0,678580500.0,national file
2023,53-7073,18230.0,69930.0,1274823900.0,national file
2023,53-7081,135430.0,47810.0,6474908300.0,national file
2023,53-7121,11400.0,60530.0,690042000.0,national file
2023,53-7199,23970.0,45840.0,1098784800.0,national file
2024,11-1011,211850.0,262930.0,55701720500.0,national file
2024,11-1021,3584420.0,133120.0,477157990400.0,national file
2024,11-1031,26510.0,67390.0,1786508900.0,national file
2024,11-2011,21100.0,149270.0,3149597000.0,national file
2024,11-2021,384980.0,171520.0,66031769600.0,national file
2024,11-2022,603710.0,160930.0,97155050300.0,national file
2024,11-2032,76060.0,163520.0,12437331200.0,national file
2024,11-2033,36920.0,137290.0,5068746800.0,national file
2024,11-3012,254140.0,126030.0,32029264200.0,national file
2024,11-3013,141090.0,114520.0,16157626800.0,national file
2024,11-3021,645970.0,187990.0,121435900300.0,national file
2024,11-3031,818620.0,180470.0,147736351400.0,national file
2024,11-3051,234380.0,129180.0,30277208400.0,national file
2024,11-3061,81240.0,150630.0,12237181200.0,national file
2024,11-3071,213000.0,116010.0,24710130000.0,national file
2024,11-3111,20070.0,156230.0,3135536100.0,national file
2024,11-3121,215520.0,160480.0,34586649600.0,national file
2024,11-3131,44960.0,140590.0,6320926400.0,national file
2024,11-9013,5910.0,97240.0,574688400.0,national file
2024,11-9021,348330.0,119660.0,41681167800.0,national file
2024,11-9031,71620.0,62640.0,4486276800.0,national file
2024,11-9032,319630.0,113360.0,36233256800.0,national file
2024,11-9033,176420.0,124450.0,21955469000.0,national file
2024,11-9039,53330.0,99460.0,5304201800.0,national file
2024,11-9041,210340.0,175710.0,36958841400.0,national file
2024,11-9051,244230.0,72370.0,17674925100.0,national file
2024,11-9071,4620.0,102480.0,473457600.0,national file
2024,11-9072,36700.0,87060.0,3195102000.0,national file
2024,11-9081,41350.0,77460.0,3202971000.0,national file
2024,11-9111,565840.0,137730.0,77933143200.0,national file
2024,11-9121,100870.0,173500.0,17500945000.0,national file
2024,11-9131,13810.0,93760.0,1294825600.0,national file
2024,11-9141,296640.0,82720.0,24538060800.0,national file
2024,11-9151,195490.0,86100.0,16831689000.0,national file
2024,11-9161,12570.0,97700.0,1228089000.0,national file
2024,11-9171,13120.0,85650.0,1123728000.0,national file
2024,11-9179,10490.0,70620.0,740803800.0,national file
2024,11-9199,630980.0,149890.0,94577592200.0,national file
2024,13-1011,14220.0,165600.0,2354832000.0,national file
2024,13-1020,486900.0,81720.0,39789468000.0,national file
2024,13-1031,305020.0,78770.0,24026425400.0,national file
2024,13-1032,7790.0,77050.0,600219500.0,national file
2024,13-1041,397770.0,84980.0,33802494600.0,national file
2024,13-1051,219530.0,83160.0,18256114800.0,national file
2024,13-1071,917460.0,79730.0,73149085800.0,national file
2024,13-1074,410.0,51910.0,21283100.0,national file
2024,13-1075,64590.0,97130.0,6273626700.0,national file
2024,13-1081,235640.0,87600.0,20642064000.0,national file
2024,13-1082,1006160.0,108100.0,108765896000.0,national file
2024,13-1111,893900.0,114710.0,102539269000.0,national file
2024,13-1121,134670.0,65090.0,8765670300.0,national file
2024,13-1131,105930.0,73130.0,7746660900.0,national file
2024,13-1141,102370.0,82920.0,8488520400.0,national file
2024,13-1151,436610.0,73760.0,32204353600.0,national file
2024,13-1161,861140.0,86480.0,74471387200.0,national file
2024,13-1199,1128200.0,92380.0,104223116000.0,national file
2024,13-2011,1448290.0,93520.0,135444080800.0,national file
2024,13-2020,59070.0,77160.0,4557841200.0,national file
2024,13-2031,47170.0,93920.0,4430206400.0,national file
2024,13-2041,67370.0,98040.0,6604954800.0,national file
2024,13-2051,340580.0,116490.0,39674164200.0,national file
2024,13-2052,270480.0,160210.0,43333600800.0,national file
2024,13-2053,107820.0,90830.0,9793290600.0,national file
2024,13-2054,56320.0,119930.0,6754457600.0,national file
2024,13-2061,62830.0,103650.0,6512329500.0,national file
2024,13-2071,28110.0,55890.0,1571067900.0,national file
2024,13-2072,290530.0,86020.0,24991390600.0,national file
2024,13-2081,53530.0,67570.0,3617022100.0,national file
2024,13-2082,73570.0,58860.0,4330330200.0,national file
2024,13-2099,127450.0,93890.0,11966280500.0,national file
2024,15-1211,497800.0,111960.0,55733688000.0,national file
2024,15-1212,179430.0,127730.0,22918593900.0,national file
2024,15-1221,38480.0,152310.0,5860888800.0,national file
2024,15-1231,146450.0,79610.0,11658884500.0,national file
2024,15-1232,697210.0,64990.0,45311677900.0,national file
2024,15-1241,177010.0,135890.0,24053888900.0,national file
2024,15-1242,73180.0,107440.0,7862459200.0,national file
2024,15-1243,64770.0,142620.0,9237497400.0,national file
2024,15-1244,318570.0,101190.0,32236098300.0,national file
2024,15-1251,109870.0,103640.0,11386926800.0,national file
2024,15-1252,1654440.0,144570.0,239182390800.0,national file
2024,15-1253,199800.0,110260.0,22029948000.0,national file
2024,15-1254,78860.0,98790.0,7790579400.0,national file
2024,15-1255,111400.0,111450.0,12415530000.0,national file
2024,15-1299,439380.0,116700.0,51275646000.0,national file
2024,15-2011,28340.0,134990.0,3825616600.0,national file
2024,15-2021,2220.0,122520.0,271994400.0,national file
2024,15-2031,107760.0,99120.0,10681171200.0,national file
2024,15-2041,29800.0,112330.0,3347434000.0,national file
2024,15-2051,233440.0,124590.0,29084289600.0,national file
2024,15-2099,4660.0,84700.0,394702000.0,national file
2024,17-1011,111140.0,103390.0,11490764600.0,national file
2024,17-1012,19580.0,88000.0,1723040000.0,national file
2024,17-1021,12790.0,82860.0,1059779400.0,national file
2024,17-1022,53080.0,76730.0,4072828400.0,national file
2024,17-2011,68440.0,141180.0,9662359200.0,national file
2024,17-2021,1680.0,84240.0,141523200.0,national file
2024,17-2031,21860.0,115020.0,2514337200.0,national file
2024,17-2041,20330.0,128430.0,2610981900.0,national file
2024,17-2051,355410.0,107050.0,38046640500.0,national file
2024,17-2061,75710.0,156770.0,11869056700.0,national file
2024,17-2071,188790.0,120980.0,22839814200.0,national file
2024,17-2072,93940.0,132500.0,12447050000.0,national file
2024,17-2081,37950.0,110570.0,4196131500.0,national file
2024,17-2111,23220.0,113770.0,2641739400.0,national file
2024,17-2112,350230.0,107900.0,37789817000.0,national file
2024,17-2121,8440.0,116680.0,984779200.0,national file
2024,17-2131,22770.0,116380.0,2649972600.0,national file
2024,17-2141,286760.0,110080.0,31566540800.0,national file
2024,17-2151,6770.0,108940.0,737523800.0,national file
2024,17-2161,14740.0,134980.0,1989605200.0,national file
2024,17-2171,18970.0,153560.0,2913033200.0,national file
2024,17-2199,150750.0,121720.0,18349290000.0,national file
2024,17-3011,109550.0,68860.0,7543613000.0,national file
2024,17-3012,20020.0,77960.0,1560759200.0,national file
2024,17-3013,39900.0,74040.0,2954196000.0,national file
2024,17-3019,16010.0,66530.0,1065145300.0,national file
2024,17-3021,9060.0,86330.0,782149800.0,national file
2024,17-3022,62130.0,68450.0,4252798500.0,national file
2024,17-3023,92710.0,78580.0,7285151800.0,national file
2024,17-3024,14680.0,75710.0,1111422800.0,national file
2024,17-3025,12500.0,63070.0,788375000.0,national file
2024,17-3026,73410.0,69780.0,5122549800.0,national file
2024,17-3027,37450.0,72450.0,2713252500.0,national file
2024,17-3028,15320.0,71080.0,1088945600.0,national file
2024,17-3029,64410.0,79740.0,5136053400.0,national file
2024,17-3031,56720.0,56890.0,3226800800.0,national file
2024,19-1011,2470.0,104970.0,259275900.0,national file
2024,19-1012,14370.0,92190.0,1324770300.0,national file
2024,19-1013,16600.0,83040.0,1378464000.0,national file
2024,19-1021,34520.0,115570.0,3989476400.0,national file
2024,19-1022,19760.0,95200.0,1881152000.0,national file
2024,19-1023,16920.0,77920.0,1318406400.0,national file
2024,19-1029,59710.0,100440.0,5997272400.0,national file
2024,19-1031,25590.0,74310.0,1901592900.0,national file
2024,19-1032,9650.0,74670.0,720565500.0,national file
2024,19-1041,11460.0,94160.0,1079073600.0,national file
2024,19-1042,156300.0,112690.0,17613447000.0,national file
2024,19-1099,7320.0,101940.0,746200800.0,national file
2024,19-2011,1560.0,134430.0,209710800.0,national file
2024,19-2012,21340.0,166000.0,3542440000.0,national file
2024,19-2021,8780.0,103980.0,912944400.0,national file
2024,19-2031,83250.0,95940.0,7987005000.0,national file
2024,19-2032,8330.0,111410.0,928045300.0,national file
2024,19-2041,84930.0,88640.0,7528195200.0,national file
2024,19-2042,22510.0,111310.0,2505588100.0,national file
2024,19-2043,5720.0,98130.0,561303600.0,national file
2024,19-2099,22580.0,123070.0,2778920600.0,national file
2024,19-3011,15880.0,130910.0,2078850800.0,national file
2024,19-3022,7720.0,73470.0,567188400.0,national file
2024,19-3032,1050.0,134400.0,141120000.0,national file
2024,19-3033,72190.0,106850.0,7713501500.0,national file
2024,19-3034,63830.0,93610.0,5975126300.0,national file
2024,19-3039,17790.0,111340.0,1980738600.0,national file
2024,19-3041,2950.0,111670.0,329426500.0,national file
2024,19-3051,43040.0,89730.0,3861979200.0,national file
2024,19-3091,8070.0,71070.0,573534900.0,national file
2024,19-3092,1380.0,98160.0,135460800.0,national file
2024,19-3093,3140.0,78470.0,246395800.0,national file
2024,19-3094,5950.0,137600.0,818720000.0,national file
2024,19-3099,36970.0,106440.0,3935086800.0,national file
2024,19-4012,14340.0,49680.0,712411200.0,national file
2024,19-4013,14200.0,54400.0,772480000.0,national file
2024,19-4021,76190.0,58020.0,4420543800.0,national file
2024,19-4031,55640.0,61300.0,3410732000.0,national file
2024,19-4042,39390.0,56770.0,2236170300.0,national file
2024,19-4043,9710.0,58220.0,565316200.0,national file
2024,19-4044,2940.0,64410.0,189365400.0,national file
2024,19-4051,5990.0,100730.0,603372700.0,national file
2024,19-4061,32940.0,63560.0,2093666400.0,national file
2024,19-4071,31080.0,56660.0,1760992800.0,national file
2024,19-4092,19450.0,75260.0,1463807000.0,national file
2024,19-4099,71400.0,64640.0,4615296000.0,national file
2024,19-5011,128430.0,88660.0,11386603800.0,national file
2024,19-5012,31450.0,63800.0,2006510000.0,national file
2024,21-1012,342350.0,71520.0,24484872000.0,national file
2024,21-1013,65870.0,72720.0,4790066400.0,national file
2024,21-1015,88930.0,51260.0,4558551800.0,national file
2024,21-1018,440380.0,65100.0,28668738000.0,national file
2024,21-1019,33340.0,58070.0,1936053800.0,national file
2024,21-1021,382960.0,62920.0,24095843200.0,national file
2024,21-1022,185940.0,72030.0,13393258200.0,national file
2024,21-1023,125910.0,68290.0,8598393900.0,national file
2024,21-1029,64940.0,74680.0,4849719200.0,national file
2024,21-1091,65150.0,71700.0,4671255000.0,national file
2024,21-1092,86820.0,71530.0,6210234600.0,national file
2024,21-1093,424220.0,47090.0,19976519800.0,national file
2024,21-1094,60730.0,55970.0,3399058100.0,national file
2024,21-1099,110390.0,58360.0,6442360400.0,national file
2024,21-2011,58080.0,67160.0,3900652800.0,national file
2024,21-2021,21460.0,65040.0,1395758400.0,national file
2024,21-2099,12170.0,49830.0,606431100.0,national file
2024,23-1011,747750.0,182760.0,136658790000.0,national file
2024,23-1012,13220.0,69850.0,923417000.0,national file
2024,23-1021,16230.0,122620.0,1990122600.0,national file
2024,23-1022,7860.0,91170.0,716596200.0,national file
2024,23-1023,25580.0,143110.0,3660753800.0,national file
2024,23-2011,367220.0,66510.0,24423802200.0,national file
2024,23-2093,48170.0,59600.0,2870932000.0,national file
2024,23-2099,47380.0,86220.0,4085103600.0,national file
2024,25-1011,81780.0,113840.0,9309835200.0,national file
2024,25-1021,36240.0,105830.0,3835279200.0,national file
2024,25-1022,48820.0,92880.0,4534401600.0,national file
2024,25-1031,9120.0,110360.0,1006483200.0,national file
2024,25-1032,39910.0,119340.0,4762859400.0,national file
2024,25-1041,8700.0,97790.0,850773000.0,national file
2024,25-1042,53250.0,101340.0,5396355000.0,national file
2024,25-1043,1310.0,103780.0,135951800.0,national file
2024,25-1051,11480.0,112950.0,1296666000.0,national file
2024,25-1052,20390.0,103030.0,2100781700.0,national file
2024,25-1053,7130.0,100360.0,715566800.0,national file
2024,25-1054,13590.0,105460.0,1433201400.0,national file
2024,25-1061,5260.0,102530.0,539307800.0,national file
2024,25-1062,11430.0,97350.0,1112710500.0,national file
2024,25-1063,12420.0,133140.0,1653598800.0,national file
2024,25-1064,3290.0,99020.0,325775800.0,national file
2024,25-1065,17170.0,105160.0,1805597200.0,national file
2024,25-1066,41610.0,93530.0,3891783300.0,national file
2024,25-1067,12380.0,97270.0,1204202600.0,national file
2024,25-1069,17540.0,92950.0,1630343000.0,national file
2024,25-1071,229720.0,137900.0,31678388000.0,national file
2024,25-1072,74250.0,87090.0,6466432500.0,national file
2024,25-1081,59090.0,78500.0,4638565000.0,national file
2024,25-1082,4100.0,84320.0,345712000.0,national file
2024,25-1111,13560.0,84820.0,1150159200.0,national file
2024,25-1112,22800.0,139950.0,3190860000.0,national file
2024,25-1113,13350.0,81880.0,1093098000.0,national file
2024,25-1121,97890.0,102240.0,10008273600.0,national file
2024,25-1122,29260.0,90340.0,2643348400.0,national file
2024,25-1123,59590.0,90400.0,5386936000.0,national file
2024,25-1124,21170.0,87670.0,1855973900.0,national file
2024,25-1125,19860.0,93710.0,1861080600.0,national file
2024,25-1126,20840.0,88210.0,1838296400.0,national file
2024,25-1192,2630.0,84450.0,222103500.0,national file
2024,25-1193,12680.0,87980.0,1115586400.0,national file
2024,25-1194,111150.0,68710.0,7637116500.0,national file
2024,25-1199,151530.0,94470.0,14315039100.0,national file
2024,25-2011,445080.0,41450.0,18448566000.0,national file
2024,25-2012,114410.0,67020.0,7667758200.0,national file
2024,25-2021,1393310.0,69790.0,97239104900.0,national file
2024,25-2022,620370.0,70040.0,43450714800.0,national file
2024,25-2023,14200.0,68690.0,975398000.0,national file
2024,25-2031,1072540.0,73700.0,79046198000.0,national file
2024,25-2032,104450.0,70550.0,7368947500.0,national file
2024,25-2051,28200.0,72610.0,2047602000.0,national file
2024,25-2052,231570.0,70150.0,16244635500.0,national file
2024,25-2057,95330.0,72310.0,6893312300.0,national file
2024,25-2058,162780.0,74610.0,12145015800.0,national file
2024,25-2059,39350.0,74180.0,2918983000.0,national file
2024,25-3011,36260.0,64660.0,2344571600.0,national file
2024,25-3021,308520.0,53330.0,16453371600.0,national file
2024,25-3031,481300.0,44930.0,21624809000.0,national file
2024,25-3041,174660.0,47780.0,8345254800.0,national file
2024,25-3099,125010.0,71610.0,8951966100.0,national file
2024,25-4011,7050.0,67620.0,476721000.0,national file
2024,25-4012,12280.0,70060.0,860336800.0,national file
2024,25-4013,13070.0,53630.0,700944100.0,national file
2024,25-4022,131830.0,69180.0,9119999400.0,national file
2024,25-4031,73770.0,43050.0,3175798500.0,national file
2024,25-9021,10260.0,60470.0,620422200.0,national file
2024,25-9031,210850.0,77600.0,16361960000.0,national file
2024,25-9044,155010.0,47560.0,7372275600.0,national file
2024,25-9045,1375300.0,35960.0,49455788000.0,national file
2024,25-9099,114640.0,55700.0,6385448000.0,national file
2024,27-1011,50370.0,128100.0,6452397000.0,national file
2024,27-1012,4370.0,45340.0,198135800.0,national file
2024,27-1013,10000.0,76450.0,764500000.0,national file
2024,27-1014,21280.0,110110.0,2343140800.0,national file
2024,27-1019,7370.0,79490.0,585841300.0,national file
2024,27-1021,30250.0,88000.0,2662000000.0,national file
2024,27-1022,20910.0,122430.0,2560011300.0,national file
2024,27-1023,40160.0,37700.0,1514032000.0,national file
2024,27-1024,214260.0,68610.0,14700378600.0,national file
2024,27-1025,69580.0,71430.0,4970099400.0,national file
2024,27-1026,192480.0,40540.0,7803139200.0,national file
2024,27-1027,10850.0,78450.0,851182500.0,national file
2024,27-1029,9680.0,78000.0,755040000.0,national file
2024,27-2012,145270.0,114280.0,16601455600.0,national file
2024,27-2021,14370.0,259750.0,3732607500.0,national file
2024,27-2022,250940.0,58910.0,14782875400.0,national file
2024,27-2023,15080.0,52800.0,796224000.0,national file
2024,27-2032,3430.0,62020.0,212728600.0,national file
2024,27-2041,12330.0,84230.0,1038555900.0,national file
2024,27-3011,23880.0,80110.0,1913026800.0,national file
2024,27-3023,41550.0,106030.0,4405546500.0,national file
2024,27-3031,280590.0,80310.0,22534182900.0,national file
2024,27-3041,95480.0,85700.0,8182636000.0,national file
2024,27-3042,55530.0,92330.0,5127084900.0,national file
2024,27-3043,47800.0,85780.0,4100284000.0,national file
2024,27-3091,53360.0,64950.0,3465732000.0,national file
2024,27-3092,12630.0,74630.0,942576900.0,national file
2024,27-3099,23590.0,84870.0,2002083300.0,national file
2024,27-4011,70080.0,61370.0,4300809600.0,national file
2024,27-4012,21080.0,64220.0,1353757600.0,national file
2024,27-4014,13050.0,79280.0,1034604000.0,national file
2024,27-4015,10130.0,70000.0,709100000.0,national file
2024,27-4021,51230.0,55650.0,2850949500.0,national file
2024,27-4031,24460.0,79870.0,1953620200.0,national file
2024,27-4032,28860.0,83530.0,2410675800.0,national file
2024,27-4099,13020.0,78350.0,1020117000.0,national file
2024,29-1011,37630.0,91830.0,3455562900.0,national file
2024,29-1021,113490.0,196100.0,22255389000.0,national file
2024,29-1022,5330.0,360240.0,1920079200.0,national file
2024,29-1023,5150.0,254620.0,1311293000.0,national file
2024,29-1024,760.0,258660.0,196581600.0,national file
2024,29-1029,5900.0,246530.0,1454527000.0,national file
2024,29-1031,76570.0,74770.0,5725138900.0,national file
2024,29-1041,41890.0,140940.0,5903976600.0,national file
2024,29-1051,328870.0,137210.0,45124252700.0,national file
2024,29-1071,155540.0,136900.0,21293426000.0,national file
2024,29-1081,9520.0,163960.0,1560899200.0,national file
2024,29-1122,152280.0,98240.0,14959987200.0,national file
2024,29-1123,248630.0,102400.0,25459712000.0,national file
2024,29-1124,18700.0,110820.0,2072334000.0,national file
2024,29-1125,15060.0,65350.0,984171000.0,national file
2024,29-1126,136420.0,84260.0,11494749200.0,national file
2024,29-1127,178790.0,95840.0,17135233600.0,national file
2024,29-1128,8110.0,59620.0,483518200.0,national file
2024,29-1129,19320.0,73800.0,1425816000.0,national file
2024,29-1131,80630.0,140270.0,11309970100.0,national file
2024,29-1141,3282010.0,98430.0,323048244300.0,national file
2024,29-1151,50350.0,231700.0,11666095000.0,national file
2024,29-1161,8280.0,128110.0,1060750800.0,national file
2024,29-1171,307390.0,132000.0,40575480000.0,national file
2024,29-1181,14730.0,95320.0,1404063600.0,national file
2024,29-1211,41890.0,336640.0,14101849600.0,national file
2024,29-1212,18020.0,432490.0,7793469800.0,national file
2024,29-1213,10080.0,347810.0,3505924800.0,national file
2024,29-1214,33680.0,320700.0,10801176000.0,national file
2024,29-1215,107950.0,256830.0,27724798500.0,national file
2024,29-1216,66640.0,262710.0,17506994400.0,national file
2024,29-1217,7700.0,286310.0,2204587000.0,national file
2024,29-1218,19900.0,281130.0,5594487000.0,national file
2024,29-1221,42960.0,222340.0,9551726400.0,national file
2024,29-1222,11800.0,266020.0,3139036000.0,national file
2024,29-1223,24800.0,269120.0,6674176000.0,national file
2024,29-1224,26290.0,359820.0,9459667800.0,national file
2024,29-1229,315360.0,253470.0,79934299200.0,national file
2024,29-1241,12110.0,301500.0,3651165000.0,national file
2024,29-1242,14160.0,365060.0,5169249600.0,national file
2024,29-1243,1050.0,450810.0,473350500.0,national file
2024,29-1249,24080.0,371280.0,8940422400.0,national file
2024,29-1291,8440.0,89750.0,757490000.0,national file
2024,29-1292,219070.0,93890.0,20568482300.0,national file
2024,29-1299,30870.0,128680.0,3972351600.0,national file
2024,29-2010,343040.0,65320.0,22407372800.0,national file
2024,29-2031,61180.0,72890.0,4459410200.0,national file
2024,29-2032,86460.0,92550.0,8001873000.0,national file
2024,29-2033,16960.0,99690.0,1690742400.0,national file
2024,29-2034,223460.0,79760.0,17823169600.0,national file
2024,29-2035,41530.0,91020.0,3780060600.0,national file
2024,29-2036,3970.0,141420.0,561437400.0,national file
2024,29-2042,177980.0,44790.0,7971724200.0,national file
2024,29-2043,99530.0,60610.0,6032513300.0,national file
2024,29-2051,29950.0,39560.0,1184822000.0,national file
2024,29-2052,487920.0,44800.0,21858816000.0,national file
2024,29-2053,136300.0,45000.0,6133500000.0,national file
2024,29-2055,113890.0,65810.0,7495100900.0,national file
2024,29-2056,131320.0,46280.0,6077489600.0,national file
2024,29-2057,76520.0,45360.0,3470947200.0,national file
2024,29-2061,632430.0,64150.0,40570384500.0,national file
2024,29-2072,187910.0,55970.0,10517322700.0,national file
2024,29-2081,79690.0,49970.0,3982109300.0,national file
2024,29-2091,9930.0,81330.0,807606900.0,national file
2024,29-2092,10580.0,63930.0,676379400.0,national file
2024,29-2099,174060.0,56370.0,9811762200.0,national file
2024,29-9021,37620.0,73410.0,2761684200.0,national file
2024,29-9091,28950.0,63960.0,1851642000.0,national file
2024,29-9092,3510.0,102890.0,361143900.0,national file
2024,29-9093,22860.0,67190.0,1535963400.0,national file
2024,29-9099,36970.0,73200.0,2706204000.0,national file
2024,31-1120,3988140.0,34990.0,139545018600.0,national file
2024,31-1131,1388430.0,41270.0,57300506100.0,national file
2024,31-1132,53020.0,40070.0,2124511400.0,national file
2024,31-1133,34900.0,43610.0,1521989000.0,national file
2024,31-2011,47910.0,68540.0,3283751400.0,national file
2024,31-2012,5000.0,41850.0,209250000.0,national file
2024,31-2021,108010.0,67160.0,7253951600.0,national file
2024,31-2022,44010.0,35510.0,1562795100.0,national file
2024,31-9011,96040.0,63430.0,6091817200.0,national file
2024,31-9091,375430.0,48860.0,18343509800.0,national file
2024,31-9092,793460.0,44720.0,35483531200.0,national file
2024,31-9093,72760.0,48990.0,3564512400.0,national file
2024,31-9094,43070.0,39210.0,1688774700.0,national file
2024,31-9095,41100.0,40290.0,1655919000.0,national file
2024,31-9096,114190.0,38990.0,4452268100.0,national file
2024,31-9097,138880.0,44390.0,6164883200.0,national file
2024,31-9099,103650.0,48760.0,5053974000.0,national file
2024,33-1011,53390.0,82260.0,4391861400.0,national file
2024,33-1012,153130.0,110990.0,16995898700.0,national file
2024,33-1021,93680.0,97030.0,9089770400.0,national file
2024,33-1091,70310.0,62990.0,4428826900.0,national file
2024,33-1099,20460.0,73320.0,1500127200.0,national file
2024,33-2011,332240.0,63890.0,21226813600.0,national file
2024,33-2021,14050.0,87440.0,1228532000.0,national file
2024,33-2022,2780.0,61820.0,171859600.0,national file
2024,33-3011,16910.0,62180.0,1051463800.0,national file
2024,33-3012,365380.0,62760.0,22931248800.0,national file
2024,33-3021,110790.0,98770.0,10942728300.0,national file
2024,33-3031,6420.0,67990.0,436495800.0,national file
2024,33-3041,7770.0,51840.0,402796800.0,national file
2024,33-3051,666990.0,79320.0,52905646800.0,national file
2024,33-3052,3000.0,91820.0,275460000.0,national file
2024,33-9011,11790.0,49240.0,580539600.0,national file
2024,33-9021,38700.0,61680.0,2387016000.0,national file
2024,33-9031,10000.0,46710.0,467100000.0,national file
2024,33-9032,1241770.0,42890.0,53259515300.0,national file
2024,33-9091,90180.0,42910.0,3869623800.0,national file
2024,33-9092,143590.0,34700.0,4982573000.0,national file
2024,33-9093,46340.0,61840.0,2865665600.0,national file
2024,33-9094,72140.0,35270.0,2544377800.0,national file
2024,33-9099,83110.0,48210.0,4006733100.0,national file
2024,35-1011,182320.0,64720.0,11799750400.0,national file
2024,35-1012,1187460.0,44900.0,53316954000.0,national file
2024,35-2011,668230.0,31140.0,20808682200.0,national file
2024,35-2012,448260.0,37310.0,16724580600.0,national file
2024,35-2013,900.0,51290.0,46161000.0,national file
2024,35-2014,1452130.0,37730.0,54788864900.0,national file
2024,35-2015,150420.0,35660.0,5363977200.0,national file
2024,35-2019,23590.0,38000.0,896420000.0,national file
2024,35-2021,888770.0,33940.0,30164853800.0,national file
2024,35-3011,745610.0,39880.0,29734926800.0,national file
2024,35-3023,3780930.0,31350.0,118532155500.0,national file
2024,35-3031,2302690.0,38360.0,88331188400.0,national file
2024,35-3041,271780.0,35030.0,9520453400.0,national file
2024,35-9011,522010.0,34190.0,17847521900.0,national file
2024,35-9021,471670.0,33220.0,15668877400.0,national file
2024,35-9031,427150.0,32030.0,13681614500.0,national file
2024,35-9099,89580.0,35990.0,3223984200.0,national file
2024,37-1011,174660.0,51170.0,8937352200.0,national file
2024,37-1012,124130.0,59380.0,7370839400.0,national file
2024,37-2011,2199900.0,37460.0,82408254000.0,national file
2024,37-2012,854910.0,36180.0,30930643800.0,national file
2024,37-2019,16370.0,44150.0,722735500.0,national file
2024,37-2021,96110.0,45800.0,4401838000.0,national file
2024,37-3011,943430.0,40880.0,38567418400.0,national file
2024,37-3012,25200.0,45960.0,1158192000.0,national file
2024,37-3013,47870.0,54970.0,2631413900.0,national file
2024,37-3019,13580.0,47180.0,640704400.0,national file
2024,39-1013,25530.0,62600.0,1598178000.0,national file
2024,39-1014,92830.0,51400.0,4771462000.0,national file
2024,39-1022,107060.0,50920.0,5451495200.0,national file
2024,39-2011,20110.0,45780.0,920635800.0,national file
2024,39-2021,277300.0,34750.0,9636175000.0,national file
2024,39-3011,82980.0,40420.0,3354051600.0,national file
2024,39-3012,7600.0,32570.0,247532000.0,national file
2024,39-3019,14920.0,37590.0,560842800.0,national file
2024,39-3021,1950.0,50290.0,98065500.0,national file
2024,39-3031,119210.0,31770.0,3787301700.0,national file
2024,39-3091,371590.0,31350.0,11649346500.0,national file
2024,39-3092,6290.0,65890.0,414448100.0,national file
2024,39-3093,14960.0,36490.0,545890400.0,national file
2024,39-3099,8060.0,36180.0,291610800.0,national file
2024,39-4011,3420.0,57520.0,196718400.0,national file
2024,39-4012,2950.0,44790.0,132130500.0,national file
2024,39-4021,30560.0,35900.0,1097104000.0,national file
2024,39-4031,25700.0,56340.0,1447938000.0,national file
2024,39-5011,18100.0,47800.0,865180000.0,national file
2024,39-5012,295460.0,43460.0,12840691600.0,national file
2024,39-5091,3320.0,75410.0,250361200.0,national file
2024,39-5092,147820.0,36910.0,5456036200.0,national file
2024,39-5093,8890.0,30830.0,274078700.0,national file
2024,39-5094,70240.0,48670.0,3418580800.0,national file
2024,39-6011,31220.0,36960.0,1153891200.0,national file
2024,39-6012,44200.0,40770.0,1802034000.0,national file
2024,39-7010,49010.0,43090.0,2111840900.0,national file
2024,39-9011,520180.0,33140.0,17238765200.0,national file
2024,39-9031,303620.0,51360.0,15593923200.0,national file
2024,39-9032,309640.0,37170.0,11509318800.0,national file
2024,39-9041,82810.0,41590.0,3444067900.0,national file
2024,39-9099,62390.0,37990.0,2370196100.0,national file
2024,41-1011,1113160.0,52350.0,58273926000.0,national file
2024,41-1012,219010.0,97870.0,21434508700.0,national file
2024,41-2011,3148030.0,31810.0,100138834300.0,national file
2024,41-2012,21930.0,36820.0,807462600.0,national file
2024,41-2021,398620.0,43700.0,17419694000.0,national file
2024,41-2022,265060.0,42390.0,11235893400.0,national file
2024,41-2031,3800250.0,37150.0,141179287500.0,national file
2024,41-3011,97470.0,76350.0,7441834500.0,national file
2024,41-3021,469480.0,81510.0,38267314800.0,national file
2024,41-3031,472300.0,110400.0,52141920000.0,national file
2024,41-3041,59150.0,52690.0,3116613500.0,national file
2024,41-3091,1189330.0,81260.0,96644955800.0,national file
2024,41-4011,293930.0,114520.0,33660863600.0,national file
2024,41-4012,1266860.0,81470.0,103211084200.0,national file
2024,41-9011,64770.0,43730.0,2832392100.0,national file
2024,41-9012,5350.0,81540.0,436239000.0,national file
2024,41-9021,49590.0,91660.0,4545419400.0,national file
2024,41-9022,190600.0,70970.0,13526882000.0,national file
2024,41-9031,56690.0,130410.0,7392942900.0,national file
2024,41-9041,66430.0,36340.0,2414066200.0,national file
2024,41-9091,4590.0,39890.0,183095100.0,national file
2024,41-9099,99070.0,57030.0,5649962100.0,national file
2024,43-1011,1495580.0,71560.0,107023704800.0,national file
2024,43-2011,35730.0,42130.0,1505304900.0,national file
2024,43-2021,3950.0,42880.0,169376000.0,national file
2024,43-2099,1390.0,55890.0,77687100.0,national file
2024,43-3011,165020.0,48370.0,7982017400.0,national file
2024,43-3021,417500.0,49490.0,20662075000.0,national file
2024,43-3031,1455770.0,52020.0,75729155400.0,national file
2024,43-3041,13490.0,38600.0,520714000.0,national file
2024,43-3051,156950.0,56870.0,8925746500.0,national file
2024,43-3061,59900.0,50430.0,3020757000.0,national file
2024,43-3071,339340.0,40940.0,13892579600.0,national file
2024,43-3099,37030.0,55330.0,2048869900.0,national file
2024,43-4011,40090.0,67680.0,2713291200.0,national file
2024,43-4021,6260.0,46610.0,291778600.0,national file
2024,43-4031,170010.0,51200.0,8704512000.0,national file
2024,43-4041,11960.0,51270.0,613189200.0,national file
2024,43-4051,2725930.0,45380.0,123702703400.0,national file
2024,43-4061,156260.0,53970.0,8433352200.0,national file
2024,43-4071,78980.0,43700.0,3451426000.0,national file
2024,43-4081,261430.0,34740.0,9082078200.0,national file
2024,43-4111,157310.0,45400.0,7141874000.0,national file
2024,43-4121,80070.0,37910.0,3035453700.0,national file
2024,43-4131,173100.0,51050.0,8836755000.0,national file
2024,43-4141,38030.0,47610.0,1810608300.0,national file
2024,43-4151,83420.0,46270.0,3859843400.0,national file
2024,43-4161,92580.0,50950.0,4716951000.0,national file
2024,43-4171,964530.0,38480.0,37115114400.0,national file
2024,43-4181,127440.0,47720.0,6081436800.0,national file
2024,43-4199,143910.0,50200.0,7224282000.0,national file
2024,43-5011,97800.0,55420.0,5420076000.0,national file
2024,43-5021,71920.0,40060.0,2881115200.0,national file
2024,43-5031,101140.0,54800.0,5542472000.0,national file
2024,43-5032,211000.0,53150.0,11214650000.0,national file
2024,43-5041,19620.0,55810.0,1094992200.0,national file
2024,43-5051,78060.0,61070.0,4767124200.0,national file
2024,43-5052,336040.0,59880.0,20122075200.0,national file
2024,43-5053,111930.0,58310.0,6526638300.0,national file
2024,43-5061,385000.0,60420.0,23261700000.0,national file
2024,43-5071,857630.0,44890.0,38499010700.0,national file
2024,43-5111,49720.0,46660.0,2319935200.0,national file
2024,43-6011,472770.0,77060.0,36431656200.0,national file
2024,43-6012,154540.0,60320.0,9321852800.0,national file
2024,43-6013,830760.0,45580.0,37866040800.0,national file
2024,43-6014,1737820.0,47640.0,82789744800.0,national file
2024,43-9021,135280.0,42070.0,5691229600.0,national file
2024,43-9022,36030.0,49730.0,1791771900.0,national file
2024,43-9031,4000.0,60250.0,241000000.0,national file
2024,43-9041,229070.0,51980.0,11907058600.0,national file
2024,43-9051,62730.0,40200.0,2521746000.0,national file
2024,43-9061,2510550.0,45470.0,114154708500.0,national file
2024,43-9071,24740.0,41620.0,1029678800.0,national file
2024,43-9081,5160.0,52730.0,272086800.0,national file
2024,43-9111,5900.0,55470.0,327273000.0,national file
2024,43-9199,195890.0,48700.0,9539843000.0,national file
2024,45-1011,29530.0,63360.0,1871020800.0,national file
2024,45-2011,12090.0,55650.0,672808500.0,national file
2024,45-2021,1730.0,56150.0,97139500.0,national file
2024,45-2041,26870.0,36080.0,969469600.0,national file
2024,45-2091,30940.0,43920.0,1358884800.0,national file
2024,45-2092,261690.0,37850.0,9904966500.0,national file
2024,45-2093,35420.0,38580.0,1366503600.0,national file
2024,45-2099,4980.0,45780.0,227984400.0,national file
2024,45-4011,5630.0,42830.0,241132900.0,national file
2024,45-4021,4110.0,59120.0,242983200.0,national file
2024,45-4022,22520.0,52020.0,1171490400.0,national file
2024,45-4023,3310.0,48130.0,159310300.0,national file
2024,45-4029,2160.0,53820.0,116251200.0,national file
2024,47-1011,806080.0,84500.0,68113760000.0,national file
2024,47-2011,10170.0,76900.0,782073000.0,national file
2024,47-2021,53520.0,65390.0,3499672800.0,national file
2024,47-2022,8750.0,57220.0,500675000.0,national file
2024,47-2031,697740.0,64040.0,44683269600.0,national file
2024,47-2041,14980.0,55860.0,836782800.0,national file
2024,47-2042,24850.0,60550.0,1504667500.0,national file
2024,47-2043,4140.0,50880.0,210643200.0,national file
2024,47-2044,38740.0,57590.0,2231036600.0,national file
2024,47-2051,205230.0,59360.0,12182452800.0,national file
2024,47-2053,1450.0,62330.0,90378500.0,national file
2024,47-2061,1057660.0,51260.0,54215651600.0,national file
2024,47-2071,45680.0,58660.0,2679588800.0,national file
2024,47-2072,3040.0,79000.0,240160000.0,national file
2024,47-2073,469270.0,65180.0,30587018600.0,national file
2024,47-2081,82900.0,62810.0,5206949000.0,national file
2024,47-2082,12500.0,70390.0,879875000.0,national file
2024,47-2111,742580.0,69630.0,51705845400.0,national file
2024,47-2121,57000.0,60260.0,3434820000.0,national file
2024,47-2131,38610.0,53440.0,2063318400.0,national file
2024,47-2132,25640.0,63540.0,1629165600.0,national file
2024,47-2141,224180.0,53710.0,12040707800.0,national file
2024,47-2142,1520.0,51900.0,78888000.0,national file
2024,47-2151,33580.0,54270.0,1822386600.0,national file
2024,47-2152,455940.0,69940.0,31888443600.0,national file
2024,47-2161,20880.0,61000.0,1273680000.0,national file
2024,47-2171,14140.0,62640.0,885729600.0,national file
2024,47-2181,136740.0,57090.0,7806486600.0,national file
2024,47-2211,117470.0,66110.0,7765941700.0,national file
2024,47-2221,64720.0,69270.0,4483154400.0,national file
2024,47-2231,28280.0,57380.0,1622706400.0,national file
2024,47-3011,15660.0,49730.0,778771800.0,national file
2024,47-3012,24610.0,42080.0,1035588800.0,national file
2024,47-3013,64440.0,42900.0,2764476000.0,national file
2024,47-3014,7220.0,40880.0,295153600.0,national file
2024,47-3015,43640.0,41720.0,1820660800.0,national file
2024,47-3016,5170.0,42070.0,217501900.0,national file
2024,47-3019,25510.0,44040.0,1123460400.0,national file
2024,47-4011,137210.0,76430.0,10486960300.0,national file
2024,47-4021,23340.0,104860.0,2447432400.0,national file
2024,47-4031,22640.0,50550.0,1144452000.0,national file
2024,47-4041,50570.0,55740.0,2818771800.0,national file
2024,47-4051,151750.0,51410.0,7801467500.0,national file
2024,47-4061,16480.0,68270.0,1125089600.0,national file
2024,47-4071,29050.0,52730.0,1531806500.0,national file
2024,47-4090,33530.0,52910.0,1774072300.0,national file
2024,47-5011,11040.0,62490.0,689889600.0,national file
2024,47-5012,13090.0,70080.0,917347200.0,national file
2024,47-5013,44120.0,61530.0,2714703600.0,national file
2024,47-5022,34210.0,57860.0,1979390600.0,national file
2024,47-5023,17410.0,63260.0,1101356600.0,national file
2024,47-5032,5680.0,66840.0,379651200.0,national file
2024,47-5041,14340.0,63920.0,916612800.0,national file
2024,47-5043,2230.0,74760.0,166714800.0,national file
2024,47-5044,6130.0,68470.0,419721100.0,national file
2024,47-5049,3480.0,67830.0,236048400.0,national file
2024,47-5051,3080.0,50540.0,155663200.0,national file
2024,47-5071,45330.0,49060.0,2223889800.0,national file
2024,47-5081,6720.0,50330.0,338217600.0,national file
2024,47-5099,6070.0,54780.0,332514600.0,national file
2024,49-1011,600680.0,82930.0,49814392400.0,national file
2024,49-2011,73010.0,49820.0,3637358200.0,national file
2024,49-2021,11400.0,69180.0,788652000.0,national file
2024,49-2022,153890.0,66650.0,10256768500.0,national file
2024,49-2091,20900.0,82350.0,1721115000.0,national file
2024,49-2092,16570.0,56820.0,941507400.0,national file
2024,49-2093,7310.0,80980.0,591963800.0,national file
2024,49-2094,59990.0,72950.0,4376270500.0,national file
2024,49-2095,23040.0,97460.0,2245478400.0,national file
2024,49-2096,10140.0,50240.0,509433600.0,national file
2024,49-2097,22170.0,55740.0,1235755800.0,national file
2024,49-2098,81510.0,60040.0,4893860400.0,national file
2024,49-3011,136390.0,80780.0,11017584200.0,national file
2024,49-3021,155220.0,58830.0,9131592600.0,national file
2024,49-3022,18940.0,49580.0,939045200.0,national file
2024,49-3023,688840.0,55260.0,38065298400.0,national file
2024,49-3031,287230.0,62480.0,17946130400.0,national file
2024,49-3041,36880.0,55290.0,2039095200.0,national file
2024,49-3042,180270.0,67580.0,12182646600.0,national file
2024,49-3043,18300.0,67610.0,1237263000.0,national file
2024,49-3051,24250.0,56450.0,1368912500.0,national file
2024,49-3052,14010.0,49650.0,695596500.0,national file
2024,49-3053,34240.0,48200.0,1650368000.0,national file
2024,49-3091,12590.0,41550.0,523114500.0,national file
2024,49-3092,18710.0,55380.0,1036159800.0,national file
2024,49-3093,106620.0,39140.0,4173106800.0,national file
2024,49-9011,27970.0,54110.0,1513456700.0,national file
2024,49-9012,46920.0,75970.0,3564512400.0,national file
2024,49-9021,396870.0,62690.0,24879780300.0,national file
2024,49-9031,31940.0,53580.0,1711345200.0,national file
2024,49-9041,421940.0,67160.0,28337490400.0,national file
2024,49-9043,56540.0,61820.0,3495302800.0,national file
2024,49-9044,40660.0,68640.0,2790902400.0,national file
2024,49-9045,1100.0,61480.0,67628000.0,national file
2024,49-9051,123680.0,90110.0,11144804800.0,national file
2024,49-9052,98360.0,72440.0,7125198400.0,national file
2024,49-9061,2010.0,53420.0,107374200.0,national file
2024,49-9062,60830.0,66810.0,4064052300.0,national file
2024,49-9063,5730.0,49020.0,280884600.0,national file
2024,49-9064,1300.0,62450.0,81185000.0,national file
2024,49-9069,9680.0,70420.0,681665600.0,national file
2024,49-9071,1531700.0,52430.0,80307031000.0,national file
2024,49-9081,11220.0,67580.0,758247600.0,national file
2024,49-9091,28260.0,48530.0,1371457800.0,national file
2024,49-9092,3430.0,78110.0,267917300.0,national file
2024,49-9094,15550.0,55200.0,858360000.0,national file
2024,49-9095,2610.0,42620.0,111238200.0,national file
2024,49-9096,24190.0,66600.0,1611054000.0,national file
2024,49-9097,8210.0,84940.0,697357400.0,national file
2024,49-9098,97540.0,40750.0,3974755000.0,national file
2024,49-9099,183690.0,53270.0,9785166300.0,national file
2024,51-1011,685140.0,74540.0,51070335600.0,national file
2024,51-2011,32890.0,66510.0,2187513900.0,national file
2024,51-2021,12170.0,48940.0,595599800.0,national file
2024,51-2028,261140.0,45930.0,11994160200.0,national file
2024,51-2031,38420.0,56040.0,2153056800.0,national file
2024,51-2041,53380.0,52740.0,2815261200.0,national file
2024,51-2051,18520.0,47320.0,876366400.0,national file
2024,51-2061,230.0,42410.0,9754300.0,national file
2024,51-2090,1457800.0,44860.0,65396908000.0,national file
2024,51-3011,231890.0,37670.0,8735296300.0,national file
2024,51-3021,140040.0,41300.0,5783652000.0,national file
2024,51-3022,141090.0,38640.0,5451717600.0,national file
2024,51-3023,67500.0,40710.0,2747925000.0,national file
2024,51-3091,19500.0,44140.0,860730000.0,national file
2024,51-3092,171660.0,42830.0,7352197800.0,national file
2024,51-3093,27660.0,41930.0,1159783800.0,national file
2024,51-3099,57920.0,39260.0,2273939200.0,national file
2024,51-4021,65700.0,48170.0,3164769000.0,national file
2024,51-4022,8760.0,50900.0,445884000.0,national file
2024,51-4023,22350.0,50940.0,1138509000.0,national file
2024,51-4031,174430.0,47060.0,8208675800.0,national file
2024,51-4032,5310.0,50330.0,267252300.0,national file
2024,51-4033,70110.0,46600.0,3267126000.0,national file
2024,51-4034,18970.0,50190.0,952104300.0,national file
2024,51-4035,13810.0,52940.0,731101400.0,national file
2024,51-4041,298790.0,57390.0,17147558100.0,national file
2024,51-4051,20330.0,57290.0,1164705700.0,national file
2024,51-4052,5830.0,51320.0,299195600.0,national file
2024,51-4061,3230.0,65840.0,212663200.0,national file
2024,51-4062,1570.0,57930.0,90950100.0,national file
2024,51-4071,12720.0,46910.0,596695200.0,national file
2024,51-4072,154820.0,44130.0,6832206600.0,national file
2024,51-4081,129850.0,48590.0,6309411500.0,national file
2024,51-4111,55130.0,65100.0,3588963000.0,national file
2024,51-4121,424040.0,55100.0,23364604000.0,national file
2024,51-4122,36290.0,49270.0,1788008300.0,national file
2024,51-4191,14590.0,49030.0,715347700.0,national file
2024,51-4192,5610.0,65770.0,368969700.0,national file
2024,51-4193,31510.0,43820.0,1380768200.0,national file
2024,51-4194,5730.0,51790.0,296756700.0,national file
2024,51-4199,20270.0,45850.0,929379500.0,national file
2024,51-5111,23070.0,49130.0,1133429100.0,national file
2024,51-5112,145110.0,46620.0,6765028200.0,national file
2024,51-5113,36470.0,43040.0,1569668800.0,national file
2024,51-6011,195360.0,33990.0,6640286400.0,national file
2024,51-6021,26830.0,33370.0,895317100.0,national file
2024,51-6031,109590.0,36680.0,4019761200.0,national file
2024,51-6041,7640.0,36280.0,277179200.0,national file
2024,51-6042,3270.0,37230.0,121742100.0,national file
2024,51-6051,2240.0,34810.0,77974400.0,national file
2024,51-6052,16290.0,44050.0,717574500.0,national file
2024,51-6061,5820.0,39000.0,226980000.0,national file
2024,51-6062,8960.0,38500.0,344960000.0,national file
2024,51-6063,14530.0,39470.0,573499100.0,national file
2024,51-6064,20600.0,38440.0,791864000.0,national file
2024,51-6091,14900.0,47420.0,706558000.0,national file
2024,51-6092,2860.0,71630.0,204861800.0,national file
2024,51-6093,20990.0,46960.0,985690400.0,national file
2024,51-6099,14450.0,40410.0,583924500.0,national file
2024,51-7011,79540.0,47460.0,3774968400.0,national file
2024,51-7021,14230.0,44310.0,630531300.0,national file
2024,51-7031,360.0,59780.0,21520800.0,national file
2024,51-7032,180.0,57920.0,10425600.0,national file
2024,51-7041,43140.0,42390.0,1828704600.0,national file
2024,51-7042,63350.0,42290.0,2679071500.0,national file
2024,51-7099,6590.0,43730.0,288180700.0,national file
2024,51-8011,5720.0,122830.0,702587600.0,national file
2024,51-8012,9180.0,109620.0,1006311600.0,national file
2024,51-8013,30720.0,95990.0,2948812800.0,national file
2024,51-8021,30780.0,79710.0,2453473800.0,national file
2024,51-8031,126750.0,60620.0,7683585000.0,national file
2024,51-8091,17840.0,76290.0,1361013600.0,national file
2024,51-8092,15910.0,85470.0,1359827700.0,national file
2024,51-8093,34860.0,90970.0,3171214200.0,national file
2024,51-8099,15950.0,64490.0,1028615500.0,national file
2024,51-9011,127410.0,59800.0,7619118000.0,national file
2024,51-9012,54200.0,53830.0,2917586000.0,national file
2024,51-9021,28550.0,49400.0,1410370000.0,national file
2024,51-9022,11850.0,43550.0,516067500.0,national file
2024,51-9023,100840.0,49990.0,5040991600.0,national file
2024,51-9031,7070.0,41960.0,296657200.0,national file
2024,51-9032,47540.0,46420.0,2206806800.0,national file
2024,51-9041,57310.0,47040.0,2695862400.0,national file
2024,51-9051,16160.0,49250.0,795880000.0,national file
2024,51-9061,591180.0,51670.0,30546270600.0,national file
2024,51-9071,23420.0,55030.0,1288802600.0,national file
2024,51-9081,33920.0,54060.0,1833715200.0,national file
2024,51-9082,11490.0,51410.0,590700900.0,national file
2024,51-9083,18740.0,41760.0,782582400.0,national file
2024,51-9111,383860.0,43630.0,16747811800.0,national file
2024,51-9123,8470.0,44130.0,373781100.0,national file
2024,51-9124,159500.0,51610.0,8231795000.0,national file
2024,51-9141,32150.0,59640.0,1917426000.0,national file
2024,51-9151,5550.0,46050.0,255577500.0,national file
2024,51-9161,176950.0,52900.0,9360655000.0,national file
2024,51-9162,28230.0,69880.0,1972712400.0,national file
2024,51-9191,12170.0,45670.0,555803900.0,national file
2024,51-9192,13890.0,43380.0,602548200.0,national file
2024,51-9193,6590.0,44290.0,291871100.0,national file
2024,51-9194,8390.0,43280.0,363119200.0,national file
2024,51-9195,34750.0,46730.0,1623867500.0,national file
2024,51-9196,96950.0,51750.0,5017162500.0,national file
2024,51-9197,20970.0,56230.0,1179143100.0,national file
2024,51-9198,167490.0,40080.0,6712999200.0,national file
2024,51-9199,277060.0,42940.0,11896956400.0,national file
2024,53-1041,10160.0,66190.0,672490400.0,national file
2024,53-1047,605510.0,65670.0,39763841700.0,national file
2024,53-2011,99300.0,280570.0,27860601000.0,national file
2024,53-2012,51830.0,142960.0,7409616800.0,national file
2024,53-2021,22400.0,142740.0,3197376000.0,national file
2024,53-2022,16640.0,67120.0,1116876800.0,national file
2024,53-2031,130110.0,78950.0,10272184500.0,national file
2024,53-3011,12080.0,35550.0,429444000.0,national file
2024,53-3031,417420.0,39670.0,16559051400.0,national file
2024,53-3032,2070480.0,58400.0,120916032000.0,national file
2024,53-3033,994410.0,47950.0,47681959500.0,national file
2024,53-3051,387920.0,46660.0,18100347200.0,national file
2024,53-3052,148980.0,58390.0,8698942200.0,national file
2024,53-3053,229630.0,39070.0,8971644100.0,national file
2024,53-3054,17510.0,39310.0,688318100.0,national file
2024,53-3099,50330.0,40980.0,2062523400.0,national file
2024,53-4011,31990.0,81540.0,2608464600.0,national file
2024,53-4013,3300.0,60810.0,200673000.0,national file
2024,53-4022,12460.0,63170.0,787098200.0,national file
2024,53-4031,42710.0,75490.0,3224177900.0,national file
2024,53-4041,9200.0,75620.0,695704000.0,national file
2024,53-4099,1520.0,53500.0,81320000.0,national file
2024,53-5011,31360.0,55320.0,1734835200.0,national file
2024,53-5021,35390.0,97660.0,3456187400.0,national file
2024,53-5022,2380.0,55370.0,131780600.0,national file
2024,53-5031,8580.0,105600.0,906048000.0,national file
2024,53-6011,2720.0,56520.0,153734400.0,national file
2024,53-6021,134650.0,34190.0,4603683500.0,national file
2024,53-6031,98270.0,35800.0,3518066000.0,national file
2024,53-6032,27310.0,43630.0,1191535300.0,national file
2024,53-6041,7580.0,61310.0,464729800.0,national file
2024,53-6051,23320.0,86490.0,2016946800.0,national file
2024,53-6061,25340.0,38480.0,975083200.0,national file
2024,53-6099,10960.0,45040.0,493638400.0,national file
2024,53-7011,26060.0,44800.0,1167488000.0,national file
2024,53-7021,42000.0,71560.0,3005520000.0,national file
2024,53-7031,1030.0,55820.0,57494600.0,national file
2024,53-7041,2480.0,64070.0,158893600.0,national file
2024,53-7051,805770.0,47830.0,38539979100.0,national file
2024,53-7061,373960.0,36290.0,13571008400.0,national file
2024,53-7062,2982530.0,41420.0,123536392600.0,national file
2024,53-7063,46690.0,42840.0,2000199600.0,national file
2024,53-7064,601440.0,36600.0,22012704000.0,national file
2024,53-7065,2779530.0,38910.0,108151512300.0,national file
2024,53-7071,5110.0,71750.0,366642500.0,national file
2024,53-7072,12600.0,61950.0,780570000.0,national file
2024,53-7073,17350.0,70070.0,1215714500.0,national file
2024,53-7081,139180.0,51210.0,7127407800.0,national file
2024,53-7121,10920.0,60010.0,655309200.0,national file
2024,53-7199,25190.0,46650.0,1175113500.0,national file
2025,11-1011,204350.0,269630.0,55098890500.0,national file
2025,11-1021,3503020.0,134940.0,472697518800.0,national file
2025,11-2011,21470.0,154280.0,3312391600.0,national file
2025,11-2021,395240.0,177770.0,70261814800.0,national file
2025,11-2022,637080.0,164350.0,104704098000.0,national file
2025,11-2032,74850.0,164760.0,12332286000.0,national file
2025,11-2033,38810.0,140020.0,5434176200.0,national file
2025,11-3012,263960.0,129870.0,34280485200.0,national file
2025,11-3013,156180.0,116890.0,18255880200.0,national file
2025,11-3021,670570.0,192160.0,128856731200.0,national file
2025,11-3031,841710.0,186910.0,157324016100.0,national file
2025,11-3051,246250.0,134170.0,33039362500.0,national file
2025,11-3061,84320.0,156360.0,13184275200.0,national file
2025,11-3071,221180.0,121600.0,26895488000.0,national file
2025,11-3111,22940.0,162640.0,3730961600.0,national file
2025,11-3121,220660.0,164230.0,36238991800.0,national file
2025,11-3131,48050.0,148370.0,7129178500.0,national file
2025,11-9013,6500.0,99820.0,648830000.0,national file
2025,11-9021,380360.0,124360.0,47301569600.0,national file
2025,11-9031,73660.0,64800.0,4773168000.0,national file
2025,11-9032,328330.0,116100.0,38119113000.0,national file
2025,11-9033,180470.0,126540.0,22836673800.0,national file
2025,11-9039,55130.0,101900.0,5617747000.0,national file
2025,11-9041,220260.0,181540.0,39986000400.0,national file
2025,11-9051,238430.0,74880.0,17853638400.0,national file
2025,11-9071,5030.0,103050.0,518341500.0,national file
2025,11-9072,37980.0,89750.0,3408705000.0,national file
2025,11-9081,42620.0,78740.0,3355898800.0,national file
2025,11-9111,597080.0,140970.0,84170367600.0,national file
2025,11-9121,108690.0,180250.0,19591372500.0,national file
2025,11-9131,13810.0,97360.0,1344541600.0,national file
2025,11-9141,311180.0,83710.0,26048877800.0,national file
2025,11-9151,209330.0,88880.0,18605250400.0,national file
2025,11-9161,13500.0,102420.0,1382670000.0,national file
2025,11-9171,13910.0,92840.0,1291404400.0,national file
2025,11-9179,10450.0,78190.0,817085500.0,national file
2025,11-9199,622190.0,153890.0,95748819100.0,national file
2025,13-1011,12620.0,141580.0,1786739600.0,national file
2025,13-1020,491430.0,83770.0,41167091100.0,national file
2025,13-1031,324230.0,80470.0,26090788100.0,national file
2025,13-1032,11560.0,78900.0,912084000.0,national file
2025,13-1041,417070.0,88400.0,36868988000.0,national file
2025,13-1051,224220.0,85390.0,19146145800.0,national file
2025,13-1071,912430.0,81990.0,74810135700.0,national file
2025,13-1074,310.0,58470.0,18125700.0,national file
2025,13-1075,64810.0,98720.0,6398043200.0,national file
2025,13-1081,251040.0,89730.0,22525819200.0,national file
2025,13-1082,1066670.0,110740.0,118123035800.0,national file
2025,13-1111,898280.0,113790.0,102215281200.0,national file
2025,13-1121,142860.0,66520.0,9503047200.0,national file
2025,13-1131,111040.0,77200.0,8572288000.0,national file
2025,13-1141,112380.0,84330.0,9477005400.0,national file
2025,13-1151,458300.0,75550.0,34624565000.0,national file
2025,13-1161,899580.0,89490.0,80503414200.0,national file
2025,13-1199,1087090.0,93970.0,102153847300.0,national file
2025,13-2011,1449500.0,94750.0,137340125000.0,national file
2025,13-2020,57070.0,75770.0,4324193900.0,national file
2025,13-2031,47160.0,96370.0,4544809200.0,national file
2025,13-2041,64390.0,100850.0,6493731500.0,national file
2025,13-2051,361980.0,116800.0,42279264000.0,national file
2025,13-2052,266800.0,156670.0,41799556000.0,national file
2025,13-2053,105420.0,93700.0,9877854000.0,national file
2025,13-2054,63850.0,124420.0,7944217000.0,national file
2025,13-2061,67830.0,106240.0,7206259200.0,national file
2025,13-2071,27770.0,57210.0,1588721700.0,national file
2025,13-2072,274330.0,87790.0,24083430700.0,national file
2025,13-2081,56610.0,70520.0,3992137200.0,national file
2025,13-2082,76480.0,60930.0,4659926400.0,national file
2025,13-2099,132130.0,93810.0,12395115300.0,national file
2025,15-1211,519530.0,114610.0,59543333300.0,national file
2025,15-1212,190650.0,132510.0,25263031500.0,national file
2025,15-1221,37200.0,153930.0,5726196000.0,national file
2025,15-1231,146190.0,81870.0,11968575300.0,national file
2025,15-1232,717190.0,67330.0,48288402700.0,national file
2025,15-1241,179740.0,139580.0,25088109200.0,national file
2025,15-1242,69990.0,110090.0,7705199100.0,national file
2025,15-1243,67140.0,144440.0,9697701600.0,national file
2025,15-1244,314340.0,103680.0,32590771200.0,national file
2025,15-1251,92230.0,105170.0,9699829100.0,national file
2025,15-1252,1687890.0,148100.0,249976509000.0,national file
2025,15-1253,186740.0,111490.0,20819642600.0,national file
2025,15-1254,70190.0,98770.0,6932666300.0,national file
2025,15-1255,113330.0,117490.0,13315141700.0,national file
2025,15-1299,435370.0,122230.0,53215275100.0,national file
2025,15-2011,26670.0,141480.0,3773271600.0,national file
2025,15-2021,2030.0,129260.0,262397800.0,national file
2025,15-2031,108510.0,99730.0,10821702300.0,national file
2025,15-2041,29030.0,115700.0,3358771000.0,national file
2025,15-2051,262440.0,126800.0,33277392000.0,national file
2025,15-2099,3720.0,91550.0,340566000.0,national file
2025,17-1011,106770.0,106260.0,11345380200.0,national file
2025,17-1012,19600.0,88780.0,1740088000.0,national file
2025,17-1021,14260.0,86690.0,1236199400.0,national file
2025,17-1022,50830.0,80570.0,4095373100.0,national file
2025,17-2011,67710.0,142060.0,9618882600.0,national file
2025,17-2021,1480.0,108230.0,160180400.0,national file
2025,17-2031,23480.0,116890.0,2744577200.0,national file
2025,17-2041,21070.0,129980.0,2738678600.0,national file
2025,17-2051,367840.0,108670.0,39973172800.0,national file
2025,17-2061,76660.0,162670.0,12470282200.0,national file
2025,17-2071,198750.0,125100.0,24863625000.0,national file
2025,17-2072,96900.0,137280.0,13302432000.0,national file
2025,17-2081,38340.0,112910.0,4328969400.0,national file
2025,17-2111,21450.0,119770.0,2569066500.0,national file
2025,17-2112,365740.0,109900.0,40194826000.0,national file
2025,17-2121,8250.0,124180.0,1024485000.0,national file
2025,17-2131,22770.0,120250.0,2738092500.0,national file
2025,17-2141,296810.0,113610.0,33720584100.0,national file
2025,17-2151,6080.0,115410.0,701692800.0,national file
2025,17-2161,15280.0,140420.0,2145617600.0,national file
2025,17-2171,18060.0,157150.0,2838129000.0,national file
2025,17-2199,154070.0,125330.0,19309593100.0,national file
2025,17-3011,103700.0,70740.0,7335738000.0,national file
2025,17-3012,17920.0,81280.0,1456537600.0,national file
2025,17-3013,39960.0,75060.0,2999397600.0,national file
2025,17-3019,14470.0,68250.0,987577500.0,national file
2025,17-3021,11280.0,91310.0,1029976800.0,national file
2025,17-3022,68520.0,68990.0,4727194800.0,national file
2025,17-3023,95130.0,80680.0,7675088400.0,national file
2025,17-3024,15520.0,76420.0,1186038400.0,national file
2025,17-3025,12190.0,64870.0,790765300.0,national file
2025,17-3026,75570.0,70700.0,5342799000.0,national file
2025,17-3027,36190.0,76380.0,2764192200.0,national file
2025,17-3028,16540.0,74170.0,1226771800.0,national file
2025,17-3029,59930.0,80960.0,4851932800.0,national file
2025,17-3031,58010.0,58000.0,3364580000.0,national file
2025,19-1011,3100.0,88350.0,273885000.0,national file
2025,19-1012,13060.0,95360.0,1245401600.0,national file
2025,19-1013,15730.0,87720.0,1379835600.0,national file
2025,19-1021,33830.0,129840.0,4392487200.0,national file
2025,19-1022,18940.0,97600.0,1848544000.0,national file
2025,19-1023,18120.0,83020.0,1504322400.0,national file
2025,19-1029,55850.0,106330.0,5938530500.0,national file
2025,19-1031,25950.0,77130.0,2001523500.0,national file
2025,19-1032,10430.0,79170.0,825743100.0,national file
2025,19-1041,12090.0,97890.0,1183490100.0,national file
2025,19-1042,172340.0,116840.0,20136205600.0,national file
2025,19-1099,7460.0,107860.0,804635600.0,national file
2025,19-2011,2120.0,132920.0,281790400.0,national file
2025,19-2012,20430.0,171180.0,3497207400.0,national file
2025,19-2021,10000.0,106110.0,1061100000.0,national file
2025,19-2031,82770.0,100450.0,8314246500.0,national file
2025,19-2032,8470.0,126180.0,1068744600.0,national file
2025,19-2041,89250.0,91680.0,8182440000.0,national file
2025,19-2042,23470.0,116150.0,2726040500.0,national file
2025,19-2043,5850.0,103600.0,606060000.0,national file
2025,19-2099,22300.0,129230.0,2881829000.0,national file
2025,19-3011,17790.0,142130.0,2528492700.0,national file
2025,19-3022,8290.0,79580.0,659718200.0,national file
2025,19-3032,790.0,170230.0,134481700.0,national file
2025,19-3033,75990.0,112750.0,8567872500.0,national file
2025,19-3034,63940.0,99160.0,6340290400.0,national file
2025,19-3039,18820.0,111210.0,2092972200.0,national file
2025,19-3041,2260.0,114920.0,259719200.0,national file
2025,19-3051,44230.0,94750.0,4190792500.0,national file
2025,19-3091,8990.0,75620.0,679823800.0,national file
2025,19-3092,1400.0,102350.0,143290000.0,national file
2025,19-3093,3450.0,81240.0,280278000.0,national file
2025,19-3094,5540.0,142510.0,789505400.0,national file
2025,19-3099,37100.0,107690.0,3995299000.0,national file
2025,19-4012,15130.0,53840.0,814599200.0,national file
2025,19-4013,14600.0,56660.0,827236000.0,national file
2025,19-4021,69620.0,61380.0,4273275600.0,national file
2025,19-4031,57540.0,63900.0,3676806000.0,national file
2025,19-4042,34670.0,60800.0,2107936000.0,national file
2025,19-4043,6980.0,61870.0,431852600.0,national file
2025,19-4044,2840.0,69530.0,197465200.0,national file
2025,19-4051,6470.0,108940.0,704841800.0,national file
2025,19-4061,30640.0,66140.0,2026529600.0,national file
2025,19-4071,30410.0,59060.0,1796014600.0,national file
2025,19-4092,19120.0,79200.0,1514304000.0,national file
2025,19-4099,73910.0,66280.0,4898754800.0,national file
2025,19-5011,140610.0,93860.0,13197654600.0,national file
2025,19-5012,30590.0,68120.0,2083790800.0,national file
2025,21-1012,353310.0,71430.0,25236933300.0,national file
2025,21-1013,66740.0,76960.0,5136310400.0,national file
2025,21-1015,94740.0,51820.0,4909426800.0,national file
2025,21-1018,491930.0,64440.0,31699969200.0,national file
2025,21-1019,28580.0,58210.0,1663641800.0,national file
2025,21-1021,392550.0,64000.0,25123200000.0,national file
2025,21-1022,187630.0,71790.0,13469957700.0,national file
2025,21-1023,132810.0,68030.0,9035064300.0,national file
2025,21-1029,62930.0,75910.0,4777016300.0,national file
2025,21-1091,65690.0,73280.0,4813763200.0,national file
2025,21-1092,89390.0,73130.0,6537090700.0,national file
2025,21-1093,437860.0,47690.0,20881543400.0,national file
2025,21-1094,61660.0,56180.0,3464058800.0,national file
2025,21-1099,107730.0,59590.0,6419630700.0,national file
2025,21-2011,57200.0,66860.0,3824392000.0,national file
2025,21-2021,22160.0,62100.0,1376136000.0,national file
2025,21-2099,15760.0,53870.0,848991200.0,national file
2025,23-1011,754500.0,185840.0,140216280000.0,national file
2025,23-1012,13290.0,72950.0,969505500.0,national file
2025,23-1021,16370.0,125990.0,2062456300.0,national file
2025,23-1022,9210.0,91010.0,838202100.0,national file
2025,23-1023,24030.0,143830.0,3456234900.0,national file
2025,23-2011,392880.0,69700.0,27383736000.0,national file
2025,23-2093,48580.0,62350.0,3028963000.0,national file
2025,23-2099,46760.0,89660.0,4192501600.0,national file
2025,25-1011,82150.0,114720.0,9424248000.0,national file
2025,25-1021,35480.0,104420.0,3704821600.0,national file
2025,25-1022,47670.0,91550.0,4364188500.0,national file
2025,25-1031,7700.0,101250.0,779625000.0,national file
2025,25-1032,40270.0,124520.0,5014420400.0,national file
2025,25-1041,8920.0,102050.0,910286000.0,national file
2025,25-1042,50190.0,102840.0,5161539600.0,national file
2025,25-1043,1520.0,102450.0,155724000.0,national file
2025,25-1051,9900.0,116020.0,1148598000.0,national file
2025,25-1052,19980.0,105210.0,2102095800.0,national file
2025,25-1053,6690.0,103610.0,693150900.0,national file
2025,25-1054,13090.0,111460.0,1459011400.0,national file
2025,25-1061,5240.0,106880.0,560051200.0,national file
2025,25-1062,11300.0,98330.0,1111129000.0,national file
2025,25-1063,11560.0,138850.0,1605106000.0,national file
2025,25-1064,3330.0,102350.0,340825500.0,national file
2025,25-1065,16970.0,108100.0,1834457000.0,national file
2025,25-1066,41530.0,93860.0,3898005800.0,national file
2025,25-1067,11850.0,96980.0,1149213000.0,national file
2025,25-1069,16580.0,88390.0,1465506200.0,national file
2025,25-1071,221270.0,147570.0,32652813900.0,national file
2025,25-1072,77960.0,86410.0,6736523600.0,national file
2025,25-1081,60830.0,79350.0,4826860500.0,national file
2025,25-1082,3630.0,88110.0,319839300.0,national file
2025,25-1111,13150.0,87550.0,1151282500.0,national file
2025,25-1112,20060.0,144770.0,2904086200.0,national file
2025,25-1113,12610.0,83940.0,1058483400.0,national file
2025,25-1121,93560.0,94700.0,8860132000.0,national file
2025,25-1122,29420.0,90010.0,2648094200.0,national file
2025,25-1123,57720.0,89580.0,5170557600.0,national file
2025,25-1124,19830.0,89990.0,1784501700.0,national file
2025,25-1125,18790.0,96580.0,1814738200.0,national file
2025,25-1126,20460.0,92040.0,1883138400.0,national file
2025,25-1192,2770.0,81940.0,226973800.0,national file
2025,25-1193,12630.0,86620.0,1094010600.0,national file
2025,25-1194,114110.0,72060.0,8222766600.0,national file
2025,25-1199,149840.0,90630.0,13579999200.0,national file
2025,25-2011,478780.0,43030.0,20601903400.0,national file
2025,25-2012,108870.0,69370.0,7552311900.0,national file
2025,25-2021,1388390.0,72650.0,100866533500.0,national file
2025,25-2022,620090.0,72030.0,44665082700.0,national file
2025,25-2023,16870.0,71590.0,1207723300.0,national file
2025,25-2031,1065210.0,76320.0,81296827200.0,national file
2025,25-2032,111420.0,72680.0,8098005600.0,national file
2025,25-2051,29510.0,76380.0,2253973800.0,national file
2025,25-2052,260870.0,72650.0,18952205500.0,national file
2025,25-2057,95200.0,73780.0,7023856000.0,national file
2025,25-2058,163930.0,77260.0,12665231800.0,national file
2025,25-2059,33930.0,79750.0,2705917500.0,national file
2025,25-3011,37310.0,65860.0,2457236600.0,national file
2025,25-3021,332110.0,54740.0,18179701400.0,national file
2025,25-3031,524770.0,46420.0,24359823400.0,national file
2025,25-3041,175070.0,48050.0,8412113500.0,national file
2025,25-3099,113790.0,73880.0,8406805200.0,national file
2025,25-4011,7970.0,70640.0,563000800.0,national file
2025,25-4012,12150.0,71560.0,869454000.0,national file
2025,25-4013,12310.0,57410.0,706717100.0,national file
2025,25-4022,133790.0,72840.0,9745263600.0,national file
2025,25-4031,68690.0,45500.0,3125395000.0,national file
2025,25-9021,8220.0,61060.0,501913200.0,national file
2025,25-9031,227760.0,80920.0,18430339200.0,national file
2025,25-9044,164090.0,47670.0,7822170300.0,national file
2025,25-9045,1420350.0,38290.0,54385201500.0,national file
2025,25-9099,118590.0,59060.0,7003925400.0,national file
2025,27-1011,53070.0,129440.0,6869380800.0,national file
2025,27-1012,4580.0,49740.0,227809200.0,national file
2025,27-1013,11220.0,73150.0,820743000.0,national file
2025,27-1014,19970.0,112870.0,2254013900.0,national file
2025,27-1019,6930.0,80530.0,558072900.0,national file
2025,27-1021,33490.0,93260.0,3123277400.0,national file
2025,27-1022,21450.0,91230.0,1956883500.0,national file
2025,27-1023,40590.0,39520.0,1604116800.0,national file
2025,27-1024,197830.0,70560.0,13958884800.0,national file
2025,27-1025,71500.0,74540.0,5329610000.0,national file
2025,27-1026,165220.0,42830.0,7076372600.0,national file
2025,27-1027,10630.0,83160.0,883990800.0,national file
2025,27-1029,9480.0,79090.0,749773200.0,national file
2025,27-2012,143120.0,113300.0,16215496000.0,national file
2025,27-2021,15070.0,206180.0,3107132600.0,national file
2025,27-2022,248950.0,60160.0,14976832000.0,national file
2025,27-2023,15780.0,53010.0,836497800.0,national file
2025,27-2032,2860.0,73100.0,209066000.0,national file
2025,27-2041,12540.0,90470.0,1134493800.0,national file
2025,27-3011,21240.0,78720.0,1672012800.0,national file
2025,27-3023,39250.0,102460.0,4021555000.0,national file
2025,27-3031,283380.0,84120.0,23837925600.0,national file
2025,27-3041,91690.0,90060.0,8257601400.0,national file
2025,27-3042,45500.0,96970.0,4412135000.0,national file
2025,27-3043,47940.0,86090.0,4127154600.0,national file
2025,27-3091,52060.0,66360.0,3454701600.0,national file
2025,27-3092,12870.0,78760.0,1013641200.0,national file
2025,27-3099,19590.0,83860.0,1642817400.0,national file
2025,27-4011,70230.0,64630.0,4538964900.0,national file
2025,27-4012,21110.0,67960.0,1434635600.0,national file
2025,27-4014,13080.0,81390.0,1064581200.0,national file
2025,27-4015,8900.0,78380.0,697582000.0,national file
2025,27-4021,51760.0,55410.0,2868021600.0,national file
2025,27-4031,21550.0,83210.0,1793175500.0,national file
2025,27-4032,25610.0,86130.0,2205789300.0,national file
2025,27-4099,12450.0,81040.0,1008948000.0,national file
2025,29-1011,39630.0,90520.0,3587307600.0,national file
2025,29-1021,124390.0,191350.0,23802026500.0,national file
2025,29-1022,4910.0,346490.0,1701265900.0,national file
2025,29-1023,6210.0,259400.0,1610874000.0,national file
2025,29-1024,870.0,268630.0,233708100.0,national file
2025,29-1029,5230.0,247930.0,1296673900.0,national file
2025,29-1031,77570.0,77130.0,5982974100.0,national file
2025,29-1041,42790.0,141550.0,6056924500.0,national file
2025,29-1051,321970.0,140920.0,45372012400.0,national file
2025,29-1071,162150.0,141280.0,22908552000.0,national file
2025,29-1081,9680.0,175480.0,1698646400.0,national file
2025,29-1122,162450.0,101280.0,16452936000.0,national file
2025,29-1123,267330.0,105280.0,28144502400.0,national file
2025,29-1124,17070.0,114990.0,1962879300.0,national file
2025,29-1125,14930.0,67630.0,1009715900.0,national file
2025,29-1126,139790.0,87300.0,12203667000.0,national file
2025,29-1127,183390.0,98170.0,18003396300.0,national file
2025,29-1128,8560.0,60940.0,521646400.0,national file
2025,29-1129,22640.0,90420.0,2047108800.0,national file
2025,29-1131,83900.0,142680.0,11970852000.0,national file
2025,29-1141,3379720.0,101420.0,342771202400.0,national file
2025,29-1151,51840.0,248320.0,12872908800.0,national file
2025,29-1161,7920.0,136980.0,1084881600.0,national file
2025,29-1171,323040.0,137300.0,44353392000.0,national file
2025,29-1181,13660.0,97740.0,1335128400.0,national file
2025,29-1211,38760.0,360570.0,13975693200.0,national file
2025,29-1212,17290.0,454940.0,7865912600.0,national file
2025,29-1213,11370.0,323530.0,3678536100.0,national file
2025,29-1214,32880.0,317480.0,10438742400.0,national file
2025,29-1215,107510.0,255820.0,27503208200.0,national file
2025,29-1216,67150.0,267200.0,17942480000.0,national file
2025,29-1217,10590.0,267630.0,2834201700.0,national file
2025,29-1218,21260.0,279040.0,5932390400.0,national file
2025,29-1221,39390.0,212110.0,8355012900.0,national file
2025,29-1222,11110.0,285420.0,3171016200.0,national file
2025,29-1223,27980.0,269940.0,7552921200.0,national file
2025,29-1224,26770.0,381530.0,10213558100.0,national file
2025,29-1229,342720.0,262040.0,89806348800.0,national file
2025,29-1241,8950.0,304650.0,2726617500.0,national file
2025,29-1242,14100.0,373570.0,5267337000.0,national file
2025,29-1243,1190.0,502050.0,597439500.0,national file
2025,29-1249,25140.0,373930.0,9400600200.0,national file
2025,29-1291,7830.0,87020.0,681366600.0,national file
2025,29-1292,222740.0,98990.0,22049032600.0,national file
2025,29-1299,28630.0,127660.0,3654905800.0,national file
2025,29-2010,332940.0,67350.0,22423509000.0,national file
2025,29-2031,62960.0,76940.0,4844142400.0,national file
2025,29-2032,90160.0,97240.0,8767158400.0,national file
2025,29-2033,17080.0,105160.0,1796132800.0,national file
2025,29-2034,230490.0,83840.0,19324281600.0,national file
2025,29-2035,43390.0,96120.0,4170646800.0,national file
2025,29-2036,3410.0,148500.0,506385000.0,national file
2025,29-2042,180510.0,46830.0,8453283300.0,national file
2025,29-2043,100610.0,63360.0,6374649600.0,national file
2025,29-2051,31560.0,40630.0,1282282800.0,national file
2025,29-2052,471680.0,46620.0,21989721600.0,national file
2025,29-2053,156960.0,46610.0,7315905600.0,national file
2025,29-2055,117460.0,68710.0,8070676600.0,national file
2025,29-2056,129140.0,49120.0,6343356800.0,national file
2025,29-2057,71010.0,47060.0,3341730600.0,national file
2025,29-2061,648410.0,67050.0,43475890500.0,national file
2025,29-2072,194720.0,56790.0,11058148800.0,national file
2025,29-2081,73530.0,51770.0,3806648100.0,national file
2025,29-2091,9390.0,83740.0,786318600.0,national file
2025,29-2092,11270.0,66370.0,747989900.0,national file
2025,29-2099,182610.0,58710.0,10721033100.0,national file
2025,29-9021,38100.0,74970.0,2856357000.0,national file
2025,29-9091,30500.0,66620.0,2031910000.0,national file
2025,29-9092,3740.0,104620.0,391278800.0,national file
2025,29-9093,22270.0,72710.0,1619251700.0,national file
2025,29-9099,35010.0,76720.0,2685967200.0,national file
2025,31-1120,4305810.0,36120.0,155525857200.0,national file
2025,31-1131,1448910.0,42700.0,61868457000.0,national file
2025,31-1132,52440.0,40660.0,2132210400.0,national file
2025,31-1133,35520.0,45690.0,1622908800.0,national file
2025,31-2011,51290.0,70710.0,3626715900.0,national file
2025,31-2012,4310.0,44110.0,190114100.0,national file
2025,31-2021,112430.0,68730.0,7727313900.0,national file
2025,31-2022,48150.0,36430.0,1754104500.0,national file
2025,31-9011,98790.0,63830.0,6305765700.0,national file
2025,31-9091,387790.0,50200.0,19467058000.0,national file
2025,31-9092,817870.0,46120.0,37720164400.0,national file
2025,31-9093,77420.0,50510.0,3910484200.0,national file
2025,31-9094,41550.0,41710.0,1733050500.0,national file
2025,31-9095,39530.0,40450.0,1598988500.0,national file
2025,31-9096,126580.0,40340.0,5106237200.0,national file
2025,31-9097,143540.0,45520.0,6533940800.0,national file
2025,31-9099,109740.0,50810.0,5575889400.0,national file
2025,33-1011,53380.0,84380.0,4504204400.0,national file
2025,33-1012,154610.0,112190.0,17345695900.0,national file
2025,33-1021,99140.0,96930.0,9609640200.0,national file
2025,33-1091,81480.0,59900.0,4880652000.0,national file
2025,33-1099,20690.0,74390.0,1539129100.0,national file
2025,33-2011,345990.0,63630.0,22015343700.0,national file
2025,33-2021,13800.0,78670.0,1085646000.0,national file
2025,33-2022,2780.0,66640.0,185259200.0,national file
2025,33-3011,17310.0,61660.0,1067334600.0,national file
2025,33-3012,380500.0,63630.0,24211215000.0,national file
2025,33-3021,114430.0,99430.0,11377774900.0,national file
2025,33-3031,5770.0,74950.0,432461500.0,national file
2025,33-3041,9050.0,51190.0,463269500.0,national file
2025,33-3051,670520.0,79200.0,53105184000.0,national file
2025,33-3052,4390.0,91810.0,403045900.0,national file
2025,33-9011,12070.0,48440.0,584670800.0,national file
2025,33-9021,35580.0,60150.0,2140137000.0,national file
2025,33-9031,9520.0,45630.0,434397600.0,national file
2025,33-9032,1283470.0,42470.0,54508970900.0,national file
2025,33-9091,94360.0,43350.0,4090506000.0,national file
2025,33-9092,157550.0,34470.0,5430748500.0,national file
2025,33-9093,50290.0,64310.0,3234149900.0,national file
2025,33-9094,78420.0,35150.0,2756463000.0,national file
2025,33-9099,81500.0,48070.0,3917705000.0,national file
2025,35-1011,200040.0,66700.0,13342668000.0,national file
2025,35-1012,1223240.0,46180.0,56489223200.0,national file
2025,35-2011,641070.0,32390.0,20764257300.0,national file
2025,35-2012,441050.0,38810.0,17117150500.0,national file
2025,35-2013,1100.0,53680.0,59048000.0,national file
2025,35-2014,1409890.0,38730.0,54605039700.0,national file
2025,35-2015,138650.0,36120.0,5008038000.0,national file
2025,35-2019,19350.0,39150.0,757552500.0,national file
2025,35-2021,893600.0,35290.0,31535144000.0,national file
2025,35-3011,756390.0,40790.0,30853148100.0,national file
2025,35-3023,3854050.0,32150.0,123907707500.0,national file
2025,35-3031,2270910.0,40060.0,90972654600.0,national file
2025,35-3041,293900.0,36140.0,10621546000.0,national file
2025,35-9011,542750.0,34230.0,18578332500.0,national file
2025,35-9021,477450.0,34310.0,16381309500.0,national file
2025,35-9031,432690.0,32690.0,14144636100.0,national file
2025,35-9099,84630.0,36810.0,3115230300.0,national file
2025,37-1011,178760.0,53320.0,9531483200.0,national file
2025,37-1012,130760.0,60960.0,7971129600.0,national file
2025,37-2011,2209760.0,38760.0,85650297600.0,national file
2025,37-2012,860670.0,37080.0,31913643600.0,national file
2025,37-2019,17210.0,46420.0,798888200.0,national file
2025,37-2021,102620.0,46400.0,4761568000.0,national file
2025,37-3011,952640.0,42290.0,40287145600.0,national file
2025,37-3012,27050.0,47070.0,1273243500.0,national file
2025,37-3013,55160.0,55970.0,3087305200.0,national file
2025,37-3019,13630.0,48830.0,665552900.0,national file
2025,39-1013,26010.0,64830.0,1686228300.0,national file
2025,39-1014,103190.0,53550.0,5525824500.0,national file
2025,39-1022,114110.0,52360.0,5974799600.0,national file
2025,39-2011,18770.0,47020.0,882565400.0,national file
2025,39-2021,266910.0,37300.0,9955743000.0,national file
2025,39-3011,83910.0,42550.0,3570370500.0,national file
2025,39-3012,8950.0,36450.0,326227500.0,national file
2025,39-3019,14140.0,41380.0,585113200.0,national file
2025,39-3021,1480.0,51480.0,76190400.0,national file
2025,39-3031,121770.0,33080.0,4028151600.0,national file
2025,39-3091,397830.0,32640.0,12985171200.0,national file
2025,39-3092,6510.0,63440.0,412994400.0,national file
2025,39-3093,15560.0,38460.0,598437600.0,national file
2025,39-3099,7060.0,34980.0,246958800.0,national file
2025,39-4011,3890.0,58390.0,227137100.0,national file
2025,39-4012,2970.0,45670.0,135639900.0,national file
2025,39-4021,31090.0,37190.0,1156237100.0,national file
2025,39-4031,25100.0,58160.0,1459816000.0,national file
2025,39-5011,15000.0,47070.0,706050000.0,national file
2025,39-5012,305710.0,43960.0,13439011600.0,national file
2025,39-5091,2340.0,102240.0,239241600.0,national file
2025,39-5092,152770.0,38570.0,5892338900.0,national file
2025,39-5093,8070.0,31980.0,258078600.0,national file
2025,39-5094,72890.0,51850.0,3779346500.0,national file
2025,39-6011,28510.0,38570.0,1099630700.0,national file
2025,39-6012,49240.0,42510.0,2093192400.0,national file
2025,39-7010,53500.0,43720.0,2339020000.0,national file
2025,39-9011,518910.0,35030.0,18177417300.0,national file
2025,39-9031,322930.0,52420.0,16927990600.0,national file
2025,39-9032,331490.0,38520.0,12768994800.0,national file
2025,39-9041,84760.0,43990.0,3728592400.0,national file
2025,39-9099,60420.0,40120.0,2424050400.0,national file
2025,41-1011,1121800.0,53380.0,59881684000.0,national file
2025,41-1012,214390.0,99370.0,21303934300.0,national file
2025,41-2011,3089410.0,33180.0,102506623800.0,national file
2025,41-2012,21530.0,39100.0,841823000.0,national file
2025,41-2021,400810.0,45700.0,18317017000.0,national file
2025,41-2022,270070.0,43830.0,11837168100.0,national file
2025,41-2031,3897860.0,37310.0,145429156600.0,national file
2025,41-3011,91700.0,80670.0,7397439000.0,national file
2025,41-3021,479100.0,81480.0,39037068000.0,national file
2025,41-3031,489570.0,109150.0,53436565500.0,national file
2025,41-3041,55110.0,54660.0,3012312600.0,national file
2025,41-3091,1256010.0,82430.0,103532904300.0,national file
2025,41-4011,284800.0,119730.0,34099104000.0,national file
2025,41-4012,1238190.0,82530.0,102187820700.0,national file
2025,41-9011,64520.0,45580.0,2940821600.0,national file
2025,41-9012,3780.0,72800.0,275184000.0,national file
2025,41-9021,46100.0,83950.0,3870095000.0,national file
2025,41-9022,193370.0,69510.0,13441148700.0,national file
2025,41-9031,51790.0,130140.0,6739950600.0,national file
2025,41-9041,58430.0,37370.0,2183529100.0,national file
2025,41-9091,2760.0,43850.0,121026000.0,national file
2025,41-9099,93180.0,58510.0,5451961800.0,national file
2025,43-1011,1436680.0,73490.0,105581613200.0,national file
2025,43-2011,34280.0,42300.0,1450044000.0,national file
2025,43-2021,3430.0,44970.0,154247100.0,national file
2025,43-2099,1200.0,62130.0,74556000.0,national file
2025,43-3011,158830.0,49060.0,7792199800.0,national file
2025,43-3021,404060.0,51070.0,20635344200.0,national file
2025,43-3031,1373680.0,53560.0,73574300800.0,national file
2025,43-3041,14430.0,39510.0,570129300.0,national file
2025,43-3051,153140.0,59630.0,9131738200.0,national file
2025,43-3061,55810.0,52370.0,2922769700.0,national file
2025,43-3071,329480.0,42350.0,13953478000.0,national file
2025,43-3099,36260.0,56450.0,2046877000.0,national file
2025,43-4011,35940.0,72850.0,2618229000.0,national file
2025,43-4021,4290.0,48090.0,206306100.0,national file
2025,43-4031,179750.0,52320.0,9404520000.0,national file
2025,43-4041,12030.0,51420.0,618582600.0,national file
2025,43-4051,2595750.0,46590.0,120935992500.0,national file
2025,43-4061,154800.0,56090.0,8682732000.0,national file
2025,43-4071,73440.0,45590.0,3348129600.0,national file
2025,43-4081,261420.0,35550.0,9293481000.0,national file
2025,43-4111,148060.0,47240.0,6994354400.0,national file
2025,43-4121,85520.0,39370.0,3366922400.0,national file
2025,43-4131,164790.0,52520.0,8654770800.0,national file
2025,43-4141,36860.0,49370.0,1819778200.0,national file
2025,43-4151,75200.0,48220.0,3626144000.0,national file
2025,43-4161,90220.0,52250.0,4713995000.0,national file
2025,43-4171,910180.0,39460.0,35915702800.0,national file
2025,43-4181,118710.0,49630.0,5891577300.0,national file
2025,43-4199,134920.0,51490.0,6947030800.0,national file
2025,43-5011,97670.0,57230.0,5589654100.0,national file
2025,43-5021,68640.0,40970.0,2812180800.0,national file
2025,43-5031,102500.0,56740.0,5815850000.0,national file
2025,43-5032,202810.0,54740.0,11101819400.0,national file
2025,43-5041,19430.0,55380.0,1076033400.0,national file
2025,43-5051,73720.0,61860.0,4560319200.0,national file
2025,43-5052,328820.0,62540.0,20564402800.0,national file
2025,43-5053,105200.0,59430.0,6252036000.0,national file
2025,43-5061,390160.0,62150.0,24248444000.0,national file
2025,43-5071,816870.0,46810.0,38237684700.0,national file
2025,43-5111,53300.0,47630.0,2538679000.0,national file
2025,43-6011,459910.0,79140.0,36397277400.0,national file
2025,43-6012,156280.0,60620.0,9473693600.0,national file
2025,43-6013,961610.0,46800.0,45003348000.0,national file
2025,43-6014,1706790.0,49350.0,84230086500.0,national file
2025,43-9021,127080.0,43310.0,5503834800.0,national file
2025,43-9022,35010.0,51120.0,1789711200.0,national file
2025,43-9031,3350.0,61970.0,207599500.0,national file
2025,43-9041,214260.0,52920.0,11338639200.0,national file
2025,43-9051,55230.0,41650.0,2300329500.0,national file
2025,43-9061,2464940.0,46420.0,114422514800.0,national file
2025,43-9071,25130.0,43220.0,1086118600.0,national file
2025,43-9081,4580.0,54800.0,250984000.0,national file
2025,43-9111,4710.0,55650.0,262111500.0,national file
2025,43-9199,192260.0,48670.0,9357294200.0,national file
2025,45-1011,27960.0,62730.0,1753930800.0,national file
2025,45-2011,14410.0,54910.0,791253100.0,national file
2025,45-2021,1330.0,57010.0,75823300.0,national file
2025,45-2041,25180.0,36430.0,917307400.0,national file
2025,45-2091,28500.0,43710.0,1245735000.0,national file
2025,45-2092,265500.0,37630.0,9990765000.0,national file
2025,45-2093,32810.0,39260.0,1288120600.0,national file
2025,45-2099,3620.0,45510.0,164746200.0,national file
2025,45-4011,6050.0,43680.0,264264000.0,national file
2025,45-4021,3130.0,57110.0,178754300.0,national file
2025,45-4022,21060.0,53190.0,1120181400.0,national file
2025,45-4023,3070.0,47770.0,146653900.0,national file
2025,45-4029,1700.0,52910.0,89947000.0,national file
2025,47-1011,812210.0,86450.0,70215554500.0,national file
2025,47-2011,10190.0,80090.0,816117100.0,national file
2025,47-2021,52550.0,68280.0,3588114000.0,national file
2025,47-2022,7820.0,60710.0,474752200.0,national file
2025,47-2031,670090.0,65630.0,43978006700.0,national file
2025,47-2041,13780.0,56990.0,785322200.0,national file
2025,47-2042,23640.0,61760.0,1460006400.0,national file
2025,47-2043,3720.0,52460.0,195151200.0,national file
2025,47-2044,35850.0,59250.0,2124112500.0,national file
2025,47-2051,206170.0,60050.0,12380508500.0,national file
2025,47-2053,1180.0,84920.0,100205600.0,national file
2025,47-2061,1096780.0,52030.0,57065463400.0,national file
2025,47-2071,41820.0,59000.0,2467380000.0,national file
2025,47-2072,2310.0,80710.0,186440100.0,national file
2025,47-2073,478090.0,66290.0,31692586100.0,national file
2025,47-2081,83080.0,63600.0,5283888000.0,national file
2025,47-2082,12840.0,72710.0,933596400.0,national file
2025,47-2111,757220.0,71490.0,54133657800.0,national file
2025,47-2121,58480.0,59720.0,3492425600.0,national file
2025,47-2131,44440.0,54740.0,2432645600.0,national file
2025,47-2132,25660.0,65530.0,1681499800.0,national file
2025,47-2141,225190.0,55420.0,12480029800.0,national file
2025,47-2142,1570.0,53730.0,84356100.0,national file
2025,47-2151,33050.0,54700.0,1807835000.0,national file
2025,47-2152,465840.0,72170.0,33619672800.0,national file
2025,47-2161,19310.0,62050.0,1198185500.0,national file
2025,47-2171,13800.0,66060.0,911628000.0,national file
2025,47-2181,135490.0,58140.0,7877388600.0,national file
2025,47-2211,119770.0,67850.0,8126394500.0,national file
2025,47-2221,68380.0,70280.0,4805746400.0,national file
2025,47-2231,31350.0,57900.0,1815165000.0,national file
2025,47-3011,14170.0,50920.0,721536400.0,national file
2025,47-3012,21680.0,44050.0,955004000.0,national file
2025,47-3013,63630.0,44080.0,2804810400.0,national file
2025,47-3014,7490.0,42440.0,317875600.0,national file
2025,47-3015,44330.0,43730.0,1938550900.0,national file
2025,47-3016,6030.0,45150.0,272254500.0,national file
2025,47-3019,24770.0,45140.0,1118117800.0,national file
2025,47-4011,146720.0,77730.0,11404545600.0,national file
2025,47-4021,23790.0,109820.0,2612617800.0,national file
2025,47-4031,24480.0,50530.0,1236974400.0,national file
2025,47-4041,51710.0,56430.0,2917995300.0,national file
2025,47-4051,154960.0,53080.0,8225276800.0,national file
2025,47-4061,19580.0,68740.0,1345929200.0,national file
2025,47-4071,30650.0,53500.0,1639775000.0,national file
2025,47-4090,28380.0,55130.0,1564589400.0,national file
2025,47-5011,10590.0,60210.0,637623900.0,national file
2025,47-5012,12600.0,72130.0,908838000.0,national file
2025,47-5013,43140.0,62470.0,2694955800.0,national file
2025,47-5022,34480.0,59930.0,2066386400.0,national file
2025,47-5023,19450.0,62830.0,1222043500.0,national file
2025,47-5032,5100.0,66640.0,339864000.0,national file
2025,47-5041,14000.0,65050.0,910700000.0,national file
2025,47-5043,2160.0,78100.0,168696000.0,national file
2025,47-5044,5930.0,71240.0,422453200.0,national file
2025,47-5049,3180.0,69860.0,222154800.0,national file
2025,47-5051,3320.0,51500.0,170980000.0,national file
2025,47-5071,44970.0,49200.0,2212524000.0,national file
2025,47-5081,6700.0,50620.0,339154000.0,national file
2025,47-5099,5540.0,57890.0,320710600.0,national file
2025,49-1011,617500.0,85220.0,52623350000.0,national file
2025,49-2011,65600.0,50880.0,3337728000.0,national file
2025,49-2021,11140.0,69870.0,778351800.0,national file
2025,49-2022,140920.0,68500.0,9653020000.0,national file
2025,49-2091,18830.0,83380.0,1570045400.0,national file
2025,49-2092,14450.0,58610.0,846914500.0,national file
2025,49-2093,6940.0,83300.0,578102000.0,national file
2025,49-2094,65010.0,75570.0,4912805700.0,national file
2025,49-2095,20720.0,100760.0,2087747200.0,national file
2025,49-2096,8550.0,51560.0,440838000.0,national file
2025,49-2097,19780.0,57930.0,1145855400.0,national file
2025,49-2098,86340.0,60960.0,5263286400.0,national file
2025,49-3011,138090.0,84740.0,11701746600.0,national file
2025,49-3021,149310.0,59690.0,8912313900.0,national file
2025,49-3022,20310.0,50430.0,1024233300.0,national file
2025,49-3023,704640.0,56420.0,39755788800.0,national file
2025,49-3031,289960.0,64320.0,18650227200.0,national file
2025,49-3041,37870.0,57290.0,2169572300.0,national file
2025,49-3042,176600.0,69240.0,12227784000.0,national file
2025,49-3043,21350.0,70680.0,1509018000.0,national file
2025,49-3051,23220.0,58070.0,1348385400.0,national file
2025,49-3052,13510.0,52370.0,707518700.0,national file
2025,49-3053,36060.0,49990.0,1802639400.0,national file
2025,49-3091,12170.0,42730.0,520024100.0,national file
2025,49-3092,17430.0,56440.0,983749200.0,national file
2025,49-3093,108410.0,40170.0,4354829700.0,national file
2025,49-9011,27120.0,57540.0,1560484800.0,national file
2025,49-9012,48240.0,76210.0,3676370400.0,national file
2025,49-9021,409670.0,64780.0,26538422600.0,national file
2025,49-9031,32150.0,56040.0,1801686000.0,national file
2025,49-9041,439640.0,68460.0,30097754400.0,national file
2025,49-9043,60020.0,64610.0,3877892200.0,national file
2025,49-9044,40330.0,69780.0,2814227400.0,national file
2025,49-9045,1080.0,63770.0,68871600.0,national file
2025,49-9051,131070.0,91970.0,12054507900.0,national file
2025,49-9052,97720.0,73940.0,7225416800.0,national file
2025,49-9061,1650.0,56040.0,92466000.0,national file
2025,49-9062,65990.0,65930.0,4350720700.0,national file
2025,49-9063,5380.0,49960.0,268784800.0,national file
2025,49-9064,1310.0,70840.0,92800400.0,national file
2025,49-9069,9400.0,71180.0,669092000.0,national file
2025,49-9071,1529700.0,53780.0,82267266000.0,national file
2025,49-9081,9980.0,68980.0,688420400.0,national file
2025,49-9091,26410.0,49770.0,1314425700.0,national file
2025,49-9092,3450.0,88320.0,304704000.0,national file
2025,49-9094,15040.0,55470.0,834268800.0,national file
2025,49-9095,3020.0,45410.0,137138200.0,national file
2025,49-9096,22530.0,66810.0,1505229300.0,national file
2025,49-9097,8720.0,90410.0,788375200.0,national file
2025,49-9098,95580.0,41490.0,3965614200.0,national file
2025,49-9099,176300.0,53850.0,9493755000.0,national file
2025,51-1011,673430.0,76600.0,51584738000.0,national file
2025,51-2011,34020.0,71420.0,2429708400.0,national file
2025,51-2021,12840.0,50470.0,648034800.0,national file
2025,51-2028,246970.0,47660.0,11770590200.0,national file
2025,51-2031,34000.0,57790.0,1964860000.0,national file
2025,51-2041,52360.0,54030.0,2829010800.0,national file
2025,51-2051,16170.0,49550.0,801223500.0,national file
2025,51-2061,250.0,56720.0,14180000.0,national file
2025,51-2090,1405030.0,46660.0,65558699800.0,national file
2025,51-3011,236200.0,38480.0,9088976000.0,national file
2025,51-3021,136430.0,42380.0,5781903400.0,national file
2025,51-3022,145700.0,39280.0,5723096000.0,national file
2025,51-3023,69950.0,41770.0,2921811500.0,national file
2025,51-3091,20370.0,45930.0,935594100.0,national file
2025,51-3092,174520.0,43750.0,7635250000.0,national file
2025,51-3093,31250.0,42570.0,1330312500.0,national file
2025,51-3099,65000.0,40300.0,2619500000.0,national file
2025,51-4021,60840.0,49480.0,3010363200.0,national file
2025,51-4022,8930.0,51680.0,461502400.0,national file
2025,51-4023,25250.0,53220.0,1343805000.0,national file
2025,51-4031,171200.0,48430.0,8291216000.0,national file
2025,51-4032,4680.0,51810.0,242470800.0,national file
2025,51-4033,67000.0,48170.0,3227390000.0,national file
2025,51-4034,16710.0,52490.0,877107900.0,national file
2025,51-4035,12460.0,56740.0,706980400.0,national file
2025,51-4041,287050.0,59320.0,17027806000.0,national file
2025,51-4051,16780.0,55490.0,931122200.0,national file
2025,51-4052,4560.0,54290.0,247562400.0,national file
2025,51-4061,2610.0,68570.0,178967700.0,national file
2025,51-4062,1470.0,60610.0,89096700.0,national file
2025,51-4071,12790.0,49860.0,637709400.0,national file
2025,51-4072,150470.0,45960.0,6915601200.0,national file
2025,51-4081,124590.0,50030.0,6233237700.0,national file
2025,51-4111,56930.0,66860.0,3806339800.0,national file
2025,51-4121,416210.0,56760.0,23624079600.0,national file
2025,51-4122,31600.0,50220.0,1586952000.0,national file
2025,51-4191,14000.0,50450.0,706300000.0,national file
2025,51-4192,5970.0,66520.0,397124400.0,national file
2025,51-4193,32410.0,45100.0,1461691000.0,national file
2025,51-4194,5600.0,53240.0,298144000.0,national file
2025,51-4199,15900.0,48580.0,772422000.0,national file
2025,51-5111,23840.0,50800.0,1211072000.0,national file
2025,51-5112,144260.0,47360.0,6832153600.0,national file
2025,51-5113,33180.0,44460.0,1475182800.0,national file
2025,51-6011,198040.0,34920.0,6915556800.0,national file
2025,51-6021,26120.0,34640.0,904796800.0,national file
2025,51-6031,104880.0,37600.0,3943488000.0,national file
2025,51-6041,7450.0,39160.0,291742000.0,national file
2025,51-6042,3280.0,36280.0,118998400.0,national file
2025,51-6051,2190.0,37210.0,81489900.0,national file
2025,51-6052,13920.0,45140.0,628348800.0,national file
2025,51-6061,5310.0,40380.0,214417800.0,national file
2025,51-6062,9000.0,39530.0,355770000.0,national file
2025,51-6063,13030.0,40720.0,530581600.0,national file
2025,51-6064,22020.0,40120.0,883442400.0,national file
2025,51-6091,12850.0,48580.0,624253000.0,national file
2025,51-6092,2950.0,71420.0,210689000.0,national file
2025,51-6093,20140.0,47340.0,953427600.0,national file
2025,51-6099,13530.0,40560.0,548776800.0,national file
2025,51-7011,77170.0,48290.0,3726539300.0,national file
2025,51-7021,14480.0,45300.0,655944000.0,national file
2025,51-7031,280.0,63670.0,17827600.0,national file
2025,51-7032,220.0,54240.0,11932800.0,national file
2025,51-7041,40850.0,43580.0,1780243000.0,national file
2025,51-7042,61420.0,43570.0,2676069400.0,national file
2025,51-7099,5490.0,46070.0,252924300.0,national file
2025,51-8011,5150.0,121380.0,625107000.0,national file
2025,51-8012,8520.0,111320.0,948446400.0,national file
2025,51-8013,29320.0,99790.0,2925842800.0,national file
2025,51-8021,28250.0,83960.0,2371870000.0,national file
2025,51-8031,128490.0,62540.0,8035764600.0,national file
2025,51-8091,16610.0,79970.0,1328301700.0,national file
2025,51-8092,18030.0,88710.0,1599441300.0,national file
2025,51-8093,33160.0,90630.0,3005290800.0,national file
2025,51-8099,14080.0,65700.0,925056000.0,national file
2025,51-9011,139630.0,60710.0,8476937300.0,national file
2025,51-9012,60100.0,56030.0,3367403000.0,national file
2025,51-9021,26000.0,51380.0,1335880000.0,national file
2025,51-9022,10510.0,45020.0,473160200.0,national file
2025,51-9023,94920.0,52090.0,4944382800.0,national file
2025,51-9031,6060.0,41050.0,248763000.0,national file
2025,51-9032,44980.0,47460.0,2134750800.0,national file
2025,51-9041,58770.0,47260.0,2777470200.0,national file
2025,51-9051,14280.0,50940.0,727423200.0,national file
2025,51-9061,597370.0,53450.0,31929426500.0,national file
2025,51-9071,22440.0,57960.0,1300622400.0,national file
2025,51-9081,34410.0,54290.0,1868118900.0,national file
2025,51-9082,11280.0,52730.0,594794400.0,national file
2025,51-9083,18660.0,43190.0,805925400.0,national file
2025,51-9111,379060.0,44590.0,16902285400.0,national file
2025,51-9123,7940.0,45210.0,358967400.0,national file
2025,51-9124,158740.0,52620.0,8352898800.0,national file
2025,51-9141,31460.0,60180.0,1893262800.0,national file
2025,51-9151,4800.0,46050.0,221040000.0,national file
2025,51-9161,169450.0,54320.0,9204524000.0,national file
2025,51-9162,28500.0,72210.0,2057985000.0,national file
2025,51-9191,11500.0,46850.0,538775000.0,national file
2025,51-9192,14760.0,44600.0,658296000.0,national file
2025,51-9193,6900.0,44940.0,310086000.0,national file
2025,51-9194,7750.0,46320.0,358980000.0,national file
2025,51-9195,33190.0,47500.0,1576525000.0,national file
2025,51-9196,96130.0,52840.0,5079509200.0,national file
2025,51-9197,20770.0,57160.0,1187213200.0,national file
2025,51-9198,165700.0,41120.0,6813584000.0,national file
2025,51-9199,251700.0,44380.0,11170446000.0,national file
2025,53-1041,9760.0,65010.0,634497600.0,national file
2025,53-1047,623640.0,66860.0,41696570400.0,national file
2025,53-2011,103560.0,288650.0,29892594000.0,national file
2025,53-2012,47630.0,146080.0,6957790400.0,national file
2025,53-2021,22510.0,146490.0,3297489900.0,national file
2025,53-2022,15190.0,63610.0,966235900.0,national file
2025,53-2031,131650.0,77440.0,10194976000.0,national file
2025,53-3011,12630.0,36210.0,457332300.0,national file
2025,53-3031,409180.0,40730.0,16665901400.0,national file
2025,53-3032,2062040.0,59710.0,123124408400.0,national file
2025,53-3033,983300.0,48770.0,47955541000.0,national file
2025,53-3051,402930.0,48430.0,19513899900.0,national file
2025,53-3052,159240.0,60280.0,9598987200.0,national file
2025,53-3053,248530.0,39880.0,9911376400.0,national file
2025,53-3054,41050.0,49930.0,2049626500.0,national file
2025,53-3099,46880.0,42430.0,1989118400.0,national file
2025,53-4011,33470.0,85900.0,2875073000.0,national file
2025,53-4013,3920.0,68450.0,268324000.0,national file
2025,53-4022,12400.0,69030.0,855972000.0,national file
2025,53-4031,46440.0,79100.0,3673404000.0,national file
2025,53-4041,10200.0,77170.0,787134000.0,national file
2025,53-4099,1120.0,60140.0,67356800.0,national file
2025,53-5011,31670.0,56830.0,1799806100.0,national file
2025,53-5021,36850.0,103720.0,3822082000.0,national file
2025,53-5022,2480.0,56270.0,139549600.0,national file
2025,53-5031,8400.0,111790.0,939036000.0,national file
2025,53-6011,3040.0,55370.0,168324800.0,national file
2025,53-6021,137880.0,34990.0,4824421200.0,national file
2025,53-6031,102010.0,36780.0,3751927800.0,national file
2025,53-6032,31300.0,43330.0,1356229000.0,national file
2025,53-6041,7860.0,62050.0,487713000.0,national file
2025,53-6051,24500.0,88540.0,2169230000.0,national file
2025,53-6061,27110.0,37820.0,1025300200.0,national file
2025,53-6099,13550.0,50890.0,689559500.0,national file
2025,53-7011,22930.0,45080.0,1033684400.0,national file
2025,53-7021,42890.0,72130.0,3093655700.0,national file
2025,53-7031,1040.0,56120.0,58364800.0,national file
2025,53-7041,2600.0,67710.0,176046000.0,national file
2025,53-7051,774420.0,48370.0,37458695400.0,national file
2025,53-7061,380430.0,36980.0,14068301400.0,national file
2025,53-7062,2950280.0,42260.0,124678832800.0,national file
2025,53-7063,42330.0,43660.0,1848127800.0,national file
2025,53-7064,559820.0,37540.0,21015642800.0,national file
2025,53-7065,2833810.0,39540.0,112048847400.0,national file
2025,53-7071,3510.0,74610.0,261881100.0,national file
2025,53-7072,9780.0,63960.0,625528800.0,national file
2025,53-7073,17990.0,70370.0,1265956300.0,national file
2025,53-7081,147240.0,52820.0,7777216800.0,national file
2025,53-7121,10700.0,59970.0,641679000.0,national file
2025,53-7199,23480.0,45640.0,1071627200.0,national file
