vintage,state_fips,measure,cut,wage_bill_usd,share_of_bill_scored,share_of_bill_exposed,occupations
2019,01,eloundou_beta,0.47058823529411764,86288055800.0,0.980928300295267,0.4016590532928367,721
2019,02,eloundou_beta,0.47058823529411764,17907221900.0,0.9800784558873945,0.35936839259789366,528
2019,04,eloundou_beta,0.47058823529411764,143315055400.0,0.9858217996601846,0.43975789935231296,716
2019,05,eloundou_beta,0.47058823529411764,50658935100.0,0.9814281958733012,0.355664392175924,664
2019,06,eloundou_beta,0.47058823529411764,1051138444700.0,0.9728343968501781,0.4419821551964248,807
2019,08,eloundou_beta,0.47058823529411764,152325200100.0,0.9824867248108309,0.4782999773492147,728
2019,09,eloundou_beta,0.47058823529411764,100690044800.0,0.983196925918117,0.4456312649656111,665
2019,10,eloundou_beta,0.47058823529411764,21878550900.0,0.988062816306837,0.42900990566087305,490
2019,11,eloundou_beta,0.47058823529411764,60445311900.0,0.9833789573251247,0.5954232586457796,488
2019,12,eloundou_beta,0.47058823529411764,412431613400.0,0.9825797445543852,0.4295800536166264,781
2019,13,eloundou_beta,0.47058823529411764,210322270500.0,0.9793504637435732,0.44604820985108234,726
2019,15,eloundou_beta,0.47058823529411764,33281108500.0,0.9794072763679978,0.34073156537124855,559
2019,16,eloundou_beta,0.47058823529411764,31545973400.0,0.9843214391537486,0.38306865305507565,622
2019,17,eloundou_beta,0.47058823529411764,329713047800.0,0.985957291330373,0.42978304268646067,763
2019,18,eloundou_beta,0.47058823529411764,140606401800.0,0.9762534615994338,0.36548961640898675,745
2019,19,eloundou_beta,0.47058823529411764,72594127100.0,0.9811671747145001,0.386356063062818,712
2019,20,eloundou_beta,0.47058823529411764,63801295400.0,0.9805979424367253,0.40168674238316177,681
2019,21,eloundou_beta,0.47058823529411764,81941549500.0,0.9732038755769998,0.35891014670546917,712
2019,22,eloundou_beta,0.47058823529411764,82760175800.0,0.9677397579363071,0.35008404273803945,726
2019,23,eloundou_beta,0.47058823529411764,29071787900.0,0.9808193872005745,0.3711267479609993,631
2019,24,eloundou_beta,0.47058823529411764,158676587000.0,0.9783842341159855,0.47413869817444787,737
2019,25,eloundou_beta,0.47058823529411764,234695965800.0,0.987420437694131,0.45656800875759473,743
2019,26,eloundou_beta,0.47058823529411764,217451752800.0,0.9808210745661443,0.4033697038221696,745
2019,27,eloundou_beta,0.47058823529411764,158437975100.0,0.9848379430093984,0.420256910226047,733
2019,28,eloundou_beta,0.47058823529411764,44430761800.0,0.979367365910272,0.33467967782074315,673
2019,29,eloundou_beta,0.47058823529411764,132133834700.0,0.9869976998571266,0.4130024605097074,727
2019,30,eloundou_beta,0.47058823529411764,20494600700.0,0.9841246212432581,0.35222764451812616,608
2019,31,eloundou_beta,0.47058823529411764,46451961700.0,0.9874941078363197,0.3985604102719628,663
2019,32,eloundou_beta,0.47058823529411764,63853742600.0,0.9771778074559038,0.3522229203933081,644
2019,33,eloundou_beta,0.47058823529411764,34986243900.0,0.9875012460333551,0.4476845799471821,641
2019,34,eloundou_beta,0.47058823529411764,239672613600.0,0.9830975715763647,0.43819711297329644,728
2019,35,eloundou_beta,0.47058823529411764,37303165700.0,0.9784517339246509,0.3856239566320926,636
2019,36,eloundou_beta,0.47058823529411764,601059853400.0,0.9876716210448779,0.4434387193282511,777
2019,37,eloundou_beta,0.47058823529411764,215833349800.0,0.9807523059204409,0.43595135354254383,759
2019,38,eloundou_beta,0.47058823529411764,20601530100.0,0.9829439392174828,0.34306168816837507,565
2019,39,eloundou_beta,0.47058823529411764,267764542200.0,0.982225323269757,0.4025214926877584,780
2019,40,eloundou_beta,0.47058823529411764,72058674300.0,0.9862525127573486,0.38746938804685277,711
2019,41,eloundou_beta,0.47058823529411764,100984543600.0,0.9690373105529416,0.410282125256042,729
2019,42,eloundou_beta,0.47058823529411764,301395693400.0,0.9872585511866908,0.41036341556046557,786
2019,44,eloundou_beta,0.47058823529411764,25918976800.0,0.9829183217852111,0.4273219894748544,509
2019,45,eloundou_beta,0.47058823529411764,92523030300.0,0.9803236380080674,0.3704340786289244,701
2019,46,eloundou_beta,0.47058823529411764,17849673500.0,0.987950644210781,0.34794388019728884,572
2019,47,eloundou_beta,0.47058823529411764,135713494400.0,0.9740777359561847,0.398012725936336,762
2019,48,eloundou_beta,0.47058823529411764,623837321900.0,0.9872192676635942,0.4396659257720857,800
2019,49,eloundou_beta,0.47058823529411764,72908521800.0,0.9844416480379503,0.4643266005025777,710
2019,50,eloundou_beta,0.47058823529411764,14311520100.0,0.9807883545444995,0.36810133517861104,515
2019,51,eloundou_beta,0.47058823529411764,212901713900.0,0.9842406987115084,0.4819496082456638,686
2019,53,eloundou_beta,0.47058823529411764,202303672200.0,0.9866755795843912,0.446839907337804,755
2019,54,eloundou_beta,0.47058823529411764,29642622400.0,0.9848697685384745,0.3187574343346784,642
2019,55,eloundou_beta,0.47058823529411764,138606513800.0,0.9833130187060348,0.38486294870031684,727
2019,56,eloundou_beta,0.47058823529411764,13338848900.0,0.9847195232972483,0.2944863627905393,542
2019,66,eloundou_beta,0.47058823529411764,1980474300.0,0.9717422530531725,0.3888461690149757,262
2019,72,eloundou_beta,0.47058823529411764,25007627400.0,0.9737423322024934,0.40742355622019794,566
2019,78,eloundou_beta,0.47058823529411764,1205957700.0,0.9867612697491707,0.37078263204927114,176
2020,01,eloundou_beta,0.47058823529411764,88099014400.0,0.9835200844222945,0.40129505762344914,731
2020,02,eloundou_beta,0.47058823529411764,17493410600.0,0.9815855303611888,0.36446239390763635,510
2020,04,eloundou_beta,0.47058823529411764,149355644700.0,0.9863288062075619,0.4404232466395681,709
2020,05,eloundou_beta,0.47058823529411764,51668069700.0,0.9825386417949797,0.3603581128307456,660
2020,06,eloundou_beta,0.47058823529411764,1069148979400.0,0.9707807144944685,0.4475258106754829,801
2020,08,eloundou_beta,0.47058823529411764,154840284300.0,0.9820569098393346,0.484747933878303,735
2020,09,eloundou_beta,0.47058823529411764,97999843100.0,0.9835132836001986,0.45604615833361806,668
2020,10,eloundou_beta,0.47058823529411764,21334926200.0,0.988731777021439,0.44165969437497354,479
2020,11,eloundou_beta,0.47058823529411764,62780116400.0,0.9846135479339831,0.6268440247395103,464
2020,12,eloundou_beta,0.47058823529411764,413973437500.0,0.9837592717476025,0.4320581744095469,783
2020,13,eloundou_beta,0.47058823529411764,213269750900.0,0.9731744731074429,0.4522329776013702,736
2020,15,eloundou_beta,0.47058823529411764,31815021300.0,0.9782614175573632,0.3520967358553888,547
2020,16,eloundou_beta,0.47058823529411764,32628892800.0,0.9841984776403842,0.3837943637223185,624
2020,17,eloundou_beta,0.47058823529411764,324057100400.0,0.9876495145002961,0.43711174044495116,763
2020,18,eloundou_beta,0.47058823529411764,138136085000.0,0.9784585827319948,0.36003317237032023,735
2020,19,eloundou_beta,0.47058823529411764,71025028500.0,0.9820956182045134,0.3836477225810846,705
2020,20,eloundou_beta,0.47058823529411764,63483492000.0,0.9838005024875569,0.40871620244844337,676
2020,21,eloundou_beta,0.47058823529411764,79906413800.0,0.9755812341729614,0.3676600330690615,699
2020,22,eloundou_beta,0.47058823529411764,80010858400.0,0.9728602842128984,0.358903205416119,711
2020,23,eloundou_beta,0.47058823529411764,28892979300.0,0.9814641486736795,0.3793389188047225,622
2020,24,eloundou_beta,0.47058823529411764,155024277900.0,0.9788491997274471,0.48388826582587197,717
2020,25,eloundou_beta,0.47058823529411764,231881480600.0,0.9900891146063889,0.47072596576626186,734
2020,26,eloundou_beta,0.47058823529411764,206722114100.0,0.9806648564327121,0.4145752107560923,744
2020,27,eloundou_beta,0.47058823529411764,156573080100.0,0.9845467636612273,0.4288536153793355,737
2020,28,eloundou_beta,0.47058823529411764,44143616600.0,0.9814996747981576,0.3335193015517754,677
2020,29,eloundou_beta,0.47058823529411764,132018200100.0,0.9865727885500719,0.4146997901145747,715
2020,30,eloundou_beta,0.47058823529411764,20936183200.0,0.9834973247506746,0.35998593353717245,614
2020,31,eloundou_beta,0.47058823529411764,46461168000.0,0.9878272188720814,0.39798289891220323,652
2020,32,eloundou_beta,0.47058823529411764,61027272900.0,0.973317439900652,0.3597633127025131,657
2020,33,eloundou_beta,0.47058823529411764,34326099400.0,0.9870654867961641,0.4547585281303583,628
2020,34,eloundou_beta,0.47058823529411764,235781270100.0,0.983755474229282,0.4443585344810706,711
2020,35,eloundou_beta,0.47058823529411764,37918563400.0,0.9791531045796141,0.3966174464164746,635
2020,36,eloundou_beta,0.47058823529411764,581654689300.0,0.9873306386445201,0.45242512188426237,778
2020,37,eloundou_beta,0.47058823529411764,217297659900.0,0.9822650334478178,0.4448781292292526,745
2020,38,eloundou_beta,0.47058823529411764,20362307500.0,0.9847731722279849,0.3426209691283397,562
2020,39,eloundou_beta,0.47058823529411764,261472593200.0,0.9824379808934383,0.4028413477915352,776
2020,40,eloundou_beta,0.47058823529411764,72944748500.0,0.9883247062271185,0.3829878689548083,699
2020,41,eloundou_beta,0.47058823529411764,101313508400.0,0.971053193235677,0.41792508293999875,734
2020,42,eloundou_beta,0.47058823529411764,294978299700.0,0.9876356150074364,0.4168339606878052,768
2020,44,eloundou_beta,0.47058823529411764,25333905900.0,0.9862409085612687,0.4368278471674734,524
2020,45,eloundou_beta,0.47058823529411764,92197928000.0,0.9802873107760885,0.3733527109624133,691
2020,46,eloundou_beta,0.47058823529411764,18003343300.0,0.987807234298906,0.3578800087190457,556
2020,47,eloundou_beta,0.47058823529411764,136663961900.0,0.9737981991258265,0.40905701805182815,745
2020,48,eloundou_beta,0.47058823529411764,632151069900.0,0.9867373160752277,0.44220722507385507,805
2020,49,eloundou_beta,0.47058823529411764,74702025300.0,0.9837785134059407,0.47273936443101516,693
2020,50,eloundou_beta,0.47058823529411764,13928989600.0,0.9787931887283193,0.3776720887829479,527
2020,51,eloundou_beta,0.47058823529411764,212520812600.0,0.9839787086867606,0.49268565101545764,692
2020,53,eloundou_beta,0.47058823529411764,205264927400.0,0.9860015597705335,0.46405339666695283,747
2020,54,eloundou_beta,0.47058823529411764,28933186700.0,0.9788952779817278,0.3353746455990719,632
2020,55,eloundou_beta,0.47058823529411764,137077186300.0,0.9837933630950922,0.3859552516446095,715
2020,56,eloundou_beta,0.47058823529411764,13029471400.0,0.983591072553072,0.2954476150921777,517
2020,66,eloundou_beta,0.47058823529411764,2040705500.0,0.9708309068804317,0.3838271183610786,258
2020,72,eloundou_beta,0.47058823529411764,24006162600.0,0.9724172058838956,0.4082363527985864,533
2020,78,eloundou_beta,0.47058823529411764,1232643000.0,0.9872416578955062,0.3060595047267883,174
2021,01,eloundou_beta,0.47058823529411764,90502996200.0,0.9552844870344745,0.4077419640226855,665
2021,02,eloundou_beta,0.47058823529411764,18022563800.0,0.943283973837285,0.37466325783618826,508
2021,04,eloundou_beta,0.47058823529411764,156895347100.0,0.9541508551211841,0.46060921622830986,708
2021,05,eloundou_beta,0.47058823529411764,54334671700.0,0.9486539568067364,0.3769371306122389,646
2021,06,eloundou_beta,0.47058823529411764,1108510959000.0,0.9414704408889836,0.4649289133284003,776
2021,08,eloundou_beta,0.47058823529411764,162713555200.0,0.952655575065451,0.49778951806879035,727
2021,09,eloundou_beta,0.47058823529411764,102086579500.0,0.9511669229744346,0.4581598557483701,653
2021,10,eloundou_beta,0.47058823529411764,23930521100.0,0.9612216342418052,0.451146496699542,487
2021,11,eloundou_beta,0.47058823529411764,63304049000.0,0.9700583212299738,0.6422415765265657,440
2021,12,eloundou_beta,0.47058823529411764,442262349400.0,0.9663333955056316,0.44248439202194034,767
2021,13,eloundou_beta,0.47058823529411764,226162568200.0,0.945555834911146,0.4808820112492657,723
2021,15,eloundou_beta,0.47058823529411764,31242227100.0,0.9571956795615253,0.37006937399153733,551
2021,16,eloundou_beta,0.47058823529411764,35344534400.0,0.9498004675936543,0.39662785644647747,600
2021,17,eloundou_beta,0.47058823529411764,331392526700.0,0.9576120018762029,0.44299461791986827,727
2021,18,eloundou_beta,0.47058823529411764,149323792100.0,0.9419763128289855,0.3735803696312812,732
2021,19,eloundou_beta,0.47058823529411764,75281568900.0,0.9496783561321342,0.41061247429244274,693
2021,20,eloundou_beta,0.47058823529411764,65852278300.0,0.9466854831657359,0.4108487487364716,647
2021,21,eloundou_beta,0.47058823529411764,86457313000.0,0.9321393194350142,0.38657486341504077,694
2021,22,eloundou_beta,0.47058823529411764,84491641100.0,0.9296990196584074,0.37291569167039246,687
2021,23,eloundou_beta,0.47058823529411764,30667718100.0,0.94390932529147,0.40121412920779936,608
2021,24,eloundou_beta,0.47058823529411764,163956094900.0,0.9564376816588842,0.5047883917793752,708
2021,25,eloundou_beta,0.47058823529411764,244052860300.0,0.9485595461386199,0.49129391068848227,705
2021,26,eloundou_beta,0.47058823529411764,222720159900.0,0.941735743159369,0.42935008209523584,739
2021,27,eloundou_beta,0.47058823529411764,162774648600.0,0.9372969839727241,0.45495381556188536,716
2021,28,eloundou_beta,0.47058823529411764,46245226400.0,0.9486977838646715,0.3377536214181343,655
2021,29,eloundou_beta,0.47058823529411764,137415844300.0,0.9491477228437769,0.44022076782742486,700
2021,30,eloundou_beta,0.47058823529411764,22441420200.0,0.9510470910392739,0.3813039725898991,602
2021,31,eloundou_beta,0.47058823529411764,49281858900.0,0.9573841481048516,0.4133913719735718,657
2021,32,eloundou_beta,0.47058823529411764,63241437700.0,0.9549954443872486,0.3891590599980761,628
2021,33,eloundou_beta,0.47058823529411764,36771631000.0,0.9545049551922241,0.4759970937958279,599
2021,34,eloundou_beta,0.47058823529411764,250932146700.0,0.9512052662003548,0.4673814202140755,706
2021,35,eloundou_beta,0.47058823529411764,38108913300.0,0.9493464196996664,0.4157653990013378,611
2021,36,eloundou_beta,0.47058823529411764,605297378300.0,0.9435991784800367,0.473454020325124,756
2021,37,eloundou_beta,0.47058823529411764,232485185300.0,0.9559238246222995,0.4657362364610456,726
2021,38,eloundou_beta,0.47058823529411764,20597533900.0,0.9455518992980029,0.3502823390053787,542
2021,39,eloundou_beta,0.47058823529411764,275588711400.0,0.947183012591277,0.41896719175784314,757
2021,40,eloundou_beta,0.47058823529411764,74420435700.0,0.9599756710373573,0.40307115717062125,690
2021,41,eloundou_beta,0.47058823529411764,106611502400.0,0.9369875646738846,0.44067058635517703,715
2021,42,eloundou_beta,0.47058823529411764,307937285400.0,0.9470553516154364,0.43537539860355917,758
2021,44,eloundou_beta,0.47058823529411764,26734250600.0,0.9544519605872177,0.4447601453329252,484
2021,45,eloundou_beta,0.47058823529411764,96536728900.0,0.956178428167147,0.39608102770607484,666
2021,46,eloundou_beta,0.47058823529411764,18976706700.0,0.9592198366010474,0.36474223642159886,539
2021,47,eloundou_beta,0.47058823529411764,146100206200.0,0.9429232085505435,0.4223585315650446,733
2021,48,eloundou_beta,0.47058823529411764,652982967800.0,0.9562692915311289,0.46785983821726257,769
2021,49,eloundou_beta,0.47058823529411764,81440716300.0,0.9526730525576186,0.4961852335935506,681
2021,50,eloundou_beta,0.47058823529411764,15240769200.0,0.9338071598118551,0.41175594100688767,525
2021,51,eloundou_beta,0.47058823529411764,227060708900.0,0.9538157849907074,0.5054180897595403,717
2021,53,eloundou_beta,0.47058823529411764,214766859300.0,0.9506039617351707,0.4855661743885058,726
2021,54,eloundou_beta,0.47058823529411764,30041595700.0,0.94002351546193,0.3557700275169025,611
2021,55,eloundou_beta,0.47058823529411764,144633638000.0,0.9457670220533345,0.4064563333200236,704
2021,56,eloundou_beta,0.47058823529411764,13184063200.0,0.9562449382069103,0.31888223467209836,493
2021,66,eloundou_beta,0.47058823529411764,1823538400.0,0.9499333274254055,0.37545151800278936,204
2021,72,eloundou_beta,0.47058823529411764,25296721500.0,0.9452092754391117,0.4076804490147878,536
2021,78,eloundou_beta,0.47058823529411764,1220152400.0,0.96172133907207,0.38116059137245784,162
2022,01,eloundou_beta,0.47058823529411764,99728616000.0,0.9509492731755146,0.4013887516634633,685
2022,02,eloundou_beta,0.47058823529411764,19014277900.0,0.9426699080694513,0.3744155355749568,514
2022,04,eloundou_beta,0.47058823529411764,175251270900.0,0.9549647802297335,0.4619253159831316,699
2022,05,eloundou_beta,0.47058823529411764,58490382000.0,0.9494376306176288,0.38576884715027226,643
2022,06,eloundou_beta,0.47058823529411764,1257630062100.0,0.9406587561405908,0.4760521362887115,772
2022,08,eloundou_beta,0.47058823529411764,185493770600.0,0.9531388128459339,0.510279817645901,722
2022,09,eloundou_beta,0.47058823529411764,109625558200.0,0.948204216304734,0.46036924255832756,644
2022,10,eloundou_beta,0.47058823529411764,26102246800.0,0.959125353913978,0.46120947165430837,500
2022,11,eloundou_beta,0.47058823529411764,68847390500.0,0.971731592354252,0.6200796812799028,462
2022,12,eloundou_beta,0.47058823529411764,508045636100.0,0.9668569571244467,0.44820535601403894,756
2022,13,eloundou_beta,0.47058823529411764,260150300400.0,0.9521179722612383,0.48536470031171736,730
2022,15,eloundou_beta,0.47058823529411764,34726441800.0,0.952712935305684,0.3705352983977433,528
2022,16,eloundou_beta,0.47058823529411764,39789313600.0,0.9433531168026985,0.4076330772042681,636
2022,17,eloundou_beta,0.47058823529411764,367921305200.0,0.9557144036789528,0.45177573028614276,727
2022,18,eloundou_beta,0.47058823529411764,162774645600.0,0.9407996339695303,0.3649099823325091,742
2022,19,eloundou_beta,0.47058823529411764,80516238700.0,0.9529935679918938,0.40984907994240943,698
2022,20,eloundou_beta,0.47058823529411764,72176031700.0,0.9481526579965742,0.4186230588773301,653
2022,21,eloundou_beta,0.47058823529411764,95095442700.0,0.9304948658701602,0.38344539656032484,701
2022,22,eloundou_beta,0.47058823529411764,92133904700.0,0.9345129263798585,0.37604308505925277,687
2022,23,eloundou_beta,0.47058823529411764,33408352300.0,0.9448372645423762,0.4001801627691983,617
2022,24,eloundou_beta,0.47058823529411764,179707226100.0,0.9535436905839593,0.5190640875551596,703
2022,25,eloundou_beta,0.47058823529411764,260249262800.0,0.9492923716362589,0.483414531608897,687
2022,26,eloundou_beta,0.47058823529411764,243809314300.0,0.9412364513589873,0.4322006514476112,757
2022,27,eloundou_beta,0.47058823529411764,178188906100.0,0.9345619480179299,0.45645649183351666,721
2022,28,eloundou_beta,0.47058823529411764,49627604800.0,0.9498080531986505,0.3468141692324329,659
2022,29,eloundou_beta,0.47058823529411764,151835735700.0,0.9491483453193423,0.43621588048086496,715
2022,30,eloundou_beta,0.47058823529411764,24464076400.0,0.951319306703931,0.37176852163043417,593
2022,31,eloundou_beta,0.47058823529411764,52861811500.0,0.9597500910463501,0.41602518591804566,663
2022,32,eloundou_beta,0.47058823529411764,75161740200.0,0.9535968500633518,0.3982259566606265,629
2022,33,eloundou_beta,0.47058823529411764,39941136900.0,0.954924913516921,0.48046304718722543,601
2022,34,eloundou_beta,0.47058823529411764,282741347200.0,0.9509275104706016,0.4740708134282305,702
2022,35,eloundou_beta,0.47058823529411764,42272734800.0,0.947965469695611,0.4231368225635511,620
2022,36,eloundou_beta,0.47058823529411764,673148758800.0,0.9442878298299849,0.4764416400868405,766
2022,37,eloundou_beta,0.47058823529411764,258360500700.0,0.9562012909506643,0.4711225322442661,730
2022,38,eloundou_beta,0.47058823529411764,21838133800.0,0.9427562120715645,0.35007935166696785,529
2022,39,eloundou_beta,0.47058823529411764,302556114500.0,0.9473868299561337,0.42158856978907805,762
2022,40,eloundou_beta,0.47058823529411764,79892092600.0,0.9615195722135835,0.40899688514554344,691
2022,41,eloundou_beta,0.47058823529411764,117465106000.0,0.9381324569698171,0.43732749416201067,717
2022,42,eloundou_beta,0.47058823529411764,329059738800.0,0.9480215386957573,0.44434745624935085,753
2022,44,eloundou_beta,0.47058823529411764,28138023400.0,0.9621599184539735,0.4428617793213465,491
2022,45,eloundou_beta,0.47058823529411764,108311154600.0,0.9509568666346763,0.40301802063266173,701
2022,46,eloundou_beta,0.47058823529411764,20998484200.0,0.9586022118682261,0.3735759228186461,554
2022,47,eloundou_beta,0.47058823529411764,162562416700.0,0.9432147412213022,0.43056938123092986,730
2022,48,eloundou_beta,0.47058823529411764,732071332200.0,0.9574440468712565,0.473111551956216,780
2022,49,eloundou_beta,0.47058823529411764,91115814100.0,0.9558857577062465,0.49355300234364696,697
2022,50,eloundou_beta,0.47058823529411764,16153141200.0,0.9365035142514572,0.4244281373224683,511
2022,51,eloundou_beta,0.47058823529411764,247881692700.0,0.9555522024237008,0.5078052844705071,724
2022,53,eloundou_beta,0.47058823529411764,242748556600.0,0.9483846970070923,0.4918901219368993,743
2022,54,eloundou_beta,0.47058823529411764,32685615700.0,0.9444195478318617,0.36571455152011983,609
2022,55,eloundou_beta,0.47058823529411764,154431841600.0,0.9419521647406166,0.41259794431958924,733
2022,56,eloundou_beta,0.47058823529411764,13957948500.0,0.9551210480537308,0.3270321387858066,495
2022,66,eloundou_beta,0.47058823529411764,1755815400.0,0.9679026622046942,0.36784248440562006,185
2022,72,eloundou_beta,0.47058823529411764,28541588000.0,0.9431658462731646,0.41477202859746287,539
2022,78,eloundou_beta,0.47058823529411764,1172846900.0,0.9583509151961778,0.4211341310031531,160
2023,01,eloundou_beta,0.47058823529411764,107127317400.0,0.9491941025679039,0.4023987781538391,689
2023,02,eloundou_beta,0.47058823529411764,20429052800.0,0.9445991495014394,0.3699624774305463,528
2023,04,eloundou_beta,0.47058823529411764,193076918600.0,0.9551454360117388,0.4583092470986723,693
2023,05,eloundou_beta,0.47058823529411764,63318142100.0,0.9496307930993446,0.38492307790814084,648
2023,06,eloundou_beta,0.47058823529411764,1365106231400.0,0.9403996038340844,0.46690879449295697,787
2023,08,eloundou_beta,0.47058823529411764,199975399500.0,0.952748059893237,0.5040784162831499,705
2023,09,eloundou_beta,0.47058823529411764,119067326700.0,0.9492758990447713,0.46192180996524823,645
2023,10,eloundou_beta,0.47058823529411764,29480156600.0,0.9618933503222978,0.44342974209196334,494
2023,11,eloundou_beta,0.47058823529411764,71561998800.0,0.9738261489141078,0.6211386234244608,449
2023,12,eloundou_beta,0.47058823529411764,563707428600.0,0.9668979356075847,0.4542942861669487,746
2023,13,eloundou_beta,0.47058823529411764,284390400900.0,0.948266245437822,0.4681052163527649,734
2023,15,eloundou_beta,0.47058823529411764,37609900800.0,0.9536618453404695,0.35943950169814826,535
2023,16,eloundou_beta,0.47058823529411764,43403697400.0,0.9463825263881782,0.41100958872329263,619
2023,17,eloundou_beta,0.47058823529411764,395275549300.0,0.9534212532684981,0.4348592981537661,727
2023,18,eloundou_beta,0.47058823529411764,176732869200.0,0.939760214677712,0.3645413247751063,743
2023,19,eloundou_beta,0.47058823529411764,86422411100.0,0.9473727006443123,0.4067281289828999,708
2023,20,eloundou_beta,0.47058823529411764,78179745500.0,0.9470334704530344,0.4183142631455508,644
2023,21,eloundou_beta,0.47058823529411764,103558452300.0,0.9358384762187103,0.37833992279516665,708
2023,22,eloundou_beta,0.47058823529411764,96773164300.0,0.937262995956411,0.37663495999371277,671
2023,23,eloundou_beta,0.47058823529411764,36104802100.0,0.946204820770919,0.39262426224084557,618
2023,24,eloundou_beta,0.47058823529411764,193368128500.0,0.9542656849988596,0.5222796146275362,711
2023,25,eloundou_beta,0.47058823529411764,281603147800.0,0.9522381081139321,0.4961106932134662,670
2023,26,eloundou_beta,0.47058823529411764,262622929600.0,0.9406653515603765,0.4269983954002023,772
2023,27,eloundou_beta,0.47058823529411764,190783210800.0,0.9338877711140817,0.45711279149337664,718
2023,28,eloundou_beta,0.47058823529411764,52990929500.0,0.94783362877226,0.32962184667741196,651
2023,29,eloundou_beta,0.47058823529411764,162425804100.0,0.9454740541438391,0.431766235487948,711
2023,30,eloundou_beta,0.47058823529411764,26828816100.0,0.9503819961701553,0.38431840068171375,597
2023,31,eloundou_beta,0.47058823529411764,57511090400.0,0.9605931137066391,0.42089667860501817,650
2023,32,eloundou_beta,0.47058823529411764,83678630400.0,0.9619863866701145,0.3768496262178451,639
2023,33,eloundou_beta,0.47058823529411764,43338541600.0,0.9517683423846455,0.47555068873112655,610
2023,34,eloundou_beta,0.47058823529411764,307662546000.0,0.9515166295217488,0.47543360697502995,718
2023,35,eloundou_beta,0.47058823529411764,46397417200.0,0.9457627115502455,0.4154767297627448,609
2023,36,eloundou_beta,0.47058823529411764,726467742000.0,0.9400765600683754,0.4808152395568694,759
2023,37,eloundou_beta,0.47058823529411764,283492937100.0,0.9579889579548894,0.4684346227998807,750
2023,38,eloundou_beta,0.47058823529411764,23887815000.0,0.9400540903385262,0.3576974517032279,529
2023,39,eloundou_beta,0.47058823529411764,326276368300.0,0.9465153535607745,0.41901551591002356,767
2023,40,eloundou_beta,0.47058823529411764,86901932700.0,0.9593665584839174,0.409827229442436,684
2023,41,eloundou_beta,0.47058823529411764,128083902200.0,0.9378639894373861,0.43225439071715127,714
2023,42,eloundou_beta,0.47058823529411764,356278194000.0,0.945764667820226,0.42805719542031234,753
2023,44,eloundou_beta,0.47058823529411764,30701796000.0,0.9587162523000283,0.436919898936448,486
2023,45,eloundou_beta,0.47058823529411764,119939572000.0,0.9513475560843255,0.40489414174482224,716
2023,46,eloundou_beta,0.47058823529411764,22831529500.0,0.9595334031388479,0.36985260266941333,568
2023,47,eloundou_beta,0.47058823529411764,178017210400.0,0.9433716213317317,0.42970603039849653,726
2023,48,eloundou_beta,0.47058823529411764,825853817200.0,0.9583237885650352,0.47355765026838503,778
2023,49,eloundou_beta,0.47058823529411764,100639248800.0,0.9560780058207271,0.4898618627212255,703
2023,50,eloundou_beta,0.47058823529411764,17695846000.0,0.9321362878044938,0.40646350448727303,521
2023,51,eloundou_beta,0.47058823529411764,263384029700.0,0.9542151867987765,0.5296803745355082,732
2023,53,eloundou_beta,0.47058823529411764,266788469600.0,0.9518930701193992,0.49336126791991874,750
2023,54,eloundou_beta,0.47058823529411764,35302543000.0,0.9449774737191029,0.36317604955948,631
2023,55,eloundou_beta,0.47058823529411764,171115813700.0,0.9402542647640754,0.4058786829906026,735
2023,56,eloundou_beta,0.47058823529411764,15099553600.0,0.9522891524422284,0.33821665467904755,493
2023,66,eloundou_beta,0.47058823529411764,2069600900.0,0.960371779892442,0.37959735383565485,209
2023,72,eloundou_beta,0.47058823529411764,30773259900.0,0.940224005972146,0.41198184914640384,537
2023,78,eloundou_beta,0.47058823529411764,1376417200.0,0.9578252872748175,0.4177715434667974,171
2024,01,eloundou_beta,0.47058823529411764,113004917200.0,0.9507228133255072,0.4098189481726338,679
2024,02,eloundou_beta,0.47058823529411764,22493593900.0,0.9455312785743856,0.3541398226512289,510
2024,04,eloundou_beta,0.47058823529411764,207063167600.0,0.9536205486890272,0.45155679279484745,667
2024,05,eloundou_beta,0.47058823529411764,67040975100.0,0.9514927147889888,0.3876807495431571,646
2024,06,eloundou_beta,0.47058823529411764,1428291578900.0,0.9352627443401921,0.46761911587434696,771
2024,08,eloundou_beta,0.47058823529411764,210618337100.0,0.952097972859743,0.4950943999693515,695
2024,09,eloundou_beta,0.47058823529411764,124665230300.0,0.950476577269035,0.4663169375456365,640
2024,10,eloundou_beta,0.47058823529411764,30073334600.0,0.961354002957823,0.4306440027786401,480
2024,11,eloundou_beta,0.47058823529411764,75028206300.0,0.9741444132058372,0.6190757008631257,440
2024,12,eloundou_beta,0.47058823529411764,606717113100.0,0.9637180789453489,0.4489130195064614,750
2024,13,eloundou_beta,0.47058823529411764,299006945200.0,0.9495405466588474,0.47807166545656543,732
2024,15,eloundou_beta,0.47058823529411764,39623242400.0,0.9572100540666505,0.35106036828006165,510
2024,16,eloundou_beta,0.47058823529411764,46999924600.0,0.9508087806591928,0.41923452906456354,609
2024,17,eloundou_beta,0.47058823529411764,408224914100.0,0.9511137708388093,0.425761033997721,715
2024,18,eloundou_beta,0.47058823529411764,185984047000.0,0.9370534807213868,0.3696758620905008,738
2024,19,eloundou_beta,0.47058823529411764,90169742800.0,0.9456628515524611,0.40376837218704886,691
2024,20,eloundou_beta,0.47058823529411764,82579300400.0,0.948552386864251,0.40775458003951637,654
2024,21,eloundou_beta,0.47058823529411764,109762713200.0,0.9363581375100338,0.3810666188965432,697
2024,22,eloundou_beta,0.47058823529411764,103591472600.0,0.9372987144889762,0.3665639234623403,659
2024,23,eloundou_beta,0.47058823529411764,39005129600.0,0.9456239468564668,0.3830500620583056,605
2024,24,eloundou_beta,0.47058823529411764,205286049100.0,0.9530463222305738,0.5156685814871419,708
2024,25,eloundou_beta,0.47058823529411764,295656016400.0,0.9549622177078079,0.49176222330559327,669
2024,26,eloundou_beta,0.47058823529411764,275955232000.0,0.9383485916295292,0.42683907370614393,755
2024,27,eloundou_beta,0.47058823529411764,199411376800.0,0.9283713134666046,0.45172444812122214,699
2024,28,eloundou_beta,0.47058823529411764,56320216400.0,0.9499276160451685,0.33767927613348236,638
2024,29,eloundou_beta,0.47058823529411764,170845518700.0,0.9437225560660842,0.42915410173667,710
2024,30,eloundou_beta,0.47058823529411764,28509856500.0,0.9505808140423295,0.38582498294725953,583
2024,31,eloundou_beta,0.47058823529411764,60359658200.0,0.9622067608063427,0.4095118347398924,644
2024,32,eloundou_beta,0.47058823529411764,87746031800.0,0.9589110718053007,0.3758473821189578,631
2024,33,eloundou_beta,0.47058823529411764,43743168400.0,0.9478509654549852,0.45828574558735036,598
2024,34,eloundou_beta,0.47058823529411764,318774786500.0,0.9523379707447471,0.4693342299778351,711
2024,35,eloundou_beta,0.47058823529411764,49828471700.0,0.9458751410993005,0.41293120218481766,610
2024,36,eloundou_beta,0.47058823529411764,761612876700.0,0.9391761977545356,0.47266861682445316,751
2024,37,eloundou_beta,0.47058823529411764,299615851900.0,0.9564387647808563,0.45857735363931185,740
2024,38,eloundou_beta,0.47058823529411764,25440813900.0,0.9374270922991186,0.3619864535350092,539
2024,39,eloundou_beta,0.47058823529411764,340125146900.0,0.9459083444206224,0.4151170893828389,758
2024,40,eloundou_beta,0.47058823529411764,91811404600.0,0.9610172721396313,0.403674527269963,673
2024,41,eloundou_beta,0.47058823529411764,134637520500.0,0.9377757227785549,0.4279988500947872,717
2024,42,eloundou_beta,0.47058823529411764,380182591800.0,0.9452657429645099,0.4432007532542596,760
2024,44,eloundou_beta,0.47058823529411764,32359118000.0,0.9559250038891666,0.4427995153378815,484
2024,45,eloundou_beta,0.47058823529411764,127891581600.0,0.9500885115334284,0.4072628073745836,700
2024,46,eloundou_beta,0.47058823529411764,24248800800.0,0.9595423209546923,0.36367799558587327,555
2024,47,eloundou_beta,0.47058823529411764,190168149200.0,0.9409434090448623,0.4294223801199161,716
2024,48,eloundou_beta,0.47058823529411764,868306838700.0,0.9585245656317551,0.4728270059115259,775
2024,49,eloundou_beta,0.47058823529411764,105885273500.0,0.954540065479455,0.4790781385995766,686
2024,50,eloundou_beta,0.47058823529411764,19045809200.0,0.9333622117772764,0.3998509819511097,524
2024,51,eloundou_beta,0.47058823529411764,285859960700.0,0.9558177627637238,0.5103550490759547,712
2024,53,eloundou_beta,0.47058823529411764,284866604900.0,0.9479355851304282,0.4917068364864879,743
2024,54,eloundou_beta,0.47058823529411764,37930381300.0,0.9472681810346051,0.3637290343647631,628
2024,55,eloundou_beta,0.47058823529411764,179080281600.0,0.9394508049511577,0.4079725470945681,727
2024,56,eloundou_beta,0.47058823529411764,16189787000.0,0.9531338058987434,0.32911989762863125,498
2024,66,eloundou_beta,0.47058823529411764,2040905800.0,0.9623527945287823,0.4034160367082378,195
2024,72,eloundou_beta,0.47058823529411764,32714500400.0,0.9399684122946288,0.4159122634269507,529
2024,78,eloundou_beta,0.47058823529411764,1410007300.0,0.9640486258475399,0.4144473880826498,166
2025,01,eloundou_beta,0.47058823529411764,117670278200.0,0.9506512223067048,0.401110187844131,659
2025,02,eloundou_beta,0.47058823529411764,23241070200.0,0.9487424034371704,0.3472904692855834,496
2025,04,eloundou_beta,0.47058823529411764,214338985700.0,0.9555984956776811,0.4438148238034863,667
2025,05,eloundou_beta,0.47058823529411764,70428763800.0,0.9516496724311382,0.3854681648275359,657
2025,06,eloundou_beta,0.47058823529411764,1450517663300.0,0.9336737237786382,0.4620939566246786,775
2025,08,eloundou_beta,0.47058823529411764,218062145200.0,0.9517928955969933,0.494551659374941,702
2025,09,eloundou_beta,0.47058823529411764,125819648300.0,0.9473098177464863,0.4541288571051429,639
2025,10,eloundou_beta,0.47058823529411764,31253727800.0,0.953939392151486,0.4192146355842078,472
2025,11,eloundou_beta,0.47058823529411764,75773912000.0,0.9716775649645751,0.6056414623537976,437
2025,12,eloundou_beta,0.47058823529411764,624175166400.0,0.962869231991925,0.4434416160739602,756
2025,13,eloundou_beta,0.47058823529411764,316252006500.0,0.9496718535444296,0.4535468218101111,718
2025,15,eloundou_beta,0.47058823529411764,41301909200.0,0.9560063073307032,0.34296894267063815,511
2025,16,eloundou_beta,0.47058823529411764,50645837100.0,0.9509211034444527,0.4022528538209645,591
2025,17,eloundou_beta,0.47058823529411764,428849750600.0,0.9508565900516114,0.4354422634279182,705
2025,18,eloundou_beta,0.47058823529411764,193219062700.0,0.9392824293003881,0.3624293906814641,736
2025,19,eloundou_beta,0.47058823529411764,92409065200.0,0.9425249493812649,0.401892950296092,687
2025,20,eloundou_beta,0.47058823529411764,85840275700.0,0.949423141239981,0.4029263250905405,643
2025,21,eloundou_beta,0.47058823529411764,115897363300.0,0.935560082754704,0.37087903172365777,675
2025,22,eloundou_beta,0.47058823529411764,107246492300.0,0.9404279322989103,0.36137561457071005,654
2025,23,eloundou_beta,0.47058823529411764,39965060100.0,0.9451777554064031,0.37997498009601066,603
2025,24,eloundou_beta,0.47058823529411764,208793523000.0,0.9507605602305969,0.5182290604982105,694
2025,25,eloundou_beta,0.47058823529411764,299984752600.0,0.9529525604962363,0.4842736926600942,656
2025,26,eloundou_beta,0.47058823529411764,282586082000.0,0.9381603769148121,0.42953194395750177,745
2025,27,eloundou_beta,0.47058823529411764,208038879800.0,0.9275671777578952,0.4395294859989678,693
2025,28,eloundou_beta,0.47058823529411764,57045526200.0,0.9471729336068426,0.3375625220489798,651
2025,29,eloundou_beta,0.47058823529411764,179638232400.0,0.9452932314646846,0.4337980154633882,706
2025,30,eloundou_beta,0.47058823529411764,29737608400.0,0.9483871540927279,0.38461252264839924,580
2025,31,eloundou_beta,0.47058823529411764,62767904700.0,0.9598416816357421,0.410505214883563,639
2025,32,eloundou_beta,0.47058823529411764,94258306100.0,0.9602823204139884,0.37602623751302205,637
2025,33,eloundou_beta,0.47058823529411764,47577131800.0,0.9480454368205525,0.4666732772744599,607
2025,34,eloundou_beta,0.47058823529411764,329278933700.0,0.9491196044285538,0.4668474143727096,700
2025,35,eloundou_beta,0.47058823529411764,53119854800.0,0.9439670625756303,0.4131474624394835,611
2025,36,eloundou_beta,0.47058823529411764,793559444400.0,0.9354939045067964,0.4698391450984223,757
2025,37,eloundou_beta,0.47058823529411764,313869528100.0,0.9576592726906388,0.4624637797003064,719
2025,38,eloundou_beta,0.47058823529411764,26804390300.0,0.9401781170154055,0.36272822259229365,538
2025,39,eloundou_beta,0.47058823529411764,355344248700.0,0.9467204743871235,0.4141785843492946,754
2025,40,eloundou_beta,0.47058823529411764,96583451000.0,0.9602470168517793,0.40251439978512804,690
2025,41,eloundou_beta,0.47058823529411764,138062503700.0,0.9354682606701127,0.4212408972619379,703
2025,42,eloundou_beta,0.47058823529411764,396199127700.0,0.9428260303562501,0.43286164494148643,751
2025,44,eloundou_beta,0.47058823529411764,33204329800.0,0.9592404542373868,0.4254262427273567,498
2025,45,eloundou_beta,0.47058823529411764,134625749700.0,0.9509247011457869,0.40814446512398694,693
2025,46,eloundou_beta,0.47058823529411764,25483800600.0,0.9586925939139549,0.3530031677739486,552
2025,47,eloundou_beta,0.47058823529411764,197264328600.0,0.9428067330770313,0.42660438198255096,711
2025,48,eloundou_beta,0.47058823529411764,921692111100.0,0.9567252718997478,0.4763518321566099,776
2025,49,eloundou_beta,0.47058823529411764,110808362600.0,0.9513879018369323,0.4732438943075037,663
2025,50,eloundou_beta,0.47058823529411764,19713398100.0,0.932035035603527,0.40534397936010036,506
2025,51,eloundou_beta,0.47058823529411764,296400903700.0,0.9574542592732318,0.5088668368218553,709
2025,53,eloundou_beta,0.47058823529411764,291285418000.0,0.947839549935864,0.4813226306893435,736
2025,54,eloundou_beta,0.47058823529411764,38878607000.0,0.9490158688041472,0.3591717108559192,608
2025,55,eloundou_beta,0.47058823529411764,184404281900.0,0.941166801073072,0.4021152364502551,713
2025,56,eloundou_beta,0.47058823529411764,16435861000.0,0.9502893520455059,0.34058753092910576,492
2025,66,eloundou_beta,0.47058823529411764,2508192300.0,0.9608250132974254,0.38552314650621744,208
2025,72,eloundou_beta,0.47058823529411764,34714709500.0,0.9360815996458216,0.41827928733487313,524
2025,78,eloundou_beta,0.47058823529411764,1374021100.0,0.9642135772150806,0.3905332513919691,160
2019,01,felten_aioe,0.838007,86288055800.0,0.8551361086102578,0.3496916893118932,721
2019,02,felten_aioe,0.838007,17907221900.0,0.8447596632789846,0.37101872021927607,528
2019,04,felten_aioe,0.838007,143315055400.0,0.8244968786757807,0.4190742046599968,716
2019,05,felten_aioe,0.838007,50658935100.0,0.8428969040898999,0.3524964028341823,664
2019,06,felten_aioe,0.838007,1051138444700.0,0.8025665067206627,0.437232843254332,807
2019,08,felten_aioe,0.838007,152325200100.0,0.8016213438651828,0.43763603258905354,728
2019,09,felten_aioe,0.838007,100690044800.0,0.8316546370097715,0.4630488688724641,665
2019,10,felten_aioe,0.838007,21878550900.0,0.8057910942389785,0.4340916888088491,490
2019,11,felten_aioe,0.838007,60445311900.0,0.8484743819473325,0.6787304434942234,488
2019,12,felten_aioe,0.838007,412431613400.0,0.8389443627954367,0.40666976070117855,781
2019,13,felten_aioe,0.838007,210322270500.0,0.8152713822401972,0.4053865903541065,726
2019,15,felten_aioe,0.838007,33281108500.0,0.8531005082587216,0.33220452271764256,559
2019,16,felten_aioe,0.838007,31545973400.0,0.8569364520278484,0.3627769204736755,622
2019,17,felten_aioe,0.838007,329713047800.0,0.8383310722616578,0.42532830606230815,763
2019,18,felten_aioe,0.838007,140606401800.0,0.837068742447865,0.33470446839196427,745
2019,19,felten_aioe,0.838007,72594127100.0,0.8379692485653206,0.38048791393047965,712
2019,20,felten_aioe,0.838007,63801295400.0,0.8294631973548413,0.3897495209521106,681
2019,21,felten_aioe,0.838007,81941549500.0,0.8413293903678011,0.34616890842373427,712
2019,22,felten_aioe,0.838007,82760175800.0,0.8638195910409326,0.3248978586609767,726
2019,23,felten_aioe,0.838007,29071787900.0,0.8201342031180517,0.3639828046135426,631
2019,24,felten_aioe,0.838007,158676587000.0,0.7849595673529326,0.45943050506232336,737
2019,25,felten_aioe,0.838007,234695965800.0,0.8207695107444305,0.4795548556844969,743
2019,26,felten_aioe,0.838007,217451752800.0,0.834375033986307,0.37780019797030917,745
2019,27,felten_aioe,0.838007,158437975100.0,0.8100736852940041,0.4180163825942427,733
2019,28,felten_aioe,0.838007,44430761800.0,0.8623652944766212,0.31147909844281946,673
2019,29,felten_aioe,0.838007,132133834700.0,0.826728189786503,0.39235668336277646,727
2019,30,felten_aioe,0.838007,20494600700.0,0.8415229903841491,0.3393293324586793,608
2019,31,felten_aioe,0.838007,46451961700.0,0.835846064042553,0.3870241690226765,663
2019,32,felten_aioe,0.838007,63853742600.0,0.8445798428119021,0.3236025987451738,644
2019,33,felten_aioe,0.838007,34986243900.0,0.8191502672107607,0.41085011782709485,641
2019,34,felten_aioe,0.838007,239672613600.0,0.8083897592342588,0.4437195832880667,728
2019,35,felten_aioe,0.838007,37303165700.0,0.8280047891004642,0.371134268465058,636
2019,36,felten_aioe,0.838007,601059853400.0,0.8302459053111161,0.4869531702487019,777
2019,37,felten_aioe,0.838007,215833349800.0,0.8244206581822933,0.4075936760400799,759
2019,38,felten_aioe,0.838007,20601530100.0,0.8542022306327698,0.32167302858383917,565
2019,39,felten_aioe,0.838007,267764542200.0,0.8295880240980409,0.4023662900054735,780
2019,40,felten_aioe,0.838007,72058674300.0,0.859512447307637,0.374632530564749,711
2019,41,felten_aioe,0.838007,100984543600.0,0.8227069816931156,0.39088660493702526,729
2019,42,felten_aioe,0.838007,301395693400.0,0.8326052238513861,0.4127055778703643,786
2019,44,felten_aioe,0.838007,25918976800.0,0.8268929585352979,0.43210638340111107,509
2019,45,felten_aioe,0.838007,92523030300.0,0.8503816530654277,0.3585094786592355,701
2019,46,felten_aioe,0.838007,17849673500.0,0.8633391371511905,0.3332715197821095,572
2019,47,felten_aioe,0.838007,135713494400.0,0.850109431627782,0.38228992645159515,762
2019,48,felten_aioe,0.838007,623837321900.0,0.8286256024696129,0.4193156576845477,800
2019,49,felten_aioe,0.838007,72908521800.0,0.8296749859103891,0.41252414788467423,710
2019,50,felten_aioe,0.838007,14311520100.0,0.8312624449364193,0.380949516925288,515
2019,51,felten_aioe,0.838007,212901713900.0,0.7905337827864725,0.4617736757959287,686
2019,53,felten_aioe,0.838007,202303672200.0,0.7872252108395694,0.3998875427980796,755
2019,54,felten_aioe,0.838007,29642622400.0,0.8333285865360596,0.32416150075147665,642
2019,55,felten_aioe,0.838007,138606513800.0,0.826102955715183,0.37574062368598743,727
2019,56,felten_aioe,0.838007,13338848900.0,0.8584235076610397,0.2813068255631786,542
2019,66,felten_aioe,0.838007,1980474300.0,0.8829742458909667,0.39155448451888536,262
2019,72,felten_aioe,0.838007,25007627400.0,0.8692329072510422,0.4073985874125007,566
2019,78,felten_aioe,0.838007,1205957700.0,0.9015506052454113,0.3635691665709589,176
2020,01,felten_aioe,0.838007,88099014400.0,0.8589745349179979,0.3616048255969719,731
2020,02,felten_aioe,0.838007,17493410600.0,0.8420605110961257,0.3778134323494751,510
2020,04,felten_aioe,0.838007,149355644700.0,0.8180889391714554,0.4173073008198844,709
2020,05,felten_aioe,0.838007,51668069700.0,0.8395502727332473,0.3478580525958392,660
2020,06,felten_aioe,0.838007,1069148979400.0,0.7983466573898177,0.4458032038473331,801
2020,08,felten_aioe,0.838007,154840284300.0,0.7952035163232947,0.4468127957467784,735
2020,09,felten_aioe,0.838007,97999843100.0,0.8337000359320426,0.47648925992232316,668
2020,10,felten_aioe,0.838007,21334926200.0,0.8086469165438146,0.4503812575796178,479
2020,11,felten_aioe,0.838007,62780116400.0,0.8116134505188412,0.6947485052956345,464
2020,12,felten_aioe,0.838007,413973437500.0,0.8363922366495612,0.4144701275723977,783
2020,13,felten_aioe,0.838007,213269750900.0,0.8078600600351983,0.4148929107297011,736
2020,15,felten_aioe,0.838007,31815021300.0,0.8421454647162441,0.34885913368007476,547
2020,16,felten_aioe,0.838007,32628892800.0,0.8452569829939861,0.36811010192475213,624
2020,17,felten_aioe,0.838007,324057100400.0,0.8349155048603996,0.43300061539664386,763
2020,18,felten_aioe,0.838007,138136085000.0,0.8308318146078505,0.3350213842062081,735
2020,19,felten_aioe,0.838007,71025028500.0,0.8340061419303677,0.37399695834099905,705
2020,20,felten_aioe,0.838007,63483492000.0,0.824080973843043,0.3978931586329441,676
2020,21,felten_aioe,0.838007,79906413800.0,0.8375997641613568,0.34802254422960593,699
2020,22,felten_aioe,0.838007,80010858400.0,0.8635298886282832,0.33631499677681487,711
2020,23,felten_aioe,0.838007,28892979300.0,0.8181096900253069,0.3752068532104458,622
2020,24,felten_aioe,0.838007,155024277900.0,0.7778509260201742,0.46841281516923805,717
2020,25,felten_aioe,0.838007,231881480600.0,0.8152623126891753,0.49024666664155725,734
2020,26,felten_aioe,0.838007,206722114100.0,0.833077986279386,0.39127219504106137,744
2020,27,felten_aioe,0.838007,156573080100.0,0.8032808605603403,0.42952540179189685,737
2020,28,felten_aioe,0.838007,44143616600.0,0.8613149973254164,0.31219605108237297,677
2020,29,felten_aioe,0.838007,132018200100.0,0.8240337050642287,0.39146670478609774,715
2020,30,felten_aioe,0.838007,20936183200.0,0.8340020764227524,0.3472196152757963,614
2020,31,felten_aioe,0.838007,46461168000.0,0.8314135788634839,0.39089558394768403,652
2020,32,felten_aioe,0.838007,61027272900.0,0.8415393273961588,0.3323174689367066,657
2020,33,felten_aioe,0.838007,34326099400.0,0.8148885257256904,0.4208863026699964,628
2020,34,felten_aioe,0.838007,235781270100.0,0.810146477359178,0.45791314012512946,711
2020,35,felten_aioe,0.838007,37918563400.0,0.8215286118231405,0.38763734160133134,635
2020,36,felten_aioe,0.838007,581654689300.0,0.8214111555841922,0.504491161775191,778
2020,37,felten_aioe,0.838007,217297659900.0,0.8227181089300503,0.41672419465874116,745
2020,38,felten_aioe,0.838007,20362307500.0,0.8494175566858563,0.3186657843261369,562
2020,39,felten_aioe,0.838007,261472593200.0,0.8264278737100161,0.398322199376953,776
2020,40,felten_aioe,0.838007,72944748500.0,0.8560570475189206,0.3777202422981146,699
2020,41,felten_aioe,0.838007,101313508400.0,0.8143278270800176,0.3999968295841158,734
2020,42,felten_aioe,0.838007,294978299700.0,0.8279959730395101,0.4196609987565976,768
2020,44,felten_aioe,0.838007,25333905900.0,0.832964737341827,0.4403192083443083,524
2020,45,felten_aioe,0.838007,92197928000.0,0.846154119897072,0.3672434673457046,691
2020,46,felten_aioe,0.838007,18003343300.0,0.8589636988734008,0.3396213582359245,556
2020,47,felten_aioe,0.838007,136663961900.0,0.8457005117547772,0.3889388910113001,745
2020,48,felten_aioe,0.838007,632151069900.0,0.8258785087725709,0.42320339063874435,805
2020,49,felten_aioe,0.838007,74702025300.0,0.8274531988364626,0.41698996365462043,693
2020,50,felten_aioe,0.838007,13928989600.0,0.8237555718071143,0.38917201359914083,527
2020,51,felten_aioe,0.838007,212520812600.0,0.7784459563344152,0.46617078079378144,692
2020,53,felten_aioe,0.838007,205264927400.0,0.7629292491802416,0.4044127994430036,747
2020,54,felten_aioe,0.838007,28933186700.0,0.8231396292080136,0.34031634155673085,632
2020,55,felten_aioe,0.838007,137077186300.0,0.8222681606341306,0.3748758889094145,715
2020,56,felten_aioe,0.838007,13029471400.0,0.8564633041063624,0.2851782492598617,517
2020,66,felten_aioe,0.838007,2040705500.0,0.8715563940539195,0.37831612755861255,258
2020,72,felten_aioe,0.838007,24006162600.0,0.8701548304540401,0.4086054505604973,533
2020,78,felten_aioe,0.838007,1232643000.0,0.8885830057530631,0.3899317494124134,174
2021,01,felten_aioe,0.838007,90502996200.0,0.8433434715391224,0.37209745164995567,665
2021,02,felten_aioe,0.838007,18022563800.0,0.8251944653956503,0.37616036836819744,508
2021,04,felten_aioe,0.838007,156895347100.0,0.8052212760616659,0.4065456142247859,708
2021,05,felten_aioe,0.838007,54334671700.0,0.8299567603718493,0.3581218181184092,646
2021,06,felten_aioe,0.838007,1108510959000.0,0.7946571073096625,0.45708671197019773,776
2021,08,felten_aioe,0.838007,162713555200.0,0.787823138290079,0.45159581735708054,727
2021,09,felten_aioe,0.838007,102086579500.0,0.8225223091150782,0.46751220393222487,653
2021,10,felten_aioe,0.838007,23930521100.0,0.7967338997895871,0.44810689485394234,487
2021,11,felten_aioe,0.838007,63304049000.0,0.8305454553151884,0.6995643800933665,440
2021,12,felten_aioe,0.838007,442262349400.0,0.8252707061660628,0.4298845789061196,767
2021,13,felten_aioe,0.838007,226162568200.0,0.8025018629055345,0.4297268809166807,723
2021,15,felten_aioe,0.838007,31242227100.0,0.8274449070885859,0.3627220991261701,551
2021,16,felten_aioe,0.838007,35344534400.0,0.8264927377286373,0.3616073544568207,600
2021,17,felten_aioe,0.838007,331392526700.0,0.825583591230695,0.4365904155824968,727
2021,18,felten_aioe,0.838007,149323792100.0,0.8095800628947462,0.33867081910667807,732
2021,19,felten_aioe,0.838007,75281568900.0,0.8226213202631594,0.3836650951505736,693
2021,20,felten_aioe,0.838007,65852278300.0,0.8115084485998717,0.3928683652564223,647
2021,21,felten_aioe,0.838007,86457313000.0,0.8255596597132275,0.3501585531178321,694
2021,22,felten_aioe,0.838007,84491641100.0,0.856906008184992,0.3401811489131959,687
2021,23,felten_aioe,0.838007,30667718100.0,0.8218521220853403,0.3813398057029028,608
2021,24,felten_aioe,0.838007,163956094900.0,0.7638970669336185,0.4731215935923647,708
2021,25,felten_aioe,0.838007,244052860300.0,0.7950973672731013,0.4802877716901235,705
2021,26,felten_aioe,0.838007,222720159900.0,0.8047167422135099,0.3929522470017383,739
2021,27,felten_aioe,0.838007,162774648600.0,0.791034581290443,0.43056540313302594,716
2021,28,felten_aioe,0.838007,46245226400.0,0.8504118924585912,0.31131431078725963,655
2021,29,felten_aioe,0.838007,137415844300.0,0.8185052151224166,0.38867041876035513,700
2021,30,felten_aioe,0.838007,22441420200.0,0.835946804293607,0.3645646481883755,602
2021,31,felten_aioe,0.838007,49281858900.0,0.8177451784392816,0.3906828765085064,657
2021,32,felten_aioe,0.838007,63241437700.0,0.8568037139990573,0.3479448773625479,628
2021,33,felten_aioe,0.838007,36771631000.0,0.7969234489490009,0.42682365226115393,599
2021,34,felten_aioe,0.838007,250932146700.0,0.8052389136158457,0.4746672356703257,706
2021,35,felten_aioe,0.838007,38108913300.0,0.8184278663228112,0.3799159006493893,611
2021,36,felten_aioe,0.838007,605297378300.0,0.8047073176956464,0.5004851620728089,756
2021,37,felten_aioe,0.838007,232485185300.0,0.8067670512336943,0.415037080281269,726
2021,38,felten_aioe,0.838007,20597533900.0,0.8390605246194061,0.3091287146889478,542
2021,39,felten_aioe,0.838007,275588711400.0,0.8054264848962895,0.39859545060042545,757
2021,40,felten_aioe,0.838007,74420435700.0,0.8340806166497625,0.3833185939630742,690
2021,41,felten_aioe,0.838007,106611502400.0,0.7933582774460554,0.40823146178823444,715
2021,42,felten_aioe,0.838007,307937285400.0,0.8111495727954482,0.41735922369237827,758
2021,44,felten_aioe,0.838007,26734250600.0,0.8095587276345797,0.4581498445643668,484
2021,45,felten_aioe,0.838007,96536728900.0,0.8424628566423282,0.364527214755589,666
2021,46,felten_aioe,0.838007,18976706700.0,0.8511962246852874,0.34809080828211103,539
2021,47,felten_aioe,0.838007,146100206200.0,0.8273304326109843,0.3934699687987274,733
2021,48,felten_aioe,0.838007,652982967800.0,0.8090118098789406,0.41589850650813565,769
2021,49,felten_aioe,0.838007,81440716300.0,0.80860980344791,0.42280317059367495,681
2021,50,felten_aioe,0.838007,15240769200.0,0.8150163641346921,0.40005039497599815,525
2021,51,felten_aioe,0.838007,227060708900.0,0.7604198028644488,0.46953301758693866,717
2021,53,felten_aioe,0.838007,214766859300.0,0.764232158234108,0.42953562015601465,726
2021,54,felten_aioe,0.838007,30041595700.0,0.8320829309343245,0.3433342045010903,611
2021,55,felten_aioe,0.838007,144633638000.0,0.80832604860565,0.3822193420441892,704
2021,56,felten_aioe,0.838007,13184063200.0,0.8485026603938003,0.29233314448130954,493
2021,66,felten_aioe,0.838007,1823538400.0,0.8760866785146942,0.4080336123870532,204
2021,72,felten_aioe,0.838007,25296721500.0,0.8729354157612875,0.4067669833104811,536
2021,78,felten_aioe,0.838007,1220152400.0,0.9003155671373511,0.35755226430562803,162
2022,01,felten_aioe,0.838007,99728616000.0,0.8367868085124134,0.36333660737918855,685
2022,02,felten_aioe,0.838007,19014277900.0,0.8295432560181526,0.3691322084608759,514
2022,04,felten_aioe,0.838007,175251270900.0,0.7972025109005928,0.3993612547498599,699
2022,05,felten_aioe,0.838007,58490382000.0,0.8314253119427396,0.35792050838438677,643
2022,06,felten_aioe,0.838007,1257630062100.0,0.7833227037011363,0.45775196682241936,772
2022,08,felten_aioe,0.838007,185493770600.0,0.7730699032973348,0.4536248080820821,722
2022,09,felten_aioe,0.838007,109625558200.0,0.817158012883897,0.4606224593492163,644
2022,10,felten_aioe,0.838007,26102246800.0,0.8026355263792847,0.4439001686186355,500
2022,11,felten_aioe,0.838007,68847390500.0,0.831438251824519,0.6844294436249075,462
2022,12,felten_aioe,0.838007,508045636100.0,0.8181157924918943,0.42758911138341493,756
2022,13,felten_aioe,0.838007,260150300400.0,0.8099959660857651,0.4447269063401656,730
2022,15,felten_aioe,0.838007,34726441800.0,0.828094864012241,0.3638518969369879,528
2022,16,felten_aioe,0.838007,39789313600.0,0.8107966733057692,0.3621038620415841,636
2022,17,felten_aioe,0.838007,367921305200.0,0.8181476610504261,0.4261876047312947,727
2022,18,felten_aioe,0.838007,162774645600.0,0.8078834121571572,0.33344353822378264,742
2022,19,felten_aioe,0.838007,80516238700.0,0.822789352429102,0.3767013389234191,698
2022,20,felten_aioe,0.838007,72176031700.0,0.8051351193917191,0.3916849726807491,653
2022,21,felten_aioe,0.838007,95095442700.0,0.8168920254682194,0.3447217535751019,701
2022,22,felten_aioe,0.838007,92133904700.0,0.8574434216940335,0.335416099298363,687
2022,23,felten_aioe,0.838007,33408352300.0,0.818422876844483,0.373455296680696,617
2022,24,felten_aioe,0.838007,179707226100.0,0.7626854833524137,0.4805251313539533,703
2022,25,felten_aioe,0.838007,260249262800.0,0.8001629778295763,0.4730060080519338,687
2022,26,felten_aioe,0.838007,243809314300.0,0.8022652008254305,0.3965467201555957,757
2022,27,felten_aioe,0.838007,178188906100.0,0.7864945358683023,0.42967100673396613,721
2022,28,felten_aioe,0.838007,49627604800.0,0.8554477648294644,0.313129993313488,659
2022,29,felten_aioe,0.838007,151835735700.0,0.8135263482640075,0.39361343269416305,715
2022,30,felten_aioe,0.838007,24464076400.0,0.8387794848449704,0.35829462948314716,593
2022,31,felten_aioe,0.838007,52861811500.0,0.8152848431991401,0.3930864008730989,663
2022,32,felten_aioe,0.838007,75161740200.0,0.8462923534066871,0.33755679363011465,629
2022,33,felten_aioe,0.838007,39941136900.0,0.8000269516614585,0.4208669866726486,601
2022,34,felten_aioe,0.838007,282741347200.0,0.808854878371323,0.47721077790018834,702
2022,35,felten_aioe,0.838007,42272734800.0,0.8178052085714597,0.3879987004200506,620
2022,36,felten_aioe,0.838007,673148758800.0,0.7995145381526327,0.49774852356235944,766
2022,37,felten_aioe,0.838007,258360500700.0,0.8058723219528116,0.4175329374919346,730
2022,38,felten_aioe,0.838007,21838133800.0,0.8378441293367294,0.3041155837965189,529
2022,39,felten_aioe,0.838007,302556114500.0,0.8061128320049206,0.3888849863113874,762
2022,40,felten_aioe,0.838007,79892092600.0,0.8320540373478714,0.37277574949742187,691
2022,41,felten_aioe,0.838007,117465106000.0,0.786169468063137,0.40495938427876904,717
2022,42,felten_aioe,0.838007,329059738800.0,0.8170189345570587,0.41125865954434426,753
2022,44,felten_aioe,0.838007,28138023400.0,0.8235572972051761,0.42175963953648415,491
2022,45,felten_aioe,0.838007,108311154600.0,0.8188291079301263,0.3757326264386447,701
2022,46,felten_aioe,0.838007,20998484200.0,0.8375449547924988,0.35236343393306296,554
2022,47,felten_aioe,0.838007,162562416700.0,0.8230010288718844,0.39190294503369777,730
2022,48,felten_aioe,0.838007,732071332200.0,0.8098420837192838,0.41730583384389647,780
2022,49,felten_aioe,0.838007,91115814100.0,0.8053555074365516,0.4172827971927254,697
2022,50,felten_aioe,0.838007,16153141200.0,0.8133322019125295,0.39717896734538377,511
2022,51,felten_aioe,0.838007,247881692700.0,0.7578340229722015,0.4671019096571016,724
2022,53,felten_aioe,0.838007,242748556600.0,0.7579062799667333,0.4345340263232185,743
2022,54,felten_aioe,0.838007,32685615700.0,0.8272643369541911,0.3510872676349787,609
2022,55,felten_aioe,0.838007,154431841600.0,0.8051166696700196,0.3782570292591063,733
2022,56,felten_aioe,0.838007,13957948500.0,0.8558736550718754,0.2875593228477137,495
2022,66,felten_aioe,0.838007,1755815400.0,0.8665808489890224,0.40940754070175533,185
2022,72,felten_aioe,0.838007,28541588000.0,0.8672295458823104,0.4085492490813429,539
2022,78,felten_aioe,0.838007,1172846900.0,0.9022756508117129,0.36726993118328016,160
2023,01,felten_aioe,0.838007,107127317400.0,0.8322639226285713,0.3675116185105098,689
2023,02,felten_aioe,0.838007,20429052800.0,0.8324593052106655,0.3736146436222539,528
2023,04,felten_aioe,0.838007,193076918600.0,0.8014095979051946,0.40535870365048093,693
2023,05,felten_aioe,0.838007,63318142100.0,0.8332356675386405,0.35024548562527447,648
2023,06,felten_aioe,0.838007,1365106231400.0,0.7772523454177238,0.45842818056910023,787
2023,08,felten_aioe,0.838007,199975399500.0,0.7679151634848965,0.4541054661161861,705
2023,09,felten_aioe,0.838007,119067326700.0,0.8110992182039138,0.45525903592383815,645
2023,10,felten_aioe,0.838007,29480156600.0,0.804054171815356,0.4624885907304991,494
2023,11,felten_aioe,0.838007,71561998800.0,0.8292735277818987,0.6810489567560591,449
2023,12,felten_aioe,0.838007,563707428600.0,0.821810060496336,0.42311324423137225,746
2023,13,felten_aioe,0.838007,284390400900.0,0.8024420535215048,0.4417696552310666,734
2023,15,felten_aioe,0.838007,37609900800.0,0.8224811510271253,0.359772400959874,535
2023,16,felten_aioe,0.838007,43403697400.0,0.8108000218433004,0.3406435777726208,619
2023,17,felten_aioe,0.838007,395275549300.0,0.8144127279567099,0.42221105658499797,727
2023,18,felten_aioe,0.838007,176732869200.0,0.8062367602868069,0.3407376017539668,743
2023,19,felten_aioe,0.838007,86422411100.0,0.8149062460026645,0.37535328525765793,708
2023,20,felten_aioe,0.838007,78179745500.0,0.8023527948169132,0.392169114635034,644
2023,21,felten_aioe,0.838007,103558452300.0,0.8133566766331443,0.3452268300176987,708
2023,22,felten_aioe,0.838007,96773164300.0,0.8528941943463969,0.33878023830931164,671
2023,23,felten_aioe,0.838007,36104802100.0,0.8227185297326418,0.36811452262750205,618
2023,24,felten_aioe,0.838007,193368128500.0,0.7690757662786192,0.47712886050564873,711
2023,25,felten_aioe,0.838007,281603147800.0,0.796594593322227,0.488896191436347,670
2023,26,felten_aioe,0.838007,262622929600.0,0.7996412332306874,0.3971182964863243,772
2023,27,felten_aioe,0.838007,190783210800.0,0.7893564888048314,0.4305889140374009,718
2023,28,felten_aioe,0.838007,52990929500.0,0.8334194345468124,0.31355332886110543,651
2023,29,felten_aioe,0.838007,162425804100.0,0.8138913156841192,0.3858046532834039,711
2023,30,felten_aioe,0.838007,26828816100.0,0.8349268009630884,0.3631278017288639,597
2023,31,felten_aioe,0.838007,57511090400.0,0.8142269338715233,0.3942151074348033,650
2023,32,felten_aioe,0.838007,83678630400.0,0.8471686505997116,0.3248451566714025,639
2023,33,felten_aioe,0.838007,43338541600.0,0.7916076922163897,0.4015187499153419,610
2023,34,felten_aioe,0.838007,307662546000.0,0.7997478997654788,0.4730654239507243,718
2023,35,felten_aioe,0.838007,46397417200.0,0.8125700755601543,0.3884083698363727,609
2023,36,felten_aioe,0.838007,726467742000.0,0.7998592388979056,0.5015886275761748,759
2023,37,felten_aioe,0.838007,283492937100.0,0.8025256672258732,0.4306511221993437,750
2023,38,felten_aioe,0.838007,23887815000.0,0.8367489240853548,0.30679972714770065,529
2023,39,felten_aioe,0.838007,326276368300.0,0.7984736392568214,0.3880674902601873,767
2023,40,felten_aioe,0.838007,86901932700.0,0.8287778356855808,0.36476061570387336,684
2023,41,felten_aioe,0.838007,128083902200.0,0.7815158640599256,0.409378106265488,714
2023,42,felten_aioe,0.838007,356278194000.0,0.8036311602051065,0.402121104625332,753
2023,44,felten_aioe,0.838007,30701796000.0,0.8036056815698991,0.4258580722820787,486
2023,45,felten_aioe,0.838007,119939572000.0,0.8074913165439677,0.38143829079713404,716
2023,46,felten_aioe,0.838007,22831529500.0,0.825629531302316,0.343094806816943,568
2023,47,felten_aioe,0.838007,178017210400.0,0.8203768190269316,0.3915642847310406,726
2023,48,felten_aioe,0.838007,825853817200.0,0.8056270120004477,0.42430054105871157,778
2023,49,felten_aioe,0.838007,100639248800.0,0.806577667936647,0.4259124457251502,703
2023,50,felten_aioe,0.838007,17695846000.0,0.8145889888508298,0.38916717036628073,521
2023,51,felten_aioe,0.838007,263384029700.0,0.750369817885735,0.449629614582095,732
2023,53,felten_aioe,0.838007,266788469600.0,0.7581199303824786,0.42954941097507826,750
2023,54,felten_aioe,0.838007,35302543000.0,0.8184878324487842,0.34295159487352245,631
2023,55,felten_aioe,0.838007,171115813700.0,0.7895381711292999,0.380094297997073,735
2023,56,felten_aioe,0.838007,15099553600.0,0.839437299656329,0.28323152700187615,493
2023,66,felten_aioe,0.838007,2069600900.0,0.8786512897245068,0.3925671620040611,209
2023,72,felten_aioe,0.838007,30773259900.0,0.8617900113988248,0.40221958539504093,537
2023,78,felten_aioe,0.838007,1376417200.0,0.8851678836910786,0.3816861071392428,171
2024,01,felten_aioe,0.838007,113004917200.0,0.8294360831583354,0.36841180072804997,679
2024,02,felten_aioe,0.838007,22493593900.0,0.8322899836828653,0.36144536494787144,510
2024,04,felten_aioe,0.838007,207063167600.0,0.8089292438700237,0.40267284194499414,667
2024,05,felten_aioe,0.838007,67040975100.0,0.8332856856075174,0.3563643450486556,646
2024,06,felten_aioe,0.838007,1428291578900.0,0.7767261286763301,0.45842445676088384,771
2024,08,felten_aioe,0.838007,210618337100.0,0.7765865619874368,0.45030671821513574,695
2024,09,felten_aioe,0.838007,124665230300.0,0.8159406608820904,0.4585233078536783,640
2024,10,felten_aioe,0.838007,30073334600.0,0.8071819544747126,0.4501669704609166,480
2024,11,felten_aioe,0.838007,75028206300.0,0.8239358255856372,0.6764905847952253,440
2024,12,felten_aioe,0.838007,606717113100.0,0.8216931493043789,0.41424709846130586,750
2024,13,felten_aioe,0.838007,299006945200.0,0.8001741572924508,0.43231006604502425,732
2024,15,felten_aioe,0.838007,39623242400.0,0.8284265625874171,0.3463778897552811,510
2024,16,felten_aioe,0.838007,46999924600.0,0.8211495790357076,0.34792694017940623,609
2024,17,felten_aioe,0.838007,408224914100.0,0.8135126542488506,0.4196117123476271,715
2024,18,felten_aioe,0.838007,185984047000.0,0.8038163714116835,0.34681376776430206,738
2024,19,felten_aioe,0.838007,90169742800.0,0.8180474315381988,0.3708284097746318,691
2024,20,felten_aioe,0.838007,82579300400.0,0.8088139918414712,0.3893974079280297,654
2024,21,felten_aioe,0.838007,109762713200.0,0.8143839405383795,0.34169504200097195,697
2024,22,felten_aioe,0.838007,103591472600.0,0.8463001355190698,0.3312875358046648,659
2024,23,felten_aioe,0.838007,39005129600.0,0.8105541533696122,0.36778367800489237,605
2024,24,felten_aioe,0.838007,205286049100.0,0.767695390363475,0.4766453757829799,708
2024,25,felten_aioe,0.838007,295656016400.0,0.8023504195465444,0.4997004583035338,669
2024,26,felten_aioe,0.838007,275955232000.0,0.7987148274108461,0.3945269014915192,755
2024,27,felten_aioe,0.838007,199411376800.0,0.7831763297870175,0.42815466667056656,699
2024,28,felten_aioe,0.838007,56320216400.0,0.8416667287521289,0.32726521184464674,638
2024,29,felten_aioe,0.838007,170845518700.0,0.815728741733745,0.3804553290816253,710
2024,30,felten_aioe,0.838007,28509856500.0,0.8303736253460272,0.3605340561477056,583
2024,31,felten_aioe,0.838007,60359658200.0,0.8164316709136037,0.3834166188161761,644
2024,32,felten_aioe,0.838007,87746031800.0,0.8385009884857266,0.3191924362967932,631
2024,33,felten_aioe,0.838007,43743168400.0,0.791546359499647,0.3768788892505859,598
2024,34,felten_aioe,0.838007,318774786500.0,0.7976422134628267,0.4660964176474456,711
2024,35,felten_aioe,0.838007,49828471700.0,0.8068850965782279,0.39681805816363364,610
2024,36,felten_aioe,0.838007,761612876700.0,0.7955616377251307,0.4984141528117656,751
2024,37,felten_aioe,0.838007,299615851900.0,0.7967007659516963,0.4260560072884891,740
2024,38,felten_aioe,0.838007,25440813900.0,0.8297267761547519,0.30626567450179665,539
2024,39,felten_aioe,0.838007,340125146900.0,0.7983201118023537,0.3877351842939481,758
2024,40,felten_aioe,0.838007,91811404600.0,0.8328747984321765,0.3582484846213253,673
2024,41,felten_aioe,0.838007,134637520500.0,0.7825638463090978,0.4012204398511937,717
2024,42,felten_aioe,0.838007,380182591800.0,0.8097227070353199,0.41518943252891066,760
2024,44,felten_aioe,0.838007,32359118000.0,0.7949513271653449,0.426662416874365,484
2024,45,felten_aioe,0.838007,127891581600.0,0.8135781643973351,0.3870411225843204,700
2024,46,felten_aioe,0.838007,24248800800.0,0.8301179165940445,0.343655095113785,555
2024,47,felten_aioe,0.838007,190168149200.0,0.8175164887180802,0.39452699662732327,716
2024,48,felten_aioe,0.838007,868306838700.0,0.804555335238315,0.41912231865967636,775
2024,49,felten_aioe,0.838007,105885273500.0,0.7955178677420142,0.42169794849270825,686
2024,50,felten_aioe,0.838007,19045809200.0,0.8106214148149715,0.40382033850405075,524
2024,51,felten_aioe,0.838007,285859960700.0,0.7651018745837251,0.46477583813947965,712
2024,53,felten_aioe,0.838007,284866604900.0,0.7534227522925766,0.43423547132606277,743
2024,54,felten_aioe,0.838007,37930381300.0,0.8188179589958406,0.3364509227477165,628
2024,55,felten_aioe,0.838007,179080281600.0,0.8016179269845419,0.38284373228255564,727
2024,56,felten_aioe,0.838007,16189787000.0,0.8410146964873596,0.29036572439024144,498
2024,66,felten_aioe,0.838007,2040905800.0,0.8758758978488865,0.3654542604577965,195
2024,72,felten_aioe,0.838007,32714500400.0,0.8520360744986343,0.3993353826672729,529
2024,78,felten_aioe,0.838007,1410007300.0,0.8930289935378348,0.37375234021830445,166
2025,01,felten_aioe,0.838007,117670278200.0,0.8261747935597216,0.3723514051376724,659
2025,02,felten_aioe,0.838007,23241070200.0,0.824199537076395,0.3595052200570106,496
2025,04,felten_aioe,0.838007,214338985700.0,0.8086932301835559,0.3855430778507622,667
2025,05,felten_aioe,0.838007,70428763800.0,0.8313269329313431,0.36172784301904254,657
2025,06,felten_aioe,0.838007,1450517663300.0,0.776293138435993,0.45579711178007076,775
2025,08,felten_aioe,0.838007,218062145200.0,0.7785012444241515,0.4548900329559353,702
2025,09,felten_aioe,0.838007,125819648300.0,0.8091390834065779,0.45320536798906325,639
2025,10,felten_aioe,0.838007,31253727800.0,0.8140597647362885,0.44409022649563246,472
2025,11,felten_aioe,0.838007,75773912000.0,0.8368544796789692,0.6619982470532423,437
2025,12,felten_aioe,0.838007,624175166400.0,0.8180402734459062,0.41328345583719434,756
2025,13,felten_aioe,0.838007,316252006500.0,0.7965012301036578,0.42601177395930434,718
2025,15,felten_aioe,0.838007,41301909200.0,0.8295950033225098,0.34003140189337994,511
2025,16,felten_aioe,0.838007,50645837100.0,0.8217546867242915,0.36396685470344475,591
2025,17,felten_aioe,0.838007,428849750600.0,0.8116204743340243,0.429553346854746,705
2025,18,felten_aioe,0.838007,193219062700.0,0.7952832611479178,0.3468998232670626,736
2025,19,felten_aioe,0.838007,92409065200.0,0.8129573157937323,0.37517562150752337,687
2025,20,felten_aioe,0.838007,85840275700.0,0.8045262697123421,0.39032653635791026,643
2025,21,felten_aioe,0.838007,115897363300.0,0.8148545636499394,0.3365825459503673,675
2025,22,felten_aioe,0.838007,107246492300.0,0.8435749735005552,0.3334315160289635,654
2025,23,felten_aioe,0.838007,39965060100.0,0.8203162516950651,0.36680019495980604,603
2025,24,felten_aioe,0.838007,208793523000.0,0.7723910736445594,0.45940213113102235,694
2025,25,felten_aioe,0.838007,299984752600.0,0.7990771538299843,0.4994299332467366,656
2025,26,felten_aioe,0.838007,282586082000.0,0.8018901252893269,0.39823513854652,745
2025,27,felten_aioe,0.838007,208038879800.0,0.7805763088905077,0.4226230614112059,693
2025,28,felten_aioe,0.838007,57045526200.0,0.8445677428074982,0.3261149222251567,651
2025,29,felten_aioe,0.838007,179638232400.0,0.8180648425262506,0.37858134837665997,706
2025,30,felten_aioe,0.838007,29737608400.0,0.8264352421830936,0.3590996806195599,580
2025,31,felten_aioe,0.838007,62767904700.0,0.8147959955719216,0.38297959401214604,639
2025,32,felten_aioe,0.838007,94258306100.0,0.8352794385724698,0.33591071612853857,637
2025,33,felten_aioe,0.838007,47577131800.0,0.7940351692238833,0.39315889842403934,607
2025,34,felten_aioe,0.838007,329278933700.0,0.7951609356174248,0.46923265192806873,700
2025,35,felten_aioe,0.838007,53119854800.0,0.8139604722714716,0.40405381008706337,611
2025,36,felten_aioe,0.838007,793559444400.0,0.7835032703442928,0.5020884952827811,757
2025,37,felten_aioe,0.838007,313869528100.0,0.7963210303115755,0.43590312223642175,719
2025,38,felten_aioe,0.838007,26804390300.0,0.8269941547597894,0.31087105898202416,538
2025,39,felten_aioe,0.838007,355344248700.0,0.7972978533815791,0.38442173142978,754
2025,40,felten_aioe,0.838007,96583451000.0,0.8279346531115357,0.35574460112980233,690
2025,41,felten_aioe,0.838007,138062503700.0,0.7793050836872517,0.3989623953592959,703
2025,42,felten_aioe,0.838007,396199127700.0,0.7985280819183389,0.41253599981221084,751
2025,44,felten_aioe,0.838007,33204329800.0,0.8042103924651417,0.4269160457897678,498
2025,45,felten_aioe,0.838007,134625749700.0,0.8110140559536657,0.3979164710801902,693
2025,46,felten_aioe,0.838007,25483800600.0,0.8291060753316364,0.33827540745277224,552
2025,47,felten_aioe,0.838007,197264328600.0,0.8161296730259421,0.394260846502952,711
2025,48,felten_aioe,0.838007,921692111100.0,0.7989707912560217,0.4318285019565508,776
2025,49,felten_aioe,0.838007,110808362600.0,0.7915726055498992,0.41986126885608954,663
2025,50,felten_aioe,0.838007,19713398100.0,0.7970612636286182,0.3950279345750652,506
2025,51,felten_aioe,0.838007,296400903700.0,0.7580655939140445,0.4610353636564551,709
2025,53,felten_aioe,0.838007,291285418000.0,0.7396534903096317,0.4220101201346291,736
2025,54,felten_aioe,0.838007,38878607000.0,0.8172891482454605,0.3284865683164203,608
2025,55,felten_aioe,0.838007,184404281900.0,0.7959718954877479,0.3791003308285391,713
2025,56,felten_aioe,0.838007,16435861000.0,0.8353074718750664,0.2889837586466164,492
2025,66,felten_aioe,0.838007,2508192300.0,0.8554025143925368,0.4000928914936001,208
2025,72,felten_aioe,0.838007,34714709500.0,0.8373492971329632,0.39001526182907686,524
2025,78,felten_aioe,0.838007,1374021100.0,0.904627010458573,0.35797126027955795,160
2019,01,anthropic_observed,0.1378,86288055800.0,0.9394094528499597,0.371050536511401,721
2019,02,anthropic_observed,0.1378,17907221900.0,0.9266006404382433,0.3232013889228805,528
2019,04,anthropic_observed,0.1378,143315055400.0,0.9353470912382218,0.4159748503989669,716
2019,05,anthropic_observed,0.1378,50658935100.0,0.9353758465605316,0.3544266458695731,664
2019,06,anthropic_observed,0.1378,1051138444700.0,0.9163112521186866,0.41909833968404203,807
2019,08,anthropic_observed,0.1378,152325200100.0,0.9263147956694199,0.448753360154462,728
2019,09,anthropic_observed,0.1378,100690044800.0,0.9344510225252068,0.43701410971325416,665
2019,10,anthropic_observed,0.1378,21878550900.0,0.9421168462214713,0.42499065939350494,490
2019,11,anthropic_observed,0.1378,60445311900.0,0.9285490965524835,0.6214831386720653,488
2019,12,anthropic_observed,0.1378,412431613400.0,0.9390093756585484,0.4185105657209033,781
2019,13,anthropic_observed,0.1378,210322270500.0,0.9290301989087828,0.4453387546837959,726
2019,15,anthropic_observed,0.1378,33281108500.0,0.9332111343790618,0.3291367150536763,559
2019,16,anthropic_observed,0.1378,31545973400.0,0.9350919648357763,0.36701180664942,622
2019,17,anthropic_observed,0.1378,329713047800.0,0.9384378847391134,0.4180267518775759,763
2019,18,anthropic_observed,0.1378,140606401800.0,0.9219380005009506,0.35043750241264143,745
2019,19,anthropic_observed,0.1378,72594127100.0,0.933906618799397,0.37097205753981627,712
2019,20,anthropic_observed,0.1378,63801295400.0,0.9218230052160002,0.37170892187167953,681
2019,21,anthropic_observed,0.1378,81941549500.0,0.9232456733936723,0.34189630772869384,712
2019,22,anthropic_observed,0.1378,82760175800.0,0.9246750015194427,0.3243924967546525,726
2019,23,anthropic_observed,0.1378,29071787900.0,0.9271626873982535,0.3541853842305898,631
2019,24,anthropic_observed,0.1378,158676587000.0,0.9273940636282758,0.44475942130831386,737
2019,25,anthropic_observed,0.1378,234695965800.0,0.936088243899595,0.4435998619882198,743
2019,26,anthropic_observed,0.1378,217451752800.0,0.926687264498194,0.35985479593612085,745
2019,27,anthropic_observed,0.1378,158437975100.0,0.9228754494609265,0.40302280688167247,733
2019,28,anthropic_observed,0.1378,44430761800.0,0.9329743411349337,0.32392010647599434,673
2019,29,anthropic_observed,0.1378,132133834700.0,0.9355441510019215,0.3999583778011147,727
2019,30,anthropic_observed,0.1378,20494600700.0,0.9375476776629428,0.3324273914457544,608
2019,31,anthropic_observed,0.1378,46451961700.0,0.9461559031078048,0.37964118466308977,663
2019,32,anthropic_observed,0.1378,63853742600.0,0.9337398156814428,0.33421535662909585,644
2019,33,anthropic_observed,0.1378,34986243900.0,0.9396729200792426,0.4322468039042502,641
2019,34,anthropic_observed,0.1378,239672613600.0,0.9273238139545328,0.43117654757662865,728
2019,35,anthropic_observed,0.1378,37303165700.0,0.9227046100008793,0.36423178926784217,636
2019,36,anthropic_observed,0.1378,601059853400.0,0.9296577526024125,0.47413423150919004,777
2019,37,anthropic_observed,0.1378,215833349800.0,0.931862671512261,0.4167319504721636,759
2019,38,anthropic_observed,0.1378,20601530100.0,0.9345500390105792,0.3262288674115967,565
2019,39,anthropic_observed,0.1378,267764542200.0,0.9327298331387054,0.3836186935700708,780
2019,40,anthropic_observed,0.1378,72058674300.0,0.9444289134730022,0.35645992435885787,711
2019,41,anthropic_observed,0.1378,100984543600.0,0.9200469726498749,0.38094589521458033,729
2019,42,anthropic_observed,0.1378,301395693400.0,0.9337952576966159,0.40217185174879994,786
2019,44,anthropic_observed,0.1378,25918976800.0,0.9384308185698778,0.41471765290958656,509
2019,45,anthropic_observed,0.1378,92523030300.0,0.9372889992354398,0.3613669678556907,701
2019,46,anthropic_observed,0.1378,17849673500.0,0.95143020387908,0.3478770565977048,572
2019,47,anthropic_observed,0.1378,135713494400.0,0.9293963200205827,0.36887718585524926,762
2019,48,anthropic_observed,0.1378,623837321900.0,0.9363368522325883,0.42061136839127544,800
2019,49,anthropic_observed,0.1378,72908521800.0,0.9354309108636479,0.44791989764795237,710
2019,50,anthropic_observed,0.1378,14311520100.0,0.9220761559400645,0.3578520662194183,515
2019,51,anthropic_observed,0.1378,212901713900.0,0.9341029213477131,0.47411965297886516,686
2019,53,anthropic_observed,0.1378,202303672200.0,0.9345299940882202,0.42575284328314267,755
2019,54,anthropic_observed,0.1378,29642622400.0,0.9370604524753157,0.31750938866417544,642
2019,55,anthropic_observed,0.1378,138606513800.0,0.9277154261325017,0.36703608551312883,727
2019,56,anthropic_observed,0.1378,13338848900.0,0.9393246314614198,0.27671137265288226,542
2019,66,anthropic_observed,0.1378,1980474300.0,0.941607052789888,0.3562033500153638,262
2019,72,anthropic_observed,0.1378,25007627400.0,0.9324207595402473,0.37357170946462903,566
2019,78,anthropic_observed,0.1378,1205957700.0,0.9509765509291253,0.3731639352118525,176
2020,01,anthropic_observed,0.1378,88099014400.0,0.9416398411050668,0.3732103316349945,731
2020,02,anthropic_observed,0.1378,17493410600.0,0.9290596897154497,0.3233448001550485,510
2020,04,anthropic_observed,0.1378,149355644700.0,0.9303296050553101,0.4133601405936219,709
2020,05,anthropic_observed,0.1378,51668069700.0,0.9340402565464673,0.35076057532032784,660
2020,06,anthropic_observed,0.1378,1069148979400.0,0.9126746145354953,0.42196270711480666,801
2020,08,anthropic_observed,0.1378,154840284300.0,0.923078312921223,0.45242722055394397,735
2020,09,anthropic_observed,0.1378,97999843100.0,0.9333099129023136,0.4411510278836398,668
2020,10,anthropic_observed,0.1378,21334926200.0,0.9407024013489492,0.43928404527088194,479
2020,11,anthropic_observed,0.1378,62780116400.0,0.9293421097841206,0.6527131047587255,464
2020,12,anthropic_observed,0.1378,413973437500.0,0.9372616853203231,0.41887039364323314,783
2020,13,anthropic_observed,0.1378,213269750900.0,0.921670622365569,0.44341693560504913,736
2020,15,anthropic_observed,0.1378,31815021300.0,0.936588754491699,0.33558161274509846,547
2020,16,anthropic_observed,0.1378,32628892800.0,0.9291259830783086,0.37409988694758944,624
2020,17,anthropic_observed,0.1378,324057100400.0,0.9366742318850458,0.4249994039211425,763
2020,18,anthropic_observed,0.1378,138136085000.0,0.9247662006529178,0.34347065402322713,735
2020,19,anthropic_observed,0.1378,71025028500.0,0.9325976964289017,0.36860004704008437,705
2020,20,anthropic_observed,0.1378,63483492000.0,0.9239564679431803,0.3796844152061168,676
2020,21,anthropic_observed,0.1378,79906413800.0,0.9278502795860502,0.34467831219506834,699
2020,22,anthropic_observed,0.1378,80010858400.0,0.928466731907452,0.33499977781845364,711
2020,23,anthropic_observed,0.1378,28892979300.0,0.9270364543875186,0.35712990506160963,622
2020,24,anthropic_observed,0.1378,155024277900.0,0.9248311739674524,0.4496381613486797,717
2020,25,anthropic_observed,0.1378,231881480600.0,0.9354671329299753,0.4582290536559162,734
2020,26,anthropic_observed,0.1378,206722114100.0,0.9273661169011499,0.3699417373747793,744
2020,27,anthropic_observed,0.1378,156573080100.0,0.9212424171781639,0.40817041962302697,737
2020,28,anthropic_observed,0.1378,44143616600.0,0.9355927661137866,0.31834989539482395,677
2020,29,anthropic_observed,0.1378,132018200100.0,0.9340649696563695,0.3971553886815128,715
2020,30,anthropic_observed,0.1378,20936183200.0,0.9340254994254455,0.333198908057268,614
2020,31,anthropic_observed,0.1378,46461168000.0,0.9447603302920159,0.3812581848596458,652
2020,32,anthropic_observed,0.1378,61027272900.0,0.9316953416447602,0.33302128963821925,657
2020,33,anthropic_observed,0.1378,34326099400.0,0.9362812624754677,0.4392583391485476,628
2020,34,anthropic_observed,0.1378,235781270100.0,0.9265046707423579,0.43604128637391265,711
2020,35,anthropic_observed,0.1378,37918563400.0,0.9201048123143665,0.3703372044433985,635
2020,36,anthropic_observed,0.1378,581654689300.0,0.9236809638149688,0.4838634344940636,778
2020,37,anthropic_observed,0.1378,217297659900.0,0.9321602950890819,0.4232580473381852,745
2020,38,anthropic_observed,0.1378,20362307500.0,0.935743250678789,0.3268862846256602,562
2020,39,anthropic_observed,0.1378,261472593200.0,0.9321529441394035,0.385249269819441,776
2020,40,anthropic_observed,0.1378,72944748500.0,0.945185463767939,0.3587252206669271,699
2020,41,anthropic_observed,0.1378,101313508400.0,0.9211330018118513,0.38924607071985934,734
2020,42,anthropic_observed,0.1378,294978299700.0,0.9313696645688855,0.4051031702460217,768
2020,44,anthropic_observed,0.1378,25333905900.0,0.9381167330053981,0.41676617234171615,524
2020,45,anthropic_observed,0.1378,92197928000.0,0.9382266370041769,0.3644321990881472,691
2020,46,anthropic_observed,0.1378,18003343300.0,0.9500103238614837,0.34865228398034925,556
2020,47,anthropic_observed,0.1378,136663961900.0,0.9279467242552655,0.3728683220601057,745
2020,48,anthropic_observed,0.1378,632151069900.0,0.934316162099889,0.422779734211937,805
2020,49,anthropic_observed,0.1378,74702025300.0,0.9328947900125585,0.45202117038208794,693
2020,50,anthropic_observed,0.1378,13928989600.0,0.9180850572609764,0.3567196262289871,527
2020,51,anthropic_observed,0.1378,212520812600.0,0.9302088241731059,0.47159573077292427,692
2020,53,anthropic_observed,0.1378,205264927400.0,0.9324271174298903,0.4405378013470777,747
2020,54,anthropic_observed,0.1378,28933186700.0,0.9313813239247584,0.322845309583889,632
2020,55,anthropic_observed,0.1378,137077186300.0,0.9258405705450651,0.3638727651460596,715
2020,56,anthropic_observed,0.1378,13029471400.0,0.9353026000030313,0.2800525747615231,517
2020,66,anthropic_observed,0.1378,2040705500.0,0.9410472257393455,0.3452440565116829,258
2020,72,anthropic_observed,0.1378,24006162600.0,0.9308068945669448,0.3724387859559238,533
2020,78,anthropic_observed,0.1378,1232643000.0,0.9454320837522624,0.30336427280579015,174
2021,01,anthropic_observed,0.1378,90502996200.0,0.9441772227205004,0.3702945445576728,665
2021,02,anthropic_observed,0.1378,18022563800.0,0.9235400126590202,0.31595897273047574,508
2021,04,anthropic_observed,0.1378,156895347100.0,0.9304659201075823,0.4157681145553543,708
2021,05,anthropic_observed,0.1378,54334671700.0,0.9309572914931222,0.3553950739132687,646
2021,06,anthropic_observed,0.1378,1108510959000.0,0.9204571450700471,0.41918836244508617,776
2021,08,anthropic_observed,0.1378,162713555200.0,0.9181000231749592,0.44567487210299944,727
2021,09,anthropic_observed,0.1378,102086579500.0,0.9330001334798371,0.4300729873503572,653
2021,10,anthropic_observed,0.1378,23930521100.0,0.9424971192959104,0.43727014954283605,487
2021,11,anthropic_observed,0.1378,63304049000.0,0.9546736828792737,0.6615862136946548,440
2021,12,anthropic_observed,0.1378,442262349400.0,0.9374476497094283,0.4221709741344503,767
2021,13,anthropic_observed,0.1378,226162568200.0,0.9264504465421082,0.4315389999258826,723
2021,15,anthropic_observed,0.1378,31242227100.0,0.9414311760124169,0.3338153260807975,551
2021,16,anthropic_observed,0.1378,35344534400.0,0.931736506338021,0.3672163128196512,600
2021,17,anthropic_observed,0.1378,331392526700.0,0.9357427126916559,0.42349739374558953,727
2021,18,anthropic_observed,0.1378,149323792100.0,0.9239510319132861,0.3392099775797223,732
2021,19,anthropic_observed,0.1378,75281568900.0,0.9353299237630527,0.36971858481097697,693
2021,20,anthropic_observed,0.1378,65852278300.0,0.9286491094720408,0.36239415016137483,647
2021,21,anthropic_observed,0.1378,86457313000.0,0.9157499539686134,0.34169669190566976,694
2021,22,anthropic_observed,0.1378,84491641100.0,0.9210627795463663,0.33271591450561855,687
2021,23,anthropic_observed,0.1378,30667718100.0,0.930649701648327,0.35712456635087436,608
2021,24,anthropic_observed,0.1378,163956094900.0,0.9215034128017646,0.44550530164253827,708
2021,25,anthropic_observed,0.1378,244052860300.0,0.9245250783893394,0.4645150839551566,705
2021,26,anthropic_observed,0.1378,222720159900.0,0.9196112026498235,0.36849212568250805,739
2021,27,anthropic_observed,0.1378,162774648600.0,0.9162656082060189,0.4158977412747076,716
2021,28,anthropic_observed,0.1378,46245226400.0,0.9386457496075746,0.31951904443389006,655
2021,29,anthropic_observed,0.1378,137415844300.0,0.9277161592929936,0.40648637256087256,700
2021,30,anthropic_observed,0.1378,22441420200.0,0.9379783548636552,0.35203487611982354,602
2021,31,anthropic_observed,0.1378,49281858900.0,0.9446841097140514,0.37383285245149644,657
2021,32,anthropic_observed,0.1378,63241437700.0,0.9404348234796692,0.3479370468431215,628
2021,33,anthropic_observed,0.1378,36771631000.0,0.9226708138129636,0.4331516815052127,599
2021,34,anthropic_observed,0.1378,250932146700.0,0.928741567650248,0.4369934182417534,706
2021,35,anthropic_observed,0.1378,38108913300.0,0.9276339322958338,0.3646977266585189,611
2021,36,anthropic_observed,0.1378,605297378300.0,0.9164887818579868,0.48341656069113464,756
2021,37,anthropic_observed,0.1378,232485185300.0,0.9329434076417256,0.4266554715991576,726
2021,38,anthropic_observed,0.1378,20597533900.0,0.9337035294307733,0.3218197840066484,542
2021,39,anthropic_observed,0.1378,275588711400.0,0.9270712131208143,0.3880117622128218,757
2021,40,anthropic_observed,0.1378,74420435700.0,0.9399109215373755,0.36025495145038705,690
2021,41,anthropic_observed,0.1378,106611502400.0,0.915151063474742,0.40121781594854217,715
2021,42,anthropic_observed,0.1378,307937285400.0,0.928882414899667,0.405698150113339,758
2021,44,anthropic_observed,0.1378,26734250600.0,0.9320700689474348,0.4336471276001101,484
2021,45,anthropic_observed,0.1378,96536728900.0,0.9422579886068627,0.37032797492030345,666
2021,46,anthropic_observed,0.1378,18976706700.0,0.9517292481524204,0.3444158889904453,539
2021,47,anthropic_observed,0.1378,146100206200.0,0.9284915170776809,0.37255725585929494,733
2021,48,anthropic_observed,0.1378,652982967800.0,0.928319349189616,0.42734420404469914,769
2021,49,anthropic_observed,0.1378,81440716300.0,0.928438339386266,0.4449735294012856,681
2021,50,anthropic_observed,0.1378,15240769200.0,0.920444960218937,0.37068746772058275,525
2021,51,anthropic_observed,0.1378,227060708900.0,0.9244521305200594,0.48854597253242005,717
2021,53,anthropic_observed,0.1378,214766859300.0,0.9321387371054227,0.4413268565408709,726
2021,54,anthropic_observed,0.1378,30041595700.0,0.9296014725342968,0.32059212800407194,611
2021,55,anthropic_observed,0.1378,144633638000.0,0.9261630831687993,0.3642967314142808,704
2021,56,anthropic_observed,0.1378,13184063200.0,0.9397064480091388,0.2940573594835713,493
2021,66,anthropic_observed,0.1378,1823538400.0,0.9434101305461953,0.33530973968819966,204
2021,72,anthropic_observed,0.1378,25296721500.0,0.9417727194411339,0.36468106620036694,536
2021,78,anthropic_observed,0.1378,1220152400.0,0.9539394423188448,0.36829730448390674,162
2022,01,anthropic_observed,0.1378,99728616000.0,0.9402502006044082,0.36671654332325526,685
2022,02,anthropic_observed,0.1378,19014277900.0,0.9308215433203487,0.31477613622248096,514
2022,04,anthropic_observed,0.1378,175251270900.0,0.931081795082149,0.4184535578575613,699
2022,05,anthropic_observed,0.1378,58490382000.0,0.9341324647187293,0.3534624669592312,643
2022,06,anthropic_observed,0.1378,1257630062100.0,0.9169967849482754,0.42308527148291303,772
2022,08,anthropic_observed,0.1378,185493770600.0,0.914310097592032,0.45478812169264554,722
2022,09,anthropic_observed,0.1378,109625558200.0,0.9300214573502623,0.43823173194448223,644
2022,10,anthropic_observed,0.1378,26102246800.0,0.9413201471989759,0.44268831556815114,500
2022,11,anthropic_observed,0.1378,68847390500.0,0.9557890113496749,0.6590108343848098,462
2022,12,anthropic_observed,0.1378,508045636100.0,0.9372529061666317,0.42572944625717624,756
2022,13,anthropic_observed,0.1378,260150300400.0,0.9296813566162616,0.44592300135155716,730
2022,15,anthropic_observed,0.1378,34726441800.0,0.9382385413296216,0.3521445810012883,528
2022,16,anthropic_observed,0.1378,39789313600.0,0.9224525476609378,0.3673790318618011,636
2022,17,anthropic_observed,0.1378,367921305200.0,0.9348462748386662,0.4305711164153002,727
2022,18,anthropic_observed,0.1378,162774645600.0,0.9245366048580725,0.3330338162109556,742
2022,19,anthropic_observed,0.1378,80516238700.0,0.936650637407383,0.3667312336468569,698
2022,20,anthropic_observed,0.1378,72176031700.0,0.9271479440452529,0.3708261011708333,653
2022,21,anthropic_observed,0.1378,95095442700.0,0.9141523466507823,0.3379052409224043,701
2022,22,anthropic_observed,0.1378,92133904700.0,0.9251211405566316,0.3329828678523381,687
2022,23,anthropic_observed,0.1378,33408352300.0,0.9311515731352007,0.35738330331374135,617
2022,24,anthropic_observed,0.1378,179707226100.0,0.9205931669544589,0.45684991172398903,703
2022,25,anthropic_observed,0.1378,260249262800.0,0.9259268622220281,0.4620865844752206,687
2022,26,anthropic_observed,0.1378,243809314300.0,0.9198211386791141,0.3718780838668224,757
2022,27,anthropic_observed,0.1378,178188906100.0,0.9130017370929918,0.4143742611938142,721
2022,28,anthropic_observed,0.1378,49627604800.0,0.9403684962849547,0.32235589036972406,659
2022,29,anthropic_observed,0.1378,151835735700.0,0.9288703021709006,0.40707977823802954,715
2022,30,anthropic_observed,0.1378,24464076400.0,0.9382353097948959,0.34080755671608637,593
2022,31,anthropic_observed,0.1378,52861811500.0,0.9471702459534517,0.37826015168826066,663
2022,32,anthropic_observed,0.1378,75161740200.0,0.9384417658813067,0.3529457329957103,629
2022,33,anthropic_observed,0.1378,39941136900.0,0.9311054012586206,0.4482169967732452,601
2022,34,anthropic_observed,0.1378,282741347200.0,0.9256829444717309,0.44400015319977565,702
2022,35,anthropic_observed,0.1378,42272734800.0,0.9279115577826301,0.3748073363723333,620
2022,36,anthropic_observed,0.1378,673148758800.0,0.9152561721993032,0.4858369029674111,766
2022,37,anthropic_observed,0.1378,258360500700.0,0.9336197280407268,0.4294828098591034,730
2022,38,anthropic_observed,0.1378,21838133800.0,0.9306003198863082,0.32386166746601586,529
2022,39,anthropic_observed,0.1378,302556114500.0,0.9272952812857465,0.38939586563535666,762
2022,40,anthropic_observed,0.1378,79892092600.0,0.9419955123318424,0.36928749761884094,691
2022,41,anthropic_observed,0.1378,117465106000.0,0.9133045042329422,0.400135432969662,717
2022,42,anthropic_observed,0.1378,329059738800.0,0.9300555875236111,0.41028701094099135,753
2022,44,anthropic_observed,0.1378,28138023400.0,0.9367022702810035,0.4053042532568563,491
2022,45,anthropic_observed,0.1378,108311154600.0,0.9315748841624849,0.37626856020098,701
2022,46,anthropic_observed,0.1378,20998484200.0,0.9499395199202045,0.3518803306113262,554
2022,47,anthropic_observed,0.1378,162562416700.0,0.9271404913851776,0.3793074268219642,730
2022,48,anthropic_observed,0.1378,732071332200.0,0.9307641915881596,0.43853753472003215,780
2022,49,anthropic_observed,0.1378,91115814100.0,0.9300422965764842,0.44280644771223887,697
2022,50,anthropic_observed,0.1378,16153141200.0,0.9221636903663047,0.3650178701231108,511
2022,51,anthropic_observed,0.1378,247881692700.0,0.9243742787302662,0.49794592313144664,724
2022,53,anthropic_observed,0.1378,242748556600.0,0.9289932111588094,0.44194756501327326,743
2022,54,anthropic_observed,0.1378,32685615700.0,0.9298167542243972,0.3280340732989436,609
2022,55,anthropic_observed,0.1378,154431841600.0,0.9204192084179614,0.3624905903449669,733
2022,56,anthropic_observed,0.1378,13957948500.0,0.9380090276160569,0.30443293370524693,495
2022,66,anthropic_observed,0.1378,1755815400.0,0.9548211617234933,0.3306057889887424,185
2022,72,anthropic_observed,0.1378,28541588000.0,0.9393038502272544,0.3694914438681896,539
2022,78,anthropic_observed,0.1378,1172846900.0,0.9503967653408131,0.401499941821341,160
2023,01,anthropic_observed,0.1378,107127317400.0,0.9404443044515179,0.3649889212140531,689
2023,02,anthropic_observed,0.1378,20429052800.0,0.9328703923071754,0.31286530819093017,528
2023,04,anthropic_observed,0.1378,193076918600.0,0.930065636545745,0.4184505986224953,693
2023,05,anthropic_observed,0.1378,63318142100.0,0.9340373917888535,0.35065782381083954,648
2023,06,anthropic_observed,0.1378,1365106231400.0,0.9155795952364737,0.4180032398625042,787
2023,08,anthropic_observed,0.1378,199975399500.0,0.9106260942861625,0.44711143210925725,705
2023,09,anthropic_observed,0.1378,119067326700.0,0.9287653016568482,0.43391056435687014,645
2023,10,anthropic_observed,0.1378,29480156600.0,0.9441847978514469,0.45119679810489316,494
2023,11,anthropic_observed,0.1378,71561998800.0,0.9586792536599746,0.6692025609047559,449
2023,12,anthropic_observed,0.1378,563707428600.0,0.936366627651002,0.42776946089456036,746
2023,13,anthropic_observed,0.1378,284390400900.0,0.923626204923712,0.4364351816846537,734
2023,15,anthropic_observed,0.1378,37609900800.0,0.9406272137787718,0.3419841054343258,535
2023,16,anthropic_observed,0.1378,43403697400.0,0.9216489630212932,0.38189307366149816,619
2023,17,anthropic_observed,0.1378,395275549300.0,0.9306971401380328,0.42354223620593867,727
2023,18,anthropic_observed,0.1378,176732869200.0,0.9240109931967313,0.331362398882363,743
2023,19,anthropic_observed,0.1378,86422411100.0,0.929339365538715,0.36066890701848114,708
2023,20,anthropic_observed,0.1378,78179745500.0,0.9277255782317685,0.3724071241361304,644
2023,21,anthropic_observed,0.1378,103558452300.0,0.9190645841662506,0.3340866127063288,708
2023,22,anthropic_observed,0.1378,96773164300.0,0.9262747410234264,0.33608075915767643,671
2023,23,anthropic_observed,0.1378,36104802100.0,0.9325031530916492,0.3546510813176032,618
2023,24,anthropic_observed,0.1378,193368128500.0,0.9226813383571637,0.4641151116248325,711
2023,25,anthropic_observed,0.1378,281603147800.0,0.930054972560218,0.4685001786853952,670
2023,26,anthropic_observed,0.1378,262622929600.0,0.920143808722481,0.3675439131796652,772
2023,27,anthropic_observed,0.1378,190783210800.0,0.9113464904533413,0.41288068320365057,718
2023,28,anthropic_observed,0.1378,52990929500.0,0.9367958699422323,0.30843378381046416,651
2023,29,anthropic_observed,0.1378,162425804100.0,0.9241846763928072,0.40446306906102863,711
2023,30,anthropic_observed,0.1378,26828816100.0,0.9418165194400807,0.3475537595004923,597
2023,31,anthropic_observed,0.1378,57511090400.0,0.9430633852144803,0.3759961621195616,650
2023,32,anthropic_observed,0.1378,83678630400.0,0.9430335382257882,0.3409574990962468,639
2023,33,anthropic_observed,0.1378,43338541600.0,0.9250149571253685,0.43400420185197264,610
2023,34,anthropic_observed,0.1378,307662546000.0,0.9238058268555055,0.44382124967321185,718
2023,35,anthropic_observed,0.1378,46397417200.0,0.92542671319213,0.37465880830402126,609
2023,36,anthropic_observed,0.1378,726467742000.0,0.9101534478044312,0.48775006090653417,759
2023,37,anthropic_observed,0.1378,283492937100.0,0.9326665849411738,0.4257741050097052,750
2023,38,anthropic_observed,0.1378,23887815000.0,0.9279510578929048,0.3278714465113184,529
2023,39,anthropic_observed,0.1378,326276368300.0,0.9269366714352999,0.3840390572319803,767
2023,40,anthropic_observed,0.1378,86901932700.0,0.9397576401658095,0.36712727873875417,684
2023,41,anthropic_observed,0.1378,128083902200.0,0.911627430101829,0.39358517165292317,714
2023,42,anthropic_observed,0.1378,356278194000.0,0.9256682487281274,0.40382022640260995,753
2023,44,anthropic_observed,0.1378,30701796000.0,0.9410165255478865,0.42685436278625255,486
2023,45,anthropic_observed,0.1378,119939572000.0,0.9271737237815055,0.3712478582178285,716
2023,46,anthropic_observed,0.1378,22831529500.0,0.9480454430352553,0.33742020766375563,568
2023,47,anthropic_observed,0.1378,178017210400.0,0.9242524047551304,0.3786325572991343,726
2023,48,anthropic_observed,0.1378,825853817200.0,0.9303742122365527,0.4373581778504364,778
2023,49,anthropic_observed,0.1378,100639248800.0,0.9300235029178795,0.4359544302993211,703
2023,50,anthropic_observed,0.1378,17695846000.0,0.9172434931904357,0.3640683826180954,521
2023,51,anthropic_observed,0.1378,263384029700.0,0.9174959900767287,0.47757858122011476,732
2023,53,anthropic_observed,0.1378,266788469600.0,0.9291167353358513,0.4356974337384736,750
2023,54,anthropic_observed,0.1378,35302543000.0,0.9271400080158532,0.3220838700413072,631
2023,55,anthropic_observed,0.1378,171115813700.0,0.9146387146566805,0.3564026988099141,735
2023,56,anthropic_observed,0.1378,15099553600.0,0.9316409724854382,0.3065353656763583,493
2023,66,anthropic_observed,0.1378,2069600900.0,0.948668750578916,0.3247369045919464,209
2023,72,anthropic_observed,0.1378,30773259900.0,0.9338797902265792,0.36644649009567315,537
2023,78,anthropic_observed,0.1378,1376417200.0,0.9466465545475602,0.4277739054595287,171
2024,01,anthropic_observed,0.1378,113004917200.0,0.940253891005019,0.3657261535311128,679
2024,02,anthropic_observed,0.1378,22493593900.0,0.9291921465693395,0.29144644537968245,510
2024,04,anthropic_observed,0.1378,207063167600.0,0.9293284838167423,0.4135521765373062,667
2024,05,anthropic_observed,0.1378,67040975100.0,0.9325866368551671,0.35312707980896335,646
2024,06,anthropic_observed,0.1378,1428291578900.0,0.9095153906182566,0.42200951044010665,771
2024,08,anthropic_observed,0.1378,210618337100.0,0.9137003565298778,0.45070041363210445,695
2024,09,anthropic_observed,0.1378,124665230300.0,0.9298612830621787,0.42744705029411706,640
2024,10,anthropic_observed,0.1378,30073334600.0,0.9435925406156987,0.4379126897891742,480
2024,11,anthropic_observed,0.1378,75028206300.0,0.9556590239316437,0.6617691223202972,440
2024,12,anthropic_observed,0.1378,606717113100.0,0.9371193180870243,0.42926493916552416,750
2024,13,anthropic_observed,0.1378,299006945200.0,0.9214005300636743,0.42588785864102613,732
2024,15,anthropic_observed,0.1378,39623242400.0,0.9436748467611525,0.3321035747170613,510
2024,16,anthropic_observed,0.1378,46999924600.0,0.9278667502372971,0.3772358222049541,609
2024,17,anthropic_observed,0.1378,408224914100.0,0.9287225546629124,0.412716532581176,715
2024,18,anthropic_observed,0.1378,185984047000.0,0.919716724951146,0.32945267995415767,738
2024,19,anthropic_observed,0.1378,90169742800.0,0.9276228067493169,0.3547763793685564,691
2024,20,anthropic_observed,0.1378,82579300400.0,0.9295519691760431,0.3583950774192407,654
2024,21,anthropic_observed,0.1378,109762713200.0,0.9193732685536421,0.3384302067516352,697
2024,22,anthropic_observed,0.1378,103591472600.0,0.9253030128273318,0.32664082213701745,659
2024,23,anthropic_observed,0.1378,39005129600.0,0.9322356283107953,0.34276615336987437,605
2024,24,anthropic_observed,0.1378,205286049100.0,0.9223706536812102,0.4579389167470342,708
2024,25,anthropic_observed,0.1378,295656016400.0,0.9322227548622278,0.45432111918042134,669
2024,26,anthropic_observed,0.1378,275955232000.0,0.9172474994059906,0.3596944039575434,755
2024,27,anthropic_observed,0.1378,199411376800.0,0.9045047945328664,0.407010088872125,699
2024,28,anthropic_observed,0.1378,56320216400.0,0.9391638967495161,0.30966854014559886,638
2024,29,anthropic_observed,0.1378,170845518700.0,0.9223465490874476,0.3969142878459724,710
2024,30,anthropic_observed,0.1378,28509856500.0,0.9329911358901438,0.3434745217262704,583
2024,31,anthropic_observed,0.1378,60359658200.0,0.9436670981678952,0.3641911403825918,644
2024,32,anthropic_observed,0.1378,87746031800.0,0.9378531087032018,0.3328953720396013,631
2024,33,anthropic_observed,0.1378,43743168400.0,0.9259381517503428,0.41489212214010757,598
2024,34,anthropic_observed,0.1378,318774786500.0,0.9245430036543998,0.4316488418005788,711
2024,35,anthropic_observed,0.1378,49828471700.0,0.9190159950259923,0.36181975420457146,610
2024,36,anthropic_observed,0.1378,761612876700.0,0.9104646273898799,0.47782208838771884,751
2024,37,anthropic_observed,0.1378,299615851900.0,0.9287963905624047,0.40771054053390504,740
2024,38,anthropic_observed,0.1378,25440813900.0,0.9238760360571641,0.3184546582976341,539
2024,39,anthropic_observed,0.1378,340125146900.0,0.9241370694428945,0.3716936089761114,758
2024,40,anthropic_observed,0.1378,91811404600.0,0.9416049038421965,0.3622653970635128,673
2024,41,anthropic_observed,0.1378,134637520500.0,0.9129605948142814,0.3835817146947445,717
2024,42,anthropic_observed,0.1378,380182591800.0,0.9249375120915255,0.3979475805103732,760
2024,44,anthropic_observed,0.1378,32359118000.0,0.930057827904951,0.4186964010421237,484
2024,45,anthropic_observed,0.1378,127891581600.0,0.9225018826415077,0.3686474676050965,700
2024,46,anthropic_observed,0.1378,24248800800.0,0.9485322837078195,0.3343035631536933,555
2024,47,anthropic_observed,0.1378,190168149200.0,0.9211945798334561,0.3775674094691682,716
2024,48,anthropic_observed,0.1378,868306838700.0,0.9320934712569137,0.43429945276088644,775
2024,49,anthropic_observed,0.1378,105885273500.0,0.9278521682243187,0.4292105800515365,686
2024,50,anthropic_observed,0.1378,19045809200.0,0.9147362402433392,0.3568950740648322,524
2024,51,anthropic_observed,0.1378,285859960700.0,0.9183409367900329,0.4793802766013954,712
2024,53,anthropic_observed,0.1378,284866604900.0,0.9212873544518451,0.4363321537201623,743
2024,54,anthropic_observed,0.1378,37930381300.0,0.929407485286735,0.31802245396230494,628
2024,55,anthropic_observed,0.1378,179080281600.0,0.9139650649287342,0.3534301012645441,727
2024,56,anthropic_observed,0.1378,16189787000.0,0.9341162672492233,0.30283167188641485,498
2024,66,anthropic_observed,0.1378,2040905800.0,0.9469998076344337,0.31321326942811784,195
2024,72,anthropic_observed,0.1378,32714500400.0,0.9302798920322195,0.3738878027607994,529
2024,78,anthropic_observed,0.1378,1410007300.0,0.952574713620277,0.415505101377201,166
2025,01,anthropic_observed,0.1378,117670278200.0,0.9367888568483048,0.3669191399485508,659
2025,02,anthropic_observed,0.1378,23241070200.0,0.9271127712526767,0.2928919367452491,496
2025,04,anthropic_observed,0.1378,214338985700.0,0.9317500847910376,0.4055832457303452,667
2025,05,anthropic_observed,0.1378,70428763800.0,0.9365246760159661,0.35487164315661185,657
2025,06,anthropic_observed,0.1378,1450517663300.0,0.906538252356351,0.4136031612112994,775
2025,08,anthropic_observed,0.1378,218062145200.0,0.9163005207379754,0.4398363280457976,702
2025,09,anthropic_observed,0.1378,125819648300.0,0.9250285012917175,0.4074609063331376,639
2025,10,anthropic_observed,0.1378,31253727800.0,0.9386297752295648,0.42360630167097374,472
2025,11,anthropic_observed,0.1378,75773912000.0,0.9562158147516523,0.6519383355020224,437
2025,12,anthropic_observed,0.1378,624175166400.0,0.9324470357524945,0.4265551187888744,756
2025,13,anthropic_observed,0.1378,316252006500.0,0.9213930935170209,0.4227230584196546,718
2025,15,anthropic_observed,0.1378,41301909200.0,0.9397037147135078,0.33041693572848757,511
2025,16,anthropic_observed,0.1378,50645837100.0,0.9276253980606038,0.3499157907773419,591
2025,17,anthropic_observed,0.1378,428849750600.0,0.9258081995955811,0.40725779089048164,705
2025,18,anthropic_observed,0.1378,193219062700.0,0.9183282825230267,0.32373526257233987,736
2025,19,anthropic_observed,0.1378,92409065200.0,0.9236700102448391,0.35544924846080944,687
2025,20,anthropic_observed,0.1378,85840275700.0,0.9253222692060855,0.3511786724263637,643
2025,21,anthropic_observed,0.1378,115897363300.0,0.9184681037519341,0.3277749471581351,675
2025,22,anthropic_observed,0.1378,107246492300.0,0.9262957917738817,0.32344005302612544,654
2025,23,anthropic_observed,0.1378,39965060100.0,0.9331716155732742,0.34008254090642265,603
2025,24,anthropic_observed,0.1378,208793523000.0,0.9216796734638172,0.4619448739499561,694
2025,25,anthropic_observed,0.1378,299984752600.0,0.9285156804999561,0.44959955698974,656
2025,26,anthropic_observed,0.1378,282586082000.0,0.9169648033125708,0.3592224026068056,745
2025,27,anthropic_observed,0.1378,208038879800.0,0.9050441709790441,0.39710719225345387,693
2025,28,anthropic_observed,0.1378,57045526200.0,0.9318329383733513,0.30766997337502766,651
2025,29,anthropic_observed,0.1378,179638232400.0,0.9238346519156687,0.3914824727251133,706
2025,30,anthropic_observed,0.1378,29737608400.0,0.9313936859831674,0.33963922135175567,580
2025,31,anthropic_observed,0.1378,62767904700.0,0.9402902165061438,0.360134284678565,639
2025,32,anthropic_observed,0.1378,94258306100.0,0.9373672862979658,0.3430233610584079,637
2025,33,anthropic_observed,0.1378,47577131800.0,0.9289739676993307,0.4335324975462814,607
2025,34,anthropic_observed,0.1378,329278933700.0,0.9200709841827334,0.41783239963018143,700
2025,35,anthropic_observed,0.1378,53119854800.0,0.9230526699406565,0.3684193050232202,611
2025,36,anthropic_observed,0.1378,793559444400.0,0.9063565270070145,0.47422150743594504,757
2025,37,anthropic_observed,0.1378,313869528100.0,0.9290210555485905,0.41288288192359285,719
2025,38,anthropic_observed,0.1378,26804390300.0,0.9238273701752507,0.31105966073215147,538
2025,39,anthropic_observed,0.1378,355344248700.0,0.9246417019609413,0.37230868991607863,754
2025,40,anthropic_observed,0.1378,96583451000.0,0.9393482295429679,0.36176267839918075,690
2025,41,anthropic_observed,0.1378,138062503700.0,0.9071548649599058,0.3699007928853517,703
2025,42,anthropic_observed,0.1378,396199127700.0,0.9200375377302983,0.39370672855633926,751
2025,44,anthropic_observed,0.1378,33204329800.0,0.9373666051226849,0.40421216060789206,498
2025,45,anthropic_observed,0.1378,134625749700.0,0.9233293472979635,0.37283123065442925,693
2025,46,anthropic_observed,0.1378,25483800600.0,0.9475713916863719,0.32996238021705765,552
2025,47,anthropic_observed,0.1378,197264328600.0,0.9212718806779747,0.37479661643427925,711
2025,48,anthropic_observed,0.1378,921692111100.0,0.9265839720389465,0.43221549293851214,776
2025,49,anthropic_observed,0.1378,110808362600.0,0.9221164630764068,0.41580659863433084,663
2025,50,anthropic_observed,0.1378,19713398100.0,0.9130329336777305,0.3670756718420354,506
2025,51,anthropic_observed,0.1378,296400903700.0,0.9206064873411518,0.482469613978457,709
2025,53,anthropic_observed,0.1378,291285418000.0,0.9210939838395893,0.43237276899102706,736
2025,54,anthropic_observed,0.1378,38878607000.0,0.9284437222763665,0.31198618531331646,608
2025,55,anthropic_observed,0.1378,184404281900.0,0.9165947870541286,0.35039836043168865,713
2025,56,anthropic_observed,0.1378,16435861000.0,0.9330908858379856,0.31721623965896895,492
2025,66,anthropic_observed,0.1378,2508192300.0,0.9338507258793515,0.34381135588904677,208
2025,72,anthropic_observed,0.1378,34714709500.0,0.925504267866623,0.3614044040334167,524
2025,78,anthropic_observed,0.1378,1374021100.0,0.9523549529188453,0.40231345121086926,160
